1675384,6,8,13,--1-1--------,1,3846
1675348,6,8,13,--1-1--------,1,5732
1674655,7,13,5,------1------,1,77
1674541,6,13,11,--1----------,1,37
1674513,6,5,13,--1----------,1,39
1674513,7,6,13,------1------,0,43
1674337,2,7,13,11111--------,1,6629432327
1674268,8,4,13,11111--------,1,6241400629
1674206,9,8,13,1111---------,1,68415516
1674167,3,13,2,-111---------,1,696085
1674120,7,7,13,-1-1----1----,1,482547
1674078,3,10,13,-1-1----1----,1,454949
1673331,6,8,13,11------1----,1,483621
1673274,6,13,7,11------1----,1,505770
1673237,9,9,13,11------1----,1,483338
1673197,5,13,8,11-1---------,1,784248
1673140,9,15,15,11-1---------,1,783038
1673098,6,13,6,11-1---------,1,595439
1673089,5,13,6,--------1----,1,72
1673048,6,9,13,11-1---------,1,473330
1672778,8,7,13,-----1-------,1,28
1672739,6,13,11,-----1-------,1,60
1672422,8,13,9,---------1---,1,38
1671673,8,13,0,--1-1--------,1,7383
1671090,8,15,15,---------1---,1,31
1670189,6,13,9,-----1-------,1,32
1670105,7,16,14,-----1-------,1,33
1670060,5,13,8,-----1-------,1,49
1668777,8,13,7,--1-1--------,1,4548
1668735,6,13,7,1-1-11-------,1,44333467
1668455,8,7,13,--------1----,0,32
1668351,5,13,4,--------1----,1,82
1667275,8,13,8,1111---------,1,64354658
1667254,6,10,13,-----1-------,1,29
1667239,7,13,8,--------1----,0,52
1667236,8,9,13,1111---------,1,39563529
1667209,5,8,13,-----1-------,1,37
1667191,5,8,13,11-1---------,1,384737
1667184,2,13,2,-----1-------,1,92
1667150,6,4,13,-----1-------,1,03
1667121,7,3,13,-----1-------,1,33
1667028,6,6,13,-----1-------,1,14
1666999,6,13,7,--------1----,0,79
1666981,8,13,4,-----1-------,1,37
1666936,9,7,13,-----1-------,1,52
1666904,7,13,3,-----1-------,1,55
1665801,2,4,13,11111--------,1,4021353926
1665771,3,2,13,11111--------,1,5630403109
1665395,6,16,13,-----1-------,1,36
1664206,8,13,3,1------------,1,55
1664179,8,13,4,1------------,1,33
1663921,7,16,14,-----1-------,1,36
1663245,2,13,7,111-1--------,1,70714145
1663204,3,6,13,--1-1--------,1,6038
1663175,8,13,3,--1-1--------,1,7763
1663144,6,13,4,--1----------,1,92
1663091,8,13,1,-----1-------,1,89
1662890,8,13,9,11-----------,1,5042
1662852,3,9,13,111----------,1,354847
1662840,6,8,13,-----1-------,1,31
1662593,8,13,7,-----1-------,1,60
1662568,5,13,3,-----1-------,1,52
1662253,8,8,13,--------1----,0,44
1662191,3,13,8,--------1----,0,59
1661602,7,14,16,--1-1--------,1,5142
1661539,6,7,13,--------1----,0,42
1661453,6,6,13,--------1----,0,33
1661365,6,13,1,--------1----,0,71
1660210,7,12,16,--------1----,0,44
1660206,8,13,7,--1-1--------,1,3453
1660164,5,11,13,--------1----,0,37
1660157,7,11,13,--1-1--------,1,5329
1660124,8,8,13,-----1-------,1,30
1660122,7,7,13,--------1----,0,47
1660079,6,13,10,-----1-------,1,43
1660040,2,10,13,-----1-------,1,46
1660015,6,2,13,-----1-------,1,21
1659995,7,11,13,--------1----,0,34
1659950,9,16,12,-----1-------,1,46
1659885,8,13,11,--------1----,0,40
1659776,5,13,10,--------1----,0,46
1659728,7,8,13,--------1----,0,56
1659616,6,13,4,-----1-------,1,61
1659589,8,0,13,-----1-------,1,10
1658883,8,13,9,--------1----,0,61
1658815,7,9,13,--------1----,0,48
1658773,8,13,8,--------1----,0,47
1658526,8,2,13,-----1-------,1,25
1658470,8,15,19,--------1----,0,45
1658349,3,11,13,--------1----,0,38
1658281,8,13,3,--------1----,0,45
1658265,5,7,13,-----1-------,1,32
1658230,8,13,9,--------1----,0,59
1658157,6,13,7,--------1----,0,51
1658116,8,8,13,--------1----,0,29
1657542,8,11,13,--------1----,1,44
1657361,7,16,14,--------1----,1,51
1657290,8,13,4,--------1----,1,75
1657215,8,2,13,-----1-------,1,32
1657169,6,13,10,-----1-------,1,57
1657132,6,9,13,-----1-------,1,64
1657078,6,6,13,-----1-------,1,31
1656988,6,13,11,--------1----,1,44
1656048,8,13,11,--------1----,1,29
1655911,8,13,10,--------1----,1,50
1655793,3,8,13,1111---------,1,39485022
1655757,8,7,13,1111---------,1,45375728
1655359,9,13,5,1-1-1--------,1,735549
1655278,2,8,13,1-1-1--------,1,584425
1653108,8,11,13,--1-1--------,1,6457
1653100,8,4,13,-----1-------,1,18
1653078,7,13,1,--111--------,1,765859
1653069,6,3,13,-----1-------,1,11
1653037,6,13,9,--111--------,1,652737
1653021,5,13,5,-----1-------,1,44
1652870,6,10,13,-----1-------,1,45
1652583,6,9,13,--------1----,1,27
1652513,7,2,13,--------1----,1,58
1652480,2,13,5,--------1----,1,83
1651751,8,15,15,--------1----,1,48
1651723,8,1,13,--------1----,1,42
1651631,7,0,13,--------1----,1,45
1651464,8,8,13,--------1----,1,38
1649947,7,11,13,-----1-------,1,44
1649913,8,13,3,-----1-------,1,70
1649655,2,1,13,--------1----,1,24
1649571,6,9,13,--------1----,1,35
1648799,5,9,13,--------1----,1,39
1648761,6,13,9,--------1----,1,41
1648574,8,11,13,--------1----,1,35
1648542,9,13,6,--------1----,1,50
1648526,3,13,11,-----1-------,1,34
1648498,6,13,5,-----1-------,1,22
1648397,9,9,13,--------1----,1,36
1647211,8,13,11,--------1----,1,53
1647058,6,13,1,-----1-------,1,36
1646916,9,16,14,1111---------,1,53404843
1646702,8,13,10,11111--------,1,7040325657
1646643,9,9,13,11-1---------,1,402755
1646503,3,13,7,11-1---------,1,706948
1645905,2,11,13,11111--------,1,4154502937
1645877,8,4,13,11111--------,1,4230372723
1645831,5,13,11,11111--------,1,5135467234
1645792,3,10,13,11111--------,1,3262374233
1645720,5,5,13,1111---------,1,44304334
1645663,2,8,13,1111---------,1,53434144
1644492,2,13,9,--111--------,1,713464
1644461,5,13,3,--111--------,0,524659
1644416,7,9,13,--111--------,1,523456
1644375,3,11,13,--111--------,1,285440
1643962,2,16,12,1--1-1-------,1,524471
1643788,7,16,14,--------1----,1,45
1643104,2,16,13,111-1--------,1,67524846
1643062,7,13,10,111-1--------,1,60194871
1643020,5,13,11,111-1--------,1,65356235
1642974,8,13,9,111-1--------,1,74335841
1642956,6,13,8,--------1----,1,54
1642931,2,7,13,111-1--------,1,41544528
1642888,7,6,13,111-1--------,1,50483419
1642874,7,13,11,--------1----,1,50
1642793,9,13,4,11--1--------,1,765847
1642751,8,6,13,-----1-------,1,08
1642744,9,7,13,1-1-1--------,1,264221
1642695,6,16,14,-----1-------,1,36
1642658,9,13,7,------1------,1,69
1642658,3,13,7,-----1-------,1,45
1641636,7,15,15,--------1----,1,64
1641558,5,8,13,--------1----,1,45
1641532,9,13,3,--------1----,1,60
1641512,6,9,13,--1-1--------,1,2753
1641480,7,13,5,--1-1--------,1,8662
1641447,9,13,6,--1-1--------,1,6567
1641242,8,13,7,--------1----,1,60
1641143,7,13,9,--------1----,1,53
1639856,7,7,13,-----1-------,1,34
1639785,3,13,8,-----1-------,1,51
1639567,9,13,9,1------------,1,49
1638434,8,13,5,--1-1--------,1,4564
1638097,2,13,9,1------------,1,40
1638093,6,13,11,--------1----,1,78
1637083,8,13,4,--------1----,1,78
1637045,2,13,16,-----1-------,1,25
1637020,8,3,13,-----1-------,1,34
1636988,8,13,5,-----1-------,1,57
1636969,3,13,10,--------1----,1,60
1636948,6,13,11,-----1-------,1,50
1636720,5,13,11,--------1----,1,69
1635927,9,10,13,--------1----,1,48
1635627,9,5,13,11111--------,1,5844371233
1635579,7,10,13,1111---------,1,31374546
1635541,2,6,13,-111---------,1,434946
1635489,8,11,13,-1-1---------,1,3250
1635314,8,13,3,-----------1-,0,28
1635280,6,13,16,-----1-------,1,37
1635278,8,13,10,-----------1-,0,42
1635248,6,13,7,-----1-------,1,61
1634108,8,2,13,-----1-------,1,09
1634071,2,7,13,-----1-------,1,37
1634031,5,13,8,-----1-------,1,35
1632836,5,4,13,-----1-------,1,32
1632833,5,13,11,111-1--------,1,46555341
1632803,5,13,4,111-1-1------,1,7642385169
1632792,6,9,13,-----1-------,1,48
1632753,8,13,5,-----1-------,1,54
1632721,9,6,13,-----1-------,1,45
1631351,6,11,13,--1-1--------,1,3235
1629965,8,4,13,--1-1--------,1,6040
1629898,7,6,13,--1-1--------,1,2822
1629857,8,13,6,--1-1--------,1,4865
1629461,8,5,13,--------1----,1,35
1628436,6,13,9,--------1----,1,53
1628376,8,7,13,11-----------,1,3650
1628348,2,13,4,11-----------,1,6942
1628224,8,15,15,--------1----,1,55
1627065,9,4,13,-----1-------,1,46
1627005,8,11,13,-----1-------,1,47
1626735,6,15,15,--------1----,1,67
1625561,2,13,11,11-1-1-------,1,51432757
1625527,5,6,13,11-1-1-------,1,37293148
1624163,8,5,13,-----1-------,1,23
1624122,6,11,13,-----1-------,1,49
1624086,8,13,3,-----1-------,1,55
1623858,9,13,9,1------------,1,43
1623822,8,13,7,1------------,1,75
1623800,9,13,1,1------------,1,61
1623711,2,8,13,-----1-------,1,56
1623672,6,10,13,-----1-------,1,44
1622809,2,13,7,-11----------,1,5262
1622782,7,13,4,-11----------,1,5455
1622737,8,11,13,1111-------1-,1,3959534519
1621239,6,16,14,--------1----,1,37
1620903,8,16,14,--------1----,1,53
1618325,8,13,9,-----1-------,1,27
1615427,7,11,13,-----1-------,1,37
1614026,8,9,13,-----------1-,0,24
1613734,3,13,5,11-----------,1,6052
1613620,6,5,13,-----1-------,1,30
1612457,8,12,16,11-1---------,1,483259
1612419,6,4,13,-----1-------,1,07
1612413,3,8,13,11-----------,1,7255
1612372,9,13,9,-----1-------,1,27
1612340,6,8,13,-----1-------,1,30
1612293,5,13,11,-----1-------,1,52
1611071,9,13,5,-----1-------,1,59
1611020,8,13,10,-----1-------,1,36
1609573,8,13,8,-----1-------,1,31
1608145,3,5,13,-----1-------,0,36
1608102,6,13,10,-----1-------,0,25
1608067,6,1,13,-----1-------,1,31
1606915,6,13,9,-----1-------,1,33
1606878,3,5,13,-----1-------,1,23
1606759,5,13,5,-----1-------,1,75
1606722,6,13,8,-----1-------,1,50
1606671,8,14,16,-----1-------,1,37
1606649,9,13,1,-----1-------,1,89
1605300,9,16,14,11-1---------,1,834746
1605056,2,13,5,-----1-------,1,28
1605020,5,13,7,-----1-------,1,52
1602567,8,9,13,-----1-------,1,37
1602511,9,10,13,-----1-------,1,49
1600978,8,13,8,-----1-------,1,30
1599680,5,9,13,-----1-------,1,48
1599646,9,13,6,-----1-------,1,34
1599357,6,14,16,1------------,1,31
1598196,6,11,13,--------1----,1,54
1597975,5,13,4,1------------,1,67
1596588,6,13,16,--------1----,1,71
1596276,8,8,13,--------1----,0,63
1594893,8,3,13,-----1-------,1,32
1593555,8,5,13,-----1-------,1,65
1590823,8,16,19,-----1-------,0,46
1589567,9,15,15,-----1-------,1,42
1589508,5,15,15,-----1-------,1,44
1589474,5,3,13,-----1-------,0,24
1589430,8,13,11,-----1-------,0,54
1588052,7,13,10,-----1-------,0,66
1588004,6,10,13,-----1-------,0,41
1587971,9,7,13,-----1-------,0,36
1585186,8,11,13,1111---------,1,53353351
1585153,3,13,4,1111---------,1,84394972
1585132,5,4,13,-----1-------,1,33
1584778,8,11,13,-----1-------,1,29
1583888,7,2,13,11-1---------,1,290127
1582520,5,6,13,-----1-------,1,55
1582489,8,13,5,-----1-------,1,73
1582443,9,13,11,-----1-------,1,53
1582407,5,13,9,-----1-------,1,45
1582327,6,13,10,-----1-------,1,80
1582278,2,13,10,-----1-------,1,50
1582252,8,3,13,-----1-------,1,32
1580827,8,10,13,-----1-------,1,17
1580768,9,8,13,-----1-------,1,26
1579646,9,13,11,-----1-------,1,59
1579607,8,13,5,-----1-------,1,57
1579574,6,13,7,-----1-------,1,68
1579541,7,4,13,-----1-------,1,00
1578241,3,13,11,-----1-------,1,65
1578201,6,13,8,-----1-------,1,47
1578166,8,13,7,-----1-------,1,59
1578132,6,13,6,-----1-------,1,56
1578099,8,13,7,-----1-------,1,74
1578046,5,15,15,-----1-------,1,61
1578021,3,13,3,-----1-------,1,39
1577920,6,13,4,-----1-------,1,30
1576548,8,7,13,11-1---------,1,343228
1576527,2,16,13,-----1-------,1,51
1576507,7,13,5,11-1---------,1,427444
1576432,8,10,13,------1------,1,56
1575137,5,14,16,11-1---------,1,504645
1575101,2,13,7,11-1---------,1,506440
1574855,5,7,13,-----1-------,1,42
1574829,6,13,4,-----1-------,1,37
1574777,8,15,15,-----1-------,1,47
1574749,3,13,1,-----1-------,1,77
1574710,7,5,13,-1-----------,1,41
1574674,7,13,4,-1-----------,1,40
1573972,9,13,5,-----1-------,1,37
1573940,5,13,5,-----1-------,1,64
1573902,8,13,10,-----1-------,1,71
1573831,8,11,13,-----1-------,1,40
1573800,2,7,13,-----1-------,1,31
1573472,8,6,13,11-1---------,1,484938
1573416,5,10,13,-----1-------,1,51
1573369,8,11,13,-----1-------,1,66
1573328,9,13,10,11-----------,1,5048
1572367,5,16,12,-----1-------,1,57
1572312,2,6,13,-----1-------,1,59
1572252,8,9,13,-----1-------,1,49
1572247,5,13,7,11-----------,1,7656
1572218,2,13,8,-----1-------,1,72
1572188,9,13,4,-----1-------,1,63
1572066,5,7,13,-----------1-,1,50
1572031,5,13,4,-----------1-,1,95
1571990,6,8,13,-----1-------,1,26
1570891,3,13,10,------1------,1,62
1570858,7,1,13,------1------,1,41
1570754,3,11,13,-----1-------,1,42
1570719,9,13,8,-----1-------,1,64
1570658,6,7,13,-----1-------,1,21
1570633,8,7,13,11-----------,1,2225
1570627,5,5,13,-----1-------,1,24
1570608,7,13,1,11-----------,1,5938
1570568,2,10,13,11-----------,1,3541
1570539,6,13,5,-----1-------,1,58
1570509,5,13,4,-----1-------,1,67
1570479,2,8,13,-----1-------,1,47
1570446,9,13,9,-----1-------,1,38
1569239,9,6,13,11----1------,1,304241
1564864,8,14,16,-----1-------,1,45
1564830,2,7,13,-----1-------,1,52
1564800,6,5,13,-----1-------,1,35
1564764,7,13,7,-----1-------,1,54
1564720,8,11,13,-----1-------,1,48
1564694,9,13,4,-----1-------,1,67
1564635,6,15,15,-----1-------,1,32
1564602,8,13,6,-----1-------,1,59
1563242,5,10,13,11-1---------,1,542935
1563199,5,13,8,11-1---------,1,823856
1562366,7,7,13,-----1-------,1,37
1562321,8,13,11,-----1-------,1,51
1562235,2,16,12,-----1-------,1,53
1562202,5,13,7,-----1-------,1,63
1562153,9,11,13,-----1-------,1,50
1562118,5,13,7,-----1-------,1,63
1562087,8,6,13,-----1-------,1,48
1562050,5,13,7,-----1-------,1,79
1560704,8,13,9,1111---------,1,56433957
1560674,5,4,13,1111---------,1,32491643
1554541,7,11,13,-----1-------,1,42
1554502,6,13,9,-----1-------,1,45
1553493,6,16,12,-----1-------,1,56
1553452,8,13,10,-----1-------,1,45
1552275,3,3,13,-----1-------,1,39
1552234,2,8,13,-----1-------,1,51
1552186,2,15,15,-----1-------,1,60
1552154,8,13,4,-----1-------,1,74
1547853,3,10,13,-----1-------,1,52
1547795,2,10,13,-----1-------,1,58
1547438,8,8,13,------------1,0,54
1547201,8,7,13,------------1,0,64
1543695,8,3,13,-----1-------,1,21
1543662,9,13,6,-----1-------,1,39
1543623,3,6,13,-----1-------,1,59
1543591,10,13,5,-----1-------,1,60
1543282,8,6,13,11-1---------,1,262625
1543260,8,13,5,-----1-------,1,57
1543238,8,11,13,11-1---------,1,664724
1543218,8,13,11,-----1-------,1,44
1543187,10,8,13,11-----------,1,4446
1543183,6,6,13,-----1-------,1,46
1539182,9,13,8,------------1,1,53
1539149,8,7,13,------------1,1,39
1536267,8,13,10,-----1-------,1,37
1536231,9,11,13,-----1-------,1,69
1533084,7,13,9,-----1-------,1,56
1533049,8,9,13,-----1-------,1,50
1533025,9,13,0,-----1-------,1,74
1532980,11,13,10,-----1-------,0,30
1532959,9,16,14,11-1---------,1,402245
1532944,3,6,13,-----1-------,1,49
1532907,8,15,15,11-1---------,1,454233
1530492,11,3,13,111--1-------,0,30282431
1530463,7,2,13,111--1-------,1,29302227
1530417,8,13,10,11-----------,1,6336
1529025,2,8,13,--1----------,0,58
1524738,10,13,10,1111---------,1,71654638
1524701,10,8,13,1111---------,1,42505426
1520364,9,6,13,11-1---------,1,563029
1513033,5,13,6,-----1-------,0,61
1511867,9,13,6,11-1---------,1,703838
1511822,7,6,13,11-1---------,1,631741
1511383,10,9,13,-----1-------,1,33
1511340,8,8,13,-----1-------,1,68
1510136,8,13,11,-----1-------,1,52
1510079,9,13,7,-----1-------,1,61
1510044,2,6,13,-----1-------,1,33
1509847,2,10,13,11-1---------,1,522746
1509795,7,13,6,11-1---------,1,804142
1509740,9,13,10,-1-----------,1,28
1504585,7,9,13,-----1-------,1,62
1504549,10,13,6,-----1-------,1,34
1504519,8,13,6,-----1-------,1,57
1504270,9,13,16,-----1-------,1,59
1502925,2,13,10,11-1---------,1,344647
1502887,3,13,9,11-1---------,1,553441
1502843,2,4,13,11-----------,1,1624
1498897,2,13,11,-----1-------,1,53
1498860,3,9,13,-----1-------,1,44
1498814,7,13,9,-----1-------,1,52
1497429,9,9,13,11---1-------,1,552848
1497386,9,4,13,11-1-1-------,1,44492561
1496851,2,16,14,11-----------,1,5739
1496758,8,13,2,11-----------,1,6355
1495711,7,2,13,-1-----------,1,40
1495680,7,2,13,-1-----------,1,35
1495595,9,8,13,-1-----------,1,38
1494375,7,13,3,11-----------,1,7954
1494248,10,13,4,11-----------,1,7483
1494204,3,6,13,11-----------,1,4938
1493932,6,2,13,11-----------,1,2930
1492924,7,15,15,11-----------,1,5839
1492763,10,13,7,11-----------,1,8339
1490051,10,16,13,11-1---------,1,404931
1490011,8,8,13,11-1---------,1,481737
1489757,2,13,1,-----1-------,0,72
1488813,6,11,13,-----1-------,1,44
1488787,8,2,13,-----1-------,1,17
1488664,5,13,11,1------------,0,45
1488507,2,4,13,-----1-------,1,26
1485405,8,13,8,------1------,1,43
1483804,2,13,16,11-----------,1,3938
1483034,3,13,6,11-1---------,1,873846
1483000,2,13,8,11-1---------,1,801933
1482313,7,13,11,11-1---------,1,793837
1482277,2,13,4,11-1---------,1,684038
1481665,10,7,13,11-1---------,1,564240
1480080,9,11,13,11-----------,1,3850
1480043,8,13,6,11-----------,1,6339
1479994,7,13,11,11-----------,1,5633
1478447,5,13,9,1------------,0,36
1478422,5,13,3,1------------,0,70
1477192,7,15,15,-----1-------,1,57
1477160,8,4,13,-----1-------,1,42
1477121,8,9,13,-----1-------,1,60
1474327,7,11,13,11-1---------,1,625430
1474285,10,13,11,11-1---------,1,693158
1473908,7,16,14,-1-----------,1,37
1473693,8,13,7,11-----------,1,6740
1471515,8,13,11,-1-1---------,1,5042
1464192,10,13,16,11-1---------,1,403541
1464144,9,10,13,11-----------,1,5837
1464040,2,13,9,11-1---------,1,605239
1461261,7,7,13,-----1-------,1,40
1461214,10,13,5,11-----------,1,5945
1461188,8,3,13,11-----------,1,3036
1460083,9,13,5,11-1---------,1,756048
1460041,7,13,11,11-1---------,1,453443
1460005,2,8,13,-----1-------,1,48
1459999,5,13,11,11-1---------,0,494839
1459968,7,13,7,-----1-------,1,68
1459920,8,9,13,-----1-------,1,34
1459881,2,13,9,-----1-------,1,67
1459844,9,13,7,-----1-------,1,80
1458100,5,13,9,-----------1-,0,54
1457240,5,13,9,------1------,0,71
1457151,9,9,13,-----1-------,1,64
1457113,2,13,11,-----1-------,1,34
1457070,3,9,13,-----1-------,1,41
1455563,8,13,10,-----1-------,1,45
1455251,2,3,13,-----1-------,1,42
1455216,9,13,5,-----1-------,1,45
1455157,8,14,16,-----1-------,1,58
1453564,2,10,13,-1-----------,1,34
1453535,8,13,2,-1-----------,1,84
1452325,7,13,9,11--------1--,1,525437
1452246,2,13,8,11-----------,1,5650
1451363,7,13,10,-----1-------,1,29
1451328,2,6,13,-----1-------,1,37
1451326,6,6,13,-------1-----,0,36
1451142,8,4,13,1--1---------,1,2423
1450930,11,13,10,------1------,0,58
1450885,6,13,4,------1------,0,62
1450856,8,13,4,------1------,0,50
1450848,6,8,13,------------1,1,28
1449831,3,11,13,11-----------,1,4054
1449773,7,13,9,11-----------,1,7951
1449670,8,9,13,-1-----------,1,37
1449426,8,15,15,-----------1-,1,85
1446793,10,13,9,-----1-------,1,77
1446769,2,13,2,-----1-------,1,85
1445664,8,13,11,11-1---------,1,483227
1445622,3,13,9,11-1---------,1,715758
1445225,2,15,15,-1-1---------,1,6730
1444091,10,13,11,11-1---------,1,683550
1443470,9,16,14,-1-----------,1,48
1442471,9,13,10,-1-----------,1,68
1442441,2,4,13,-1-----------,1,42
1437911,7,13,5,------1------,1,57
1437885,2,1,13,------1------,1,24
1437839,6,10,13,------1------,1,46
1433954,8,6,13,11-1---------,1,284549
1433725,8,13,11,-1-----------,1,48
1433591,3,13,5,-1-----------,1,80
1433514,6,11,13,-1-----------,1,69
1432689,3,6,13,-1-----------,1,35
1432636,8,7,13,-----1-------,1,25
1430890,8,10,13,-1-----------,1,50
1430783,2,13,9,-1-----------,1,57
1430745,8,3,13,-1-----------,1,28
1427592,6,8,13,-1-----------,1,45
1426443,8,15,15,-1-----------,1,52
1426394,8,13,11,-1-----------,1,59
1426322,3,13,7,-1-----------,1,59
1426294,8,13,2,-1-----------,1,74
1426201,8,13,10,-1-----------,1,42
1423893,10,13,7,11-1---------,1,844850
1420778,3,13,10,-------1-----,0,38
1420750,6,13,8,-------1-----,0,51
1419936,8,8,13,11-------1---,1,483239
1419600,10,14,16,11-------1---,1,553027
1418279,6,11,13,------1------,1,42
1418242,3,8,13,------1------,0,21
1418213,2,13,8,------1------,0,34
1413849,8,4,13,11-1---------,1,333617
1413810,9,7,13,11-1---------,1,454330
1413779,8,8,13,------1------,1,38
1413763,7,11,13,11-1---------,1,522737
1413711,3,13,7,-1-----------,1,75
1413337,10,10,13,-1-----------,1,53
1413266,2,3,13,-1-----------,1,42
1413223,9,10,13,-1-----------,1,30
1412372,9,13,10,------1------,0,47
1412347,7,5,13,------1------,0,39
1412263,6,13,2,1------------,1,57
1410999,6,7,13,11-1---------,1,463729
1410950,7,13,11,11-----------,1,5460
1410926,8,13,1,11-1---------,1,724152
1409515,2,9,13,11-----------,1,4031
1409473,8,10,13,11-----------,1,4037
1409431,8,13,9,11-----------,1,3936
1405127,7,10,13,-1-1---------,1,4136
1403760,10,13,4,11-----------,1,4849
1403717,2,13,9,11-----------,1,7248
1402382,6,5,13,-----1-------,1,47
1397841,7,3,13,-----------1-,1,36
1397814,6,13,2,-----------1-,1,68
1393708,6,13,9,-----1-------,1,52
1393705,2,13,7,-1-1---------,1,3640
1393670,8,13,4,-1-1---------,1,8162
1393538,8,7,13,-1-1---------,1,5544
1393529,6,9,13,-----------1-,1,35
1392239,6,7,13,------1------,0,55
1391841,7,4,13,-----1-------,1,23
1391815,3,4,13,-----1-------,1,45
1391771,6,13,4,-----1-------,1,55
1390827,8,13,9,11-1---------,1,655033
1390786,10,11,13,11-1---------,1,504736
1390751,6,2,13,11-1---------,1,302113
1389362,7,6,13,11-----------,1,2231
1389310,8,16,13,11-----------,1,4340
1389050,6,13,10,-----------1-,1,31
1387779,6,4,13,-----------1-,1,51
1387748,9,1,13,-----------1-,1,18
1386397,8,13,5,1------------,1,72
1386392,6,2,13,-----------1-,1,52
1386362,8,13,5,-----------1-,1,65
1386071,8,13,7,-----1-------,1,47
1384665,9,13,11,-----------1-,1,52
1384624,3,13,2,-----------1-,1,69
1384584,9,8,13,-----------1-,1,47
1383596,8,16,14,-----1-------,1,57
1383586,10,10,13,1111---------,1,34585030
1383545,3,10,13,1111---------,1,51442653
1383458,7,16,14,1--1---------,1,5234
1383458,6,11,13,-----------1-,1,54
1383424,8,13,4,-----------1-,1,46
1383231,9,13,5,-----1-------,1,60
1382995,3,13,16,11-----------,1,4545
1380888,9,9,13,--11---------,1,4735
1380379,8,16,14,------1------,1,46
1380340,6,9,13,------1------,1,36
1380297,9,11,13,------1------,1,42
1379281,2,13,16,11-----------,1,4141
1379222,10,14,16,11-----------,1,5737
1379000,8,8,13,-----------1-,1,56
1376426,9,13,7,11-----------,1,5665
1376374,8,16,13,11-----------,1,3331
1376336,10,13,5,11-----------,1,4628
1374800,8,8,13,-----------1-,1,39
1374544,9,11,13,-----1-------,1,44
1371869,11,13,11,-------1-----,0,49
1371832,11,13,6,-------1-----,0,57
1371635,7,16,14,-----------1-,1,47
1370784,2,10,13,--1----------,1,45
1370664,9,16,13,11-1---------,1,353353
1370640,6,13,11,------1------,1,31
1370614,9,13,11,11-----------,1,7452
1370600,2,10,13,------1------,0,44
1370222,6,13,10,-----1-------,1,36
1370040,6,13,11,------1------,1,42
1369044,6,10,13,-----------1-,1,62
1369007,7,13,6,-----------1-,1,54
1367157,3,13,8,------1------,0,55
1366161,9,6,13,-----------1-,1,41
1364882,8,16,13,------1------,1,41
1364749,2,13,10,-----------1-,1,62
1363429,10,7,13,11-1---------,1,354220
1361879,8,6,13,11-1---------,1,385019
1361825,7,6,13,11-1---------,1,532034
1361788,10,9,13,11-----------,1,3635
1360660,9,15,15,11-1---------,1,622951
1360601,10,16,12,11-1---------,1,436047
1360544,8,16,14,11-1---------,1,445344
1359146,8,14,16,11-1-----1---,1,51355342
1359114,10,4,13,11-1-----1---,1,42385017
1359083,9,2,13,11-1-----1---,1,42363330
1358959,8,11,13,------1------,1,37
1358919,7,7,13,------1------,1,49
1358624,3,16,12,------1------,1,33
1358584,6,9,13,------1------,1,40
1358525,8,13,11,------1------,1,76
1356449,8,13,10,------------1,1,40
1355753,6,13,9,------1------,0,49
1355728,9,13,2,------1------,0,67
1354801,10,13,7,11--------1--,1,535824
1354761,3,13,9,11-----------,1,4061
1354721,9,13,7,11-----------,1,6155
1354402,12,13,9,------1------,0,67
1353341,8,13,7,11-----------,1,6064
1353332,6,13,5,----------1--,0,48
1353297,8,4,13,----------1--,0,48
1351434,6,10,13,-------1-----,0,29
1350588,2,4,13,1-1----------,1,5428
1350567,1,13,8,------1------,0,37
1350547,8,7,13,111--------1-,1,51545025
1350502,9,13,9,11---------1-,1,564632
1349008,2,13,11,11-1---------,1,694734
1348963,8,10,13,1--1---------,1,4345
1347125,8,7,13,------1------,1,40
1346193,6,13,3,------1------,0,81
1346193,7,13,4,-----1-------,1,73
1346142,2,10,13,11-1-----1---,1,60473730
1346099,8,13,8,1--1-----1---,1,912835
1344757,8,7,13,--1----------,1,41
1343397,1,1,13,------1------,0,13
1343368,8,4,13,------1------,0,37
1343332,3,11,13,------1------,0,59
1343195,2,13,7,11-1------1--,1,65465929
1343154,2,8,13,-1-1------1--,1,604629
1339901,8,13,7,------1------,1,50
1338476,6,11,13,------1------,1,49
1337548,6,13,10,------1------,0,45
1337510,7,13,9,------1------,0,38
1337476,6,8,13,1111---------,1,55333036
1337431,9,13,9,11-1---------,1,895440
1337403,9,3,13,11-1---------,1,493443
1336129,9,13,10,--1---------1,1,5633
1336044,2,13,8,11-1---------,1,783450
1334622,9,13,8,11-1---------,1,734645
1334145,8,13,10,------1------,1,54
1333201,8,13,7,--1----------,1,82
1331687,6,13,5,------1------,1,37
1331644,10,8,13,------1------,1,37
1331613,6,6,13,------1------,1,24
1331551,8,15,15,------1------,1,52
1331479,9,13,7,------1------,1,43
1331414,6,11,13,------1------,1,46
1331181,8,13,5,------1------,1,64
1329848,2,13,10,------1------,1,51
1329804,6,10,13,------1------,1,34
1329778,7,1,13,------1------,1,23
1328901,9,13,3,11-1---------,1,944654
1328840,8,16,14,11-----------,1,4153
1328808,10,5,13,11-----------,1,4630
1328746,9,13,7,-----1-------,1,73
1327209,10,5,13,------1------,1,29
1325998,6,10,13,11-----------,1,2436
1325960,3,2,13,11-1---------,1,354838
1325561,6,8,13,------1------,1,38
1325434,6,13,10,------1------,1,58
1324708,6,10,13,------1------,1,60
1324625,8,13,5,------1------,1,49
1324470,10,13,10,11-1---------,1,423552
1324429,7,9,13,11-1---------,1,495035
1324260,8,13,6,------1------,1,46
1324225,6,13,6,------1------,1,42
1324190,8,13,5,------1------,1,64
1324109,9,15,15,------1------,1,59
1324074,3,13,5,------1------,1,38
1321513,3,5,13,11-1-------1-,1,37404228
1321466,8,7,13,11-1-------1-,1,73524422
1320124,6,9,13,11-----------,1,3224
1320084,6,13,6,11-----------,1,4244
1320054,8,13,5,11-----------,1,5765
1318820,6,13,7,11-1---------,1,814649
1318790,6,13,3,11-1---------,1,556167
1318240,8,7,13,------1------,1,42
1317371,6,13,5,------1------,0,55
1316795,1,13,4,------1------,0,69
1316749,1,11,13,------1------,0,52
1315338,11,6,13,------1------,0,41
1314436,8,13,7,11-1---------,1,755757
1314381,11,12,16,11-1---------,1,542135
1313951,10,10,13,------1------,0,39
1313063,10,13,4,1111-------1-,1,9936825016
1313019,9,10,13,1111---------,1,55454155
1312990,2,4,13,11-1---------,1,151411
1312885,2,4,13,------1------,1,30
1312637,8,13,1,-----1-------,1,32
1311538,9,15,15,------1------,1,47
1311525,8,9,13,11-1-------1-,1,66523316
1311499,6,13,9,------1------,1,37
1311493,6,5,13,11-1-------1-,1,56402530
1311461,8,8,13,------1------,1,35
1311406,10,13,11,------1------,1,46
1311093,8,13,7,------1------,1,61
1309857,10,15,15,------1------,1,44
1308215,6,10,13,------1------,1,33
1308175,8,13,8,------1------,1,46
1307286,10,13,9,11-1---------,1,594428
1307246,2,13,7,11-1---------,1,506335
1307242,7,13,9,------1------,1,51
1307204,8,7,13,------1------,1,59
1307204,2,13,10,11-1---------,1,644226
1307009,6,6,13,------1------,1,35
1306973,8,13,5,------1------,1,64
1305841,7,13,6,1--1---------,1,7151
1305394,8,12,16,------1------,1,32
1305351,8,13,8,------1------,1,45
1305275,2,16,13,------1------,1,42
1304411,2,13,7,1111-------1-,1,8957375533
1304364,11,13,7,11-1-------1-,1,64444324
1302958,2,13,5,11-1---------,1,585655
1302913,10,7,13,11-----------,1,3941
1300150,9,11,13,-----1-------,1,53
1300036,9,15,15,11-----------,1,6841
1298437,11,11,13,-----1-------,1,28
1298228,6,13,9,-----1-------,1,43
1298222,9,10,13,------1------,1,52
1298183,10,7,13,------1------,1,45
1298147,8,7,13,------1------,1,34
1297203,11,13,9,11-1---------,1,815860
1297174,10,13,3,11-1---------,1,593764
1297123,10,13,8,11-1---------,1,604039
1297052,8,13,11,-----1-------,0,44
1296837,2,5,13,------1------,1,58
1296800,8,13,7,------1------,1,63
1295803,8,10,13,-111---------,1,443064
1295735,2,13,9,11-1---------,1,494967
1295719,6,13,9,-----1-------,1,70
1294218,10,13,11,11-1-------1-,1,75585815
1294166,11,13,5,------1------,0,46
1294136,11,8,13,------1------,0,34
1292694,8,13,7,-1-----------,1,50
1291689,6,13,4,1--1---------,1,4864
1291149,11,12,16,1-1----------,1,5149
1291120,2,5,13,1-11---------,1,473129
1290174,9,11,13,1111-------1-,1,6430295621
1290142,2,7,13,1111-------1-,1,5858184417
1289966,8,5,13,11-----------,1,5128
1289934,9,13,5,11-----------,1,9342
1286942,7,8,13,11-----------,1,4518
1285566,6,13,11,11-1-------1-,1,59344824
1285524,8,6,13,11-----------,1,5745
1284053,8,9,13,------1------,0,54
1282441,8,7,13,-----1-------,1,43
1281523,9,11,13,-111---------,1,331945
1281488,9,13,4,-111---------,1,567054
1281447,8,13,10,-1-1---------,1,5755
1281198,6,13,2,-------1-----,1,47
1278541,10,13,9,-111---------,1,504334
1278501,2,13,9,-111---------,1,774353
1278472,2,6,13,-111---------,1,393336
1275709,8,13,10,--11---------,1,4470
1273673,12,13,1,-------1-----,0,54
1272234,10,13,10,-1-1---------,1,7043
1271137,11,13,4,-------1-----,1,88
1271038,10,13,5,-------1-----,1,73
1269656,7,4,13,--------1----,1,41
1268362,6,8,13,-------1-----,0,50
1267985,8,3,13,--------1----,1,28
1267908,8,13,7,--------1----,1,34
1267833,7,5,13,------1------,1,35
1267126,8,13,6,--------1----,1,42
1266952,8,13,16,--------1----,1,43
1266622,10,13,6,--------1----,1,22
1265687,8,13,3,--------1----,1,34
1265564,10,8,13,11-----------,1,4556
1265530,9,5,13,11-----------,1,5862
1265495,6,5,13,11-----------,1,5536
1265216,7,5,13,--------1----,1,18
1264958,8,13,11,--------1----,1,45
1264911,8,13,9,--------1----,1,14
1264110,8,7,13,-111---------,1,356125
1264059,8,13,5,--------1----,0,32
1264041,10,13,9,-111---------,1,555238
1263872,8,16,12,--------1----,1,46
1262924,10,9,13,--------1----,1,47
1262716,11,13,8,--------1----,1,23
1262687,8,13,5,--------1----,1,29
1262592,6,13,9,--------1----,1,39
1261253,11,11,13,--11---------,1,4825
1260904,8,6,13,--------1----,1,36
1259850,10,15,15,111----------,1,463748
1259806,8,13,7,-----1-------,1,77
1259779,8,6,13,-----1-------,1,35
1259305,8,13,7,--------1----,1,36
1258380,2,13,11,1111---------,1,49512738
1258331,8,10,13,11-1---------,1,733934
1258267,2,2,13,11-----------,1,3134
1258242,11,13,2,11-----------,1,8639
1256760,6,15,15,-----1-------,1,44
1256697,7,16,14,-----1-------,1,38
1256663,8,2,13,-----1-------,1,25
1255464,7,3,13,11-1---------,1,253216
1255421,6,3,13,-----1-------,1,33
1255384,9,7,13,-----1-------,1,60
1255325,9,13,11,11-1---------,1,443834
1252497,8,16,13,-----1-------,1,47
1252441,11,15,15,-----1-------,1,50
1252415,9,13,2,-----1-------,1,71
1252375,8,13,11,-----1-------,1,47
1250965,10,11,13,11-----------,1,5241
1249810,7,13,10,1--1-----11--,1,68262228
1249765,10,6,13,11-1-----11--,1,4638472929
1249681,10,7,13,11-1---------,1,522614
1248227,10,16,12,--1----------,1,64
1246866,9,9,13,11-1---------,1,612949
1246823,10,13,8,11-----------,1,6939
1246378,10,13,5,--------1----,1,39
1246344,11,11,13,-----1-------,1,40
1243973,8,11,13,1-11---------,1,434144
1243934,2,13,9,1--1---------,1,5448
1242496,11,13,10,1111---------,1,70415948
1242468,8,3,13,1111---------,1,52133130
1242432,6,5,13,1111---------,1,49261934
1242371,8,9,13,-----1-------,1,37
1242309,2,13,9,-----1-------,1,54
1242268,8,9,13,-----1-------,1,52
1242222,9,10,13,-----1-------,1,66
1240873,7,13,4,--------1----,1,35
1240834,8,13,6,--------1----,1,48
1239807,1,13,2,--------1----,0,79
1237844,8,4,13,-----1-------,0,50
1237808,1,11,13,-----1-------,0,70
1236813,2,13,8,1--1---------,1,4036
1236779,9,7,13,1--1---------,1,3425
1236308,1,8,13,-----1-------,0,62
1232113,2,13,11,-1-1----11---,1,35317127
1232046,8,15,15,-1-1----11---,1,44466321
1230585,10,9,13,1--1----1--1-,1,41208729
1230528,2,16,13,1--1----11---,1,66415607
1230448,6,13,10,--------1----,1,84
1229743,8,13,4,--------1----,1,69
1229697,10,13,10,--------1----,1,65
1229209,2,10,13,-----1-------,1,45
1227932,8,13,3,-----1-------,1,48
1227681,10,3,13,-----1-------,1,38
1227646,2,7,13,-----1-------,1,43
1226887,2,13,9,--------1----,1,67
1226754,8,13,10,11-1---------,1,584233
1226720,10,13,2,11-1---------,1,995044
1226150,8,1,13,--------1----,1,14
1226035,10,6,13,-----------1-,0,56
1224678,8,16,12,--------1----,1,36
1223449,10,13,8,--------1----,1,46
1222305,6,10,13,1111-----1---,1,5341314146
1222250,9,16,12,11-----------,1,6150
1222235,8,5,13,--------1----,1,52
1222207,10,13,8,11-----------,1,7040
1222167,10,7,13,-----1-------,1,45
1222123,9,13,11,-----1-------,1,51
1222098,8,13,0,--------1----,1,60
1222091,2,5,13,-----1-------,1,40
1222060,6,1,13,--------1----,1,23
1221949,8,7,13,--------1----,1,55
1221920,8,6,13,--------1----,1,24
1221851,8,13,6,--------1----,0,66
1220473,6,9,13,------1------,0,43
1220357,6,13,9,------------1,1,49
1219548,10,13,8,1111---------,1,53557032
1219505,2,10,13,1111---------,1,63455225
1219454,8,6,13,11-1---------,1,325131
1218075,9,13,10,1111---------,1,64582048
1218021,2,11,13,11-----------,1,4449
1217977,6,11,13,11-----------,1,5137
1215861,9,13,3,-----------1-,1,90
1215825,6,13,8,-----------1-,1,45
1215106,9,13,1,-----1-------,0,55
1215072,6,4,13,-----1-------,0,27
1208957,8,13,4,-----1-------,0,90
1207869,2,13,10,11-----------,1,5132
1207837,8,13,1,11-----------,1,9465
1207566,8,13,3,-----1-------,0,95
1207531,6,13,7,-----1-------,0,95
1207133,11,11,13,-----------1-,0,57
1202170,2,11,13,11-1---------,1,534544
1199129,9,10,13,-----------1-,0,42
1197808,10,11,13,11-1---------,1,573438
1197761,2,16,14,11-1---------,1,494940
1197714,10,13,2,11-1---------,1,772780
1196158,7,13,7,1------------,1,62
1194835,8,13,3,1------------,1,60
1193145,8,16,14,------1------,1,60
1192079,10,13,8,-----1-------,1,49
1192047,2,13,5,-----1-------,1,34
1192029,10,3,13,1111---------,1,28391744
1192013,9,6,13,-----1-------,1,41
1191990,2,8,13,111----------,1,563833
1191937,9,13,5,-111---------,1,487567
1191775,8,16,19,-----1-------,0,42
1190438,8,13,9,-----1-------,0,50
1190195,6,9,13,11-1--1------,1,50402336
1190156,8,6,13,1--1--1------,1,482747
1190101,2,14,16,1--1--1------,1,413836
1189329,8,10,13,1111---------,1,44502832
1189289,9,13,7,1111---------,1,62573756
1189233,10,16,14,1111---------,1,51424236
1189206,8,3,13,1111---------,1,39343029
1188798,9,13,4,--1----------,1,53
1187759,9,5,13,1-11---------,1,442415
1187719,10,13,7,1-11---------,1,943241
1187606,8,13,8,-----1-------,0,30
1186349,6,13,11,-----1-------,0,42
1186303,6,13,9,-----1-------,0,38
1186277,9,13,8,11-----------,1,6247
1186260,2,13,4,-----1-------,0,55
1186177,6,13,9,-----1-------,0,31
1185909,12,7,13,-----------1-,0,74
1185882,12,4,13,-----------1-,0,70
1185847,12,9,13,-----------1-,0,40
1181943,8,6,13,-----1-------,1,34
1181894,9,13,11,-----1-------,1,57
1181874,8,4,13,11-1---------,1,351210
1180581,9,13,8,-1-1---------,1,2040
1180446,9,13,2,11-----------,1,6363
1180410,8,13,10,-------1-----,0,34
1180163,10,11,13,11-----------,1,4354
1177727,6,13,8,--11---------,1,5949
1177689,10,7,13,--11---------,1,4341
1176253,6,12,16,-----1-------,1,63
1176176,6,13,9,-----1-------,0,46
1176133,10,13,5,-----1-------,0,32
1175994,9,5,13,-----------1-,1,32
1174600,8,9,13,-----1-------,0,23
1174557,10,14,16,------------1,1,40
1173331,6,11,13,-----1-------,0,27
1173289,6,13,6,-----1-------,0,31
1173217,2,8,13,1--1---------,1,4426
1173152,9,11,13,-----1-------,0,32
1173115,8,9,13,-----1-------,0,35
1171935,10,6,13,11-1---------,1,532627
1171901,8,13,7,11-1---------,1,763240
1171892,6,13,11,-----1-------,1,54
1171855,11,13,7,11-1---------,1,456052
1171853,2,13,10,-----1-------,1,34
1171824,11,3,13,-----1-------,0,48
1171815,2,13,8,-111---------,1,604631
1171776,9,9,13,-111---------,1,393868
1171745,8,16,14,-----1-------,0,39
1171560,8,13,8,-----1-------,0,60
1171474,8,13,11,-----1-------,0,62
1170282,10,16,14,-----1-------,0,44
1170052,6,13,9,-----1-------,0,52
1169991,8,11,13,1--1---------,1,5940
1169209,8,13,9,-----1-------,0,22
1169174,9,13,6,-----1-------,0,41
1169150,9,7,13,1111---------,1,70252732
1169096,8,14,16,1111---------,1,61373932
1169067,2,13,3,11-1---------,1,586832
1169035,8,13,5,11-1---------,1,392932
1168558,6,13,6,-----1-------,1,59
1168540,8,13,16,-----------1-,1,48
1167436,8,10,13,1------------,0,59
1166155,2,13,11,-----1-------,0,24
1166110,11,11,13,-----1-------,0,43
1165744,10,5,13,-----------1-,1,37
1165701,6,13,3,-----------1-,1,67
1164476,10,11,13,1------------,1,48
1164364,6,13,11,-----1-------,0,36
1161839,8,1,13,-----1-------,0,28
1161617,2,10,13,-11----------,1,5733
1161473,7,5,13,-1-----------,1,30
1160085,8,13,8,11-------1---,1,525214
1160040,7,9,13,11-------1---,1,513030
1159120,7,13,9,11-1---------,1,622923
1159081,9,13,7,11-1---------,1,494356
1158942,8,11,13,-----1-------,0,41
1158794,2,8,13,-----1-------,0,52
1158752,9,13,8,-----1-------,0,38
1158686,9,13,11,111----------,1,646545
1158588,7,19,16,-----1-------,0,30
1158576,8,13,5,-11----------,1,4165
1158518,11,10,13,-----1-------,0,36
1158509,6,7,13,-11----------,1,3541
1158478,9,3,13,-11--------1-,1,376215
1157546,2,4,13,-----1-------,0,39
1157453,6,13,11,-----1-------,0,43
1157390,8,7,13,-----1-------,0,36
1157274,6,6,13,-----1-------,0,39
1157189,8,13,2,-----1-------,0,34
1157139,6,4,13,-----1-------,0,36
1157061,9,13,9,-----1-------,0,58
1156873,9,2,13,-----------1-,1,20
1156131,6,8,13,--1----------,0,60
1156081,6,11,13,-----1-------,1,38
1155889,6,12,16,-----1-------,0,58
1155847,8,7,13,-----1-------,0,28
1155778,2,9,13,-----1-------,0,28
1155657,10,13,6,-----1-------,0,23
1155599,7,13,10,-----1-------,0,51
1155534,9,9,13,-----------1-,1,47
1155508,1,5,13,-----------1-,0,16
1155490,1,13,1,-----------1-,0,62
1154753,6,16,14,--1----------,1,32
1154711,7,13,6,--1----------,1,60
1154676,2,13,8,--1----------,1,44
1154616,10,14,16,--1----------,1,55
1154601,8,13,5,-----1-------,0,51
1154508,6,13,8,-----1-------,0,42
1154462,8,7,13,-----1-------,0,35
1154411,6,13,10,-----1-------,1,48
1154309,6,13,6,-----1-------,1,66
1154273,2,13,6,-----1-------,1,66
1154206,8,11,13,-----1-------,0,40
1154149,7,16,12,-----1-------,0,47
1153276,6,10,13,--1----------,0,46
1153236,6,11,13,--1----------,0,39
1152992,6,7,13,-----1-------,1,38
1152802,7,7,13,-----1-------,0,37
1152729,6,22,19,-----1-------,0,38
1152531,7,13,6,-----1-------,0,47
1151811,6,8,13,-----1-------,0,43
1151672,6,14,16,-----1-------,0,43
1151636,9,13,2,-----1-------,0,54
1151561,11,9,13,11-----------,1,5241
1151532,8,6,13,-----1-------,0,48
1151509,9,13,16,11-----------,1,6030
1151305,8,13,10,-----1-------,0,59
1151260,6,13,9,-----1-------,0,59
1151084,9,9,13,-----1-------,0,62
1150313,8,11,13,-----1-------,0,30
1150222,8,13,9,-----1-------,0,50
1149897,8,9,13,111----------,1,465455
1149894,8,13,11,-----1-------,0,42
1149867,11,6,13,111----------,1,423738
1149853,6,13,9,-----1-------,0,52
1149015,7,0,13,-111---------,1,222626
1148997,8,0,13,-----1-------,1,03
1148964,7,16,12,-111---------,1,514945
1148918,10,13,11,-111---------,1,564366
1148788,9,3,13,-----1-------,0,44
1148743,6,9,13,-----1-------,0,34
1148649,2,13,11,-----1-------,0,28
1148484,6,13,2,-----1-------,0,50
1148383,7,10,13,-1-----------,1,26
1147412,6,9,13,11-----------,1,3107
1147379,7,13,2,11-----------,1,6745
1146970,9,11,13,-----1-------,0,45
1146063,8,11,13,-----1-------,0,41
1146024,6,5,13,-----1-------,0,19
1145907,6,16,14,-----1-------,0,35
1145864,6,13,5,-----1-------,0,56
1145820,8,13,11,-----1-------,0,46
1144505,6,8,13,-----1-------,0,35
1144403,8,13,11,-----1-------,0,19
1144355,8,16,12,-----1-------,0,39
1144306,8,3,13,-----1-------,0,26
1142962,6,13,3,-----------1-,1,94
1142894,8,13,7,-----1-------,0,71
1141764,7,13,8,-----1-------,0,53
1141712,8,16,13,-----1-------,0,45
1141669,9,13,9,-----1-------,0,54
1141666,8,7,13,-111---------,1,443422
1141609,9,13,6,1111---------,1,69484946
1141571,2,13,7,111----------,1,634044
1141546,8,15,15,-----------1-,1,50
1141523,6,8,13,11-1---------,1,853019
1141522,9,13,11,--1----------,1,73
1141516,9,13,3,-----------1-,1,63
1140087,7,13,6,------------1,1,64
1138942,10,8,13,11-1---------,1,603337
1138910,6,13,4,11-1---------,1,565364
1138885,2,13,2,11-1---------,1,943766
1138635,6,13,16,-----1-------,0,45
1138578,8,15,15,11-----------,1,4831
1137151,8,13,9,-----1-------,0,38
1137051,6,13,11,-----1-------,0,34
1136893,6,13,11,-----1-------,0,49
1136835,6,2,13,-----------1-,1,30
1135857,9,13,8,-----1-------,0,57
1135779,2,9,13,-----1-------,0,51
1135752,8,7,13,-----------1-,1,49
1135718,8,13,7,-----1-------,0,80
1135658,9,8,13,-----1-------,1,38
1135624,8,13,4,-----1-------,1,38
1135577,8,5,13,-----------1-,1,55
1134383,6,13,6,-----1-------,0,27
1134309,6,13,10,-----1-------,1,49
1134302,6,13,4,-----------1-,1,61
1134280,6,13,2,-----1-------,1,37
1134057,10,7,13,--1----------,1,30
1133046,6,10,13,--1----------,1,36
1132989,10,14,16,--1----------,1,69
1132953,6,13,4,-----1-------,0,36
1132919,9,13,3,-----1-------,0,43
1132892,6,13,10,-----------1-,1,62
1132867,6,11,13,-----1-------,0,34
1132819,6,13,4,-----1-------,0,46
1132813,10,13,11,1------------,1,45
1132646,8,7,13,-----1-------,0,16
1132603,8,9,13,-----1-------,0,31
1132541,7,13,16,-----1-------,0,43
1131518,2,13,11,-----1-------,0,46
1131475,6,8,13,-----------1-,1,78
1131448,11,0,13,1111---------,1,41094919
1131432,9,13,10,-----------1-,1,51
1131407,8,13,11,-----1-------,0,49
1131359,7,13,7,-----1-------,0,33
1131320,8,13,6,-----1-------,0,77
1131287,9,13,7,11-----------,1,5649
1131257,12,4,13,------------1,0,42
1131244,2,13,11,11-1---------,1,653835
1131137,8,16,12,-----1-------,0,61
1131120,2,10,13,------------1,0,49
1131107,8,13,4,-----1-------,0,63
1131093,6,6,13,------------1,0,54
1130932,8,13,7,-----1-------,0,41
1130252,8,13,16,-----1-------,0,32
1130215,6,13,4,-----1-------,0,38
1130155,8,16,14,111----------,1,763737
1130111,8,15,15,-----------1-,1,59
1130071,9,9,13,-----------1-,1,63
1129951,6,4,13,-----1-------,0,36
1129817,6,13,3,-----1-------,0,50
1129731,6,13,9,-----1-------,0,54
1129654,7,8,13,-----1-------,0,51
1129435,8,8,13,-----1-------,0,30
1128915,6,13,6,-----1-------,0,57
1128871,8,13,10,-----1-------,0,57
1128808,2,4,13,-1-1---------,1,2220
1128790,6,13,3,-----1-------,0,59
1128753,6,13,2,-----1-------,0,61
1128701,7,5,13,-----1-------,0,24
1128581,8,16,12,11-----------,1,6644
1128520,2,9,13,-----1-------,1,34
1128471,8,11,13,-----1-------,1,62
1128461,2,13,9,1-1----------,1,4928
1128429,6,13,8,-----1-------,1,51
1128309,10,13,5,-----1-------,0,62
1128269,9,13,7,-----1-------,0,50
1128066,6,6,13,-----1-------,0,35
1127061,6,13,2,-----1-------,1,42
1127013,9,16,13,-----1-------,1,44
1126978,8,4,13,-----1-------,1,28
1126937,8,13,7,-----1-------,1,63
1126897,8,13,8,-----1-------,0,64
1126849,7,13,3,-----1-------,0,51
1126798,9,13,6,--1----------,1,55
1126791,9,16,14,-----1-------,0,63
1126623,8,14,16,-----1-------,1,42
1125986,8,13,10,-----1-------,1,60
1125950,6,13,7,-----1-------,1,43
1125842,8,6,13,-----1-------,1,40
1125781,7,16,14,-----1-------,1,53
1125717,8,10,13,-----1-------,1,28
1125712,6,8,13,-----------1-,1,25
1125679,2,6,13,-----------1-,1,29
1125664,6,13,5,-----1-------,1,26
1125638,8,10,13,-----------1-,1,53
1125625,2,13,8,-----1-------,1,53
1125605,7,2,13,1------------,1,26
1125207,8,8,13,-----1-------,1,37
1124454,2,8,13,--1----------,0,45
1124424,6,13,7,--1----------,0,53
1124402,9,13,8,-----1-------,1,36
1124387,7,4,13,--1----------,1,28
1124363,8,2,13,-----1-------,1,17
1124351,8,13,4,--1----------,1,46
1124323,6,13,10,-----1-------,1,50
1124279,6,13,10,-----1-------,1,63
1124227,8,3,13,-----1-------,1,29
1124176,8,13,9,-----1-------,1,56
1124160,8,13,2,1------------,1,80
1124104,7,13,8,-----1-------,1,56
1122920,8,6,13,--------1----,0,23
1121539,10,13,8,1111---------,1,46534143
1121509,8,13,6,1111---------,1,69413738
1121478,9,6,13,1111---------,1,48374512
1121427,8,5,13,-----1-------,1,49
1121296,8,13,2,------------1,1,69
1121117,9,4,13,-----1-------,0,33
1120901,9,13,6,------------1,1,70
1120130,2,13,9,-----1-------,1,30
1120099,8,13,4,-----1-------,1,52
1119924,8,11,13,-----1-------,0,50
1119861,7,13,11,11-----------,1,8134
1118648,6,7,13,11-----------,1,4737
1118593,10,8,13,11-----------,1,6138
1118394,8,13,8,-----1-------,1,58
1118162,9,13,9,-----1-------,0,78
1116974,6,17,19,-----1-------,0,52
1116762,6,13,11,-----1-------,0,53
1115608,2,16,14,-----1-------,1,43
1115555,6,13,9,-----1-------,1,49
1115503,10,13,8,------------1,1,41
1115393,7,13,9,-----1-------,1,29
1115358,9,13,6,-----1-------,1,35
1114304,7,13,1,-----1-------,1,50
1114284,6,16,14,----1--------,1,32
1114184,7,6,13,-----------1-,1,43
1113844,2,10,13,-----1-------,1,37
1112901,7,13,11,--1----------,0,56
1112653,8,13,3,1------------,1,69
1112395,6,7,13,-----1-------,1,19
1111508,9,8,13,1111---------,1,45392367
1111458,2,9,13,1111---------,1,56472538
1111446,8,4,13,------1------,0,38
1111408,6,13,10,------1------,0,54
1109752,2,0,13,------------1,1,15
1109498,7,13,3,------1------,0,85
1109461,8,11,13,------1------,0,48
1108756,11,13,6,111----------,1,463862
1108532,6,13,6,11-----------,1,5936
1108490,8,13,7,11---------1-,1,655424
1108297,6,15,15,-----1-------,1,40
1108164,6,15,15,-----------1-,1,63
1106699,10,13,7,-----------1-,1,41
1105727,8,7,13,-----1-------,1,46
1105659,7,13,7,11-----------,1,5978
1105620,11,10,13,11-----------,1,4945
1104078,2,13,6,11-----------,1,5252
1104045,8,6,13,11---------1-,1,634132
1102845,8,8,13,1-1----------,1,3554
1102820,2,4,13,1-1----------,1,4133
1102431,10,13,1,------1------,0,72
1101354,9,13,9,-111---------,1,494164
1100932,6,3,13,-----1-------,1,47
1099784,8,13,7,-----1-------,1,63
1099718,10,2,13,------------1,1,40
1099678,6,3,13,-----1-------,0,24
1099508,9,8,13,1--1---------,1,6631
1099457,7,10,13,11-----------,1,7530
1098271,2,13,3,-----1-------,1,88
1097153,8,8,13,--1----------,0,60
1097119,7,4,13,--1----------,0,58
1097095,6,5,13,--1----------,0,55
1096848,8,13,9,1------------,1,54
1095630,10,13,10,--11---------,1,4957
1095601,2,1,13,--11---------,1,4636
1091287,8,10,13,------1------,0,64
1091247,7,5,13,111----------,1,515222
1091193,2,16,14,111----------,1,753551
1091083,9,13,10,1-11---------,1,372337
1091079,10,9,13,------------1,1,55
1091061,12,13,9,------1------,0,73
1091042,6,8,13,1-11---------,1,662813
1089624,2,8,13,-----1-------,1,49
1088377,7,2,13,------1------,1,32
1088336,8,13,7,------1------,1,85
1088117,7,13,5,------------1,1,22
1088079,2,6,13,------------1,1,46
1085480,8,13,7,-----1-------,0,48
1085444,11,7,13,-----1-------,0,32
1081216,7,10,13,1111---------,1,60403928
1081136,2,13,7,1111---------,1,90495544
1081008,8,7,13,1-1----------,1,3038
1079581,8,13,6,-----1-------,1,59
1079543,10,8,13,-----1-------,1,46
1079503,2,13,11,-----1-------,1,66
1079485,7,13,3,---------1---,0,53
1078454,7,13,8,-----1-------,1,44
1078412,8,11,13,-----1-------,1,52
1078406,7,10,13,------1------,1,30
1078369,2,13,10,------1------,1,33
1078264,2,13,8,11-----------,1,3642
1078237,11,13,2,11-----------,1,9858
1078113,2,6,13,1----1-------,1,6123
1078048,9,13,9,1-1----------,1,7236
1077014,10,9,13,------------1,1,72
1076703,6,9,13,1------------,1,36
1076666,8,13,6,1------------,1,63
1075553,9,11,13,-----1-------,0,29
1075506,8,13,11,-----1-------,0,49
1075360,11,13,7,-----1-------,0,45
1073603,7,13,11,-----1-------,1,47
1071129,9,11,13,1111---------,1,58523339
1071100,10,13,9,-----1-------,1,42
1071088,8,13,10,1111---------,1,74524826
1071086,6,13,10,------1------,1,47
1071069,6,13,7,-----1-------,1,61
1071038,2,13,4,-----1-------,1,68
1071037,10,10,13,------1------,1,68
1070997,8,5,13,1111-------1-,1,6527342709
1070762,8,13,5,-----1-------,1,73
1070723,9,13,8,-----1-------,1,54
1069688,7,13,4,------1------,1,80
1069654,8,6,13,------1------,1,69
1069399,10,13,10,1--1---------,1,5856
1069345,11,13,10,111----------,1,563641
1069195,6,13,11,-----1-------,1,73
1068478,8,13,7,-111---------,1,485037
1068434,2,11,13,-111---------,1,382164
1068403,7,5,13,-----1-------,1,28
1068399,9,13,7,-111---------,1,453762
1068356,10,6,13,-11--------1-,1,426217
1068348,8,13,16,-----1-------,1,61
1068273,6,3,13,-111-------1-,1,34382416
1068242,6,13,4,-111-------1-,1,37409324
1068239,6,7,13,------1------,1,50
1068204,8,13,4,------1------,1,67
1068038,6,1,13,11-----------,1,4317
1067992,6,11,13,--1----------,1,20
1067920,10,16,14,-----------1-,1,43
1067851,6,9,13,--1----------,1,46
1067798,2,13,6,------1------,1,78
1067788,8,9,13,--1----------,1,52
1067746,8,13,11,-----1-------,1,56
1067582,6,10,13,--1----------,1,35
1066973,9,13,6,-----1-------,1,59
1066938,2,13,6,-----1-------,1,71
1066896,7,11,13,-----1-------,1,52
1066797,8,9,13,1111---------,1,68302728
1066756,6,8,13,1111---------,1,37414340
1066713,7,6,13,1111---------,1,62472634
1066526,7,16,14,-----1-------,1,45
1066433,6,13,16,-----1-------,1,55
1066402,6,13,5,-----1-------,1,58
1066329,7,11,13,-----1-------,1,56
1066301,6,1,13,------1------,0,40
1066298,6,5,13,-----1-------,1,51
1065297,6,11,13,-----------1-,1,58
1065270,8,8,13,------1------,0,44
1065256,9,13,10,-----------1-,1,56
1065098,8,13,10,-----1-------,1,57
1064946,8,16,14,-----1-------,1,54
1063875,6,6,13,1111---------,1,37323553
1063832,8,10,13,-----------1-,1,47
1063831,11,11,13,1111---------,1,68352539
1063817,11,10,13,------------1,1,52
1063756,6,7,13,111----------,1,452640
1063719,2,7,13,111----------,1,413444
1063692,6,13,3,-----1-------,1,63
1063645,9,11,13,-----1-------,1,44
1063490,8,10,13,------1------,0,49
1062494,10,6,13,1-11--1----1-,1,5132205920
1062453,11,13,11,1-11---------,1,523871
1062428,9,13,5,1-11---------,1,553187
1062389,6,13,8,1-11---------,1,616747
1062016,6,14,16,-----1-------,1,39
1061970,9,11,13,-----1-------,1,36
1061057,9,13,11,1-11---------,1,532840
1061023,10,13,4,1-11---------,1,807486
1060980,10,9,13,1-11-------1-,1,50355118
1060944,6,7,13,-----1-------,1,54
1060821,10,3,13,-111---------,1,341831
1060790,11,4,13,-111---------,1,233331
1059343,10,3,13,1-11---------,1,682938
1059315,9,13,3,1-1----------,1,9439
1059287,8,2,13,1-1----------,1,3713
1058297,9,9,13,1111---------,1,44365639
1058258,11,13,10,1111---------,1,84513633
1058203,10,6,13,1111---------,1,76282248
1058167,10,13,7,11-1---------,1,464952
1058137,2,13,3,11-----------,1,3557
1057883,9,13,8,------------1,1,54
1057750,7,8,13,------------1,0,38
1056741,2,13,16,------1------,1,59
1056680,6,4,13,1111---------,1,41272322
1056654,9,1,13,1111---------,1,23291229
1056619,10,7,13,1-1----------,1,4743
1055320,2,4,13,--11---------,0,3715
1055283,6,4,13,--11---------,1,2050
1055240,10,7,13,--11---------,1,1530
1055181,7,1,13,-111---------,1,133823
1054855,8,13,4,-----1-------,1,62
1053862,8,13,10,----1--------,1,41
1053844,6,10,13,1-11---------,1,453147
1053814,10,13,4,1-11---------,1,614247
1053756,6,13,10,--11---------,1,3328
1053728,6,2,13,--11---------,1,3613
1052398,8,13,5,------1------,1,80
1052345,6,12,16,-111---------,1,283953
1052308,6,13,8,1-11---------,1,496357
1050960,6,9,13,1111---------,1,69373925
1050919,8,7,13,1111---------,1,51322219
1050885,8,8,13,-111---------,1,353832
1050816,10,6,13,-------1-----,0,36
1050769,7,13,9,-------1-----,0,49
1050692,8,11,13,-----1-------,1,56
1049723,10,9,13,------------1,1,68
1049419,7,7,13,-----1-------,1,56
1049410,9,13,11,11-1---------,1,784732
1049377,9,13,8,-----1-------,1,63
1049233,8,3,13,------------1,0,45
1049140,9,7,13,11-----------,1,4433
1048296,6,13,10,1-1----------,1,5433
1048097,10,7,13,111----------,1,383431
1048044,9,3,13,111----------,1,321919
1047997,10,5,13,1-11---------,1,552730
1047830,8,4,13,1-1----------,1,3022
1047620,2,5,13,------1------,1,63
1047592,8,3,13,------1------,1,69
1046638,9,9,13,--11---------,1,4131
1046585,6,13,11,--11---------,1,3942
1046293,7,8,13,------------1,1,35
1045287,10,6,13,------------1,1,22
1045277,9,13,7,1111---------,1,54425442
1045252,8,13,4,------------1,1,48
1045233,10,13,7,1111---------,1,81344034
1045195,6,13,8,1111---------,1,64444355
1045138,6,7,13,--1----------,0,51
1045068,6,13,8,-----------1-,1,49
1043781,10,13,10,1111---------,1,60424651
1043674,8,12,16,-111---------,0,326340
1042331,6,3,13,1111---------,0,52342208
1042211,6,16,13,1111---------,1,75534634
1040925,9,13,11,11-1---------,1,556931
1040890,6,13,6,1111---------,1,65466244
1040849,3,13,11,1111---------,1,75343648
1040796,8,10,13,1-11---------,1,524010
1040795,8,8,13,------1------,0,54
1040750,8,5,13,1-11---------,1,554517
1039422,9,6,13,-----1-------,1,42
1039291,6,13,7,11-1---------,1,893448
1039210,11,5,13,11-----------,1,3047
1039001,9,16,13,111----------,1,743946
1038960,6,9,13,111----------,1,543530
1038177,2,5,13,1111---------,1,49492341
1038149,8,3,13,1111---------,1,26301342
1038120,11,3,13,1111--------1,1,4433351827
1038070,6,3,13,1111--------1,1,5226313811
1038066,7,13,4,-----1-------,1,50
1038034,8,13,9,-----1-------,1,30
1038028,8,13,9,111----------,1,442948
1037990,9,13,8,111----------,1,595467
1037888,3,13,6,------1------,0,62
1037859,6,3,13,------1------,0,54
1037799,8,13,9,11-----------,1,6749
1037738,6,4,13,111----------,1,511622
1036577,2,10,13,-11----------,1,2623
1036548,2,13,9,-----1-------,1,50
1035135,9,13,11,1111---------,1,47634130
1035123,8,13,6,-----1-------,0,68
1035087,6,13,11,1111---------,1,40403647
1035075,8,11,13,-----1-------,0,55
1035032,3,6,13,1-11---------,1,364740
1035012,6,10,13,-----------1-,1,40
1034991,9,8,13,1-11--------1,1,54334341
1033807,6,13,6,--1---------1,1,7250
1033773,8,5,13,--1---------1,1,2138
1033716,11,16,14,-11---------1,1,364345
1033673,9,13,9,111---------1,1,64513932
1033625,6,13,7,111----------,1,626143
1032230,2,13,4,111--------1-,1,82603825
1032222,3,13,6,-----1-------,0,82
1032188,3,11,13,111--------11,1,5541391361
1032152,9,13,6,111----------,1,752876
1030805,3,13,7,111----------,1,693437
1030775,6,7,13,111----------,1,702519
1030737,11,13,9,111----------,1,654940
1030569,2,13,11,-----1-------,1,47
1029252,6,16,14,-----------1-,1,49
1029212,6,13,11,-----------1-,1,70
1029137,2,8,13,11----1----11,1,4243481640
1029084,11,15,15,11----1-----1,1,56294245
1029001,8,14,16,11----1------,1,633354
1028944,8,14,16,11-----------,1,4536
1028902,6,13,7,11-----------,1,6443
1028072,7,10,13,111----------,1,733943
1028033,3,9,13,111----------,1,513534
1026549,8,7,13,------1------,1,31
1026500,9,11,13,1-1----------,1,6140
1026439,9,13,10,------1------,1,51
1026407,7,13,5,------1------,1,90
1026377,6,13,6,------1------,1,58
1025076,6,13,8,111----------,1,665863
1025031,3,13,5,11-----------,1,5671
1024995,6,13,4,11-----------,1,7839
1024925,8,10,13,----1--------,1,51
1023631,6,16,14,111----------,1,514046
1023576,6,13,7,-----1-------,0,56
1023567,2,11,13,111----------,1,461947
1023338,6,15,15,----1--------,1,51
1023314,11,1,13,----1--------,1,41
1023275,9,9,13,----1--------,1,19
1023164,6,9,13,----1--------,1,39
1022269,9,9,13,111----------,1,504150
1022223,3,13,11,111----------,1,475626
1022187,11,9,13,111----------,1,634646
1022088,6,6,13,-11----------,1,5730
1022080,2,19,16,-----1-------,0,41
1020733,8,16,13,-----1-------,0,44
1020724,3,10,13,111---------1,1,50406041
1020691,11,3,13,111----------,1,381638
1020651,2,9,13,111---------1,1,62442927
1020620,8,11,13,------1------,0,72
1020609,11,11,13,111---------1,1,37374652
1020277,2,9,13,-----1-------,1,47
1020233,3,13,4,-----1-------,0,66
1020134,6,16,12,-----------1-,1,51
1019248,9,10,13,-11----------,1,2734
1019069,8,13,9,-----1-------,0,50
1018995,7,13,8,11-----------,1,5433
1018887,3,10,13,-----1-------,1,38
1018868,2,13,8,11-----------,1,5944
1017962,11,13,11,11-----------,1,3836
1017936,8,8,13,-----1-------,0,42
1017913,2,16,12,11-----------,1,8434
1017864,2,16,13,111---------1,1,60372945
1017821,8,8,13,-----1-------,0,37
1016437,8,13,10,111----------,1,763740
1016425,6,13,8,-----1-------,0,69
1016398,11,13,9,111----------,1,663141
1016346,7,16,12,111----------,1,683032
1016179,3,13,9,------1------,1,39
1016142,2,10,13,-----1-------,1,52
1016141,8,13,8,------1------,1,37
1016062,2,13,4,------1------,1,62
1016033,8,3,13,------1------,1,13
1015989,8,13,7,------1------,1,41
1015863,3,13,4,-----------1-,0,60
1013523,3,13,6,111----------,1,534865
1013483,8,13,7,111---------1,1,67494960
1013448,11,13,6,111---------1,1,80403157
1013398,8,13,6,1-1----------,1,8238
1013348,2,6,13,1-1----------,1,5923
1013105,2,13,5,------1------,1,48
1013069,8,7,13,------1------,1,44
1012154,8,13,7,1-1----------,1,7058
1012120,3,13,3,1-1----------,1,8164
1012080,7,13,7,1-1----------,1,4846
1010602,2,13,11,111---------1,1,65553059
1010533,6,11,13,-----1-------,1,48
1010531,11,15,15,11----------1,1,633245
1010407,2,5,13,-----1-------,1,37
1010368,11,7,13,11----------1,1,423047
1010330,7,13,10,-----1-------,1,42
1010327,3,8,13,111---------1,1,58232741
1010299,9,13,0,11----------1,1,943371
1010289,8,11,13,-----1-------,1,62
1010231,8,8,13,-----1-------,0,79
1010120,8,15,15,-----1-------,1,53
1009995,8,10,13,-----1-------,1,47
1009967,9,13,2,-----1-------,1,52
1009221,6,13,7,-----1-------,0,91
1009186,8,3,13,-----1-------,1,24
1008969,6,13,5,-----1-------,0,69
1008703,8,13,10,-----1-------,1,58
1007495,6,11,13,1------------,1,45
1006007,11,6,13,111---------1,1,59404420
1005971,2,7,13,1111--------1,1,4639451935
1005936,9,13,7,1111--------1,1,6645313060
1005872,8,13,10,-----1-------,1,45
1005114,9,13,8,1111--------1,1,4343426673
1005063,7,11,13,1111--------1,1,7026403846
1005026,9,13,8,1111--------1,1,5751704345
1004978,6,9,13,11-----------,1,4724
1004805,8,13,4,-----1-------,0,68
1004672,8,8,13,------1------,1,41
1004636,3,19,16,-----1-------,0,62
1004596,8,7,13,-----1-------,1,47
1004566,6,3,13,-----1-------,1,18
1004394,8,13,2,-----1-------,1,63
1004241,6,13,11,-----1-------,1,60
1003679,7,8,13,------1------,0,39
1003257,9,13,16,11-----------,1,6337
1002981,8,15,15,-----------1-,1,56
1002934,6,13,11,-----------1-,1,53
1000579,9,14,16,1111---------,1,78314820
1000540,8,5,13,1111--------1,1,4929333633
1000508,9,13,6,1111---------,1,87386359
1000470,11,6,13,111----------,1,493142
1000355,8,16,12,-----1-------,1,46
1000269,6,11,13,-----1-------,1,82
1000166,8,6,13,-----1-------,1,37
1000105,8,16,13,-----1-------,1,47
999312,11,11,13,111----------,1,694834
999279,8,4,13,111---------1,1,51433435
999246,11,13,8,111---------1,1,76324942
999172,9,16,12,111----------,1,582853
999128,9,13,5,-----1-------,1,67
999119,6,16,13,1-1---------1,1,594033
999090,2,5,13,-----1-------,0,63
999066,8,13,11,1-1---------1,1,526433
997682,11,13,7,-----1-------,1,44
997666,7,11,13,--1---------1,1,3221
997474,8,9,13,-----1-------,0,44
997422,8,13,11,1-1----------,1,6220
996364,8,2,13,------1------,0,31
996327,3,13,5,1-1----------,1,6654
996269,7,15,15,1-1----------,1,5238
996156,6,13,11,-----1-------,0,60
994866,7,9,13,111----------,1,473032
994834,3,13,5,1111---------,1,74538555
994800,9,6,13,1111---------,1,54242542
994777,8,11,13,-----1-------,1,45
994758,2,10,13,11-1---------,1,663930
994730,9,16,12,-----1-------,1,68
994698,2,13,7,-----1-------,1,44
993390,3,11,13,111---1------,1,56313047
993355,3,6,13,111---1------,1,36432934
993320,8,13,3,111----------,1,874875
993104,8,13,11,-----1-------,1,50
991870,9,13,11,1------------,1,63
991718,8,13,10,-----1-------,1,76
990405,11,11,13,1-1---------1,1,463350
990328,6,13,1,--1---------1,1,4959
990301,8,1,13,--1---------1,1,3727
990123,3,13,10,-----1-------,1,66
990080,8,13,8,-----1-------,1,47
990010,8,8,13,-----------1-,1,52
988866,2,13,10,--1---------1,1,3851
988853,2,13,4,-----1-------,1,65
988813,2,13,8,-----1-------,1,35
988759,6,10,13,-------1-----,0,67
987784,7,13,8,--1---------1,1,5331
987753,9,5,13,--1---------1,1,3732
987406,9,10,13,-----1-------,1,42
987355,9,13,7,-----1-------,1,84
987182,6,13,7,------1------,0,49
986194,2,13,11,1-1----------,1,5855
986101,3,8,13,-----1-------,1,35
984678,11,13,5,111----------,1,596633
984626,7,13,8,------1------,1,46
984584,2,13,10,-----1-------,1,73
984582,9,13,4,-----------1-,1,55
984543,3,9,13,-----------1-,1,48
983268,8,16,14,11-----------,1,7031
983228,7,13,6,11-----------,1,7434
982911,6,6,13,------1------,0,51
981788,11,13,16,-----1-------,1,46
980444,2,16,12,111---------1,1,62363648
980091,2,13,6,-----1-------,1,79
980061,8,13,5,-----1-------,1,68
979118,6,13,5,-----1-------,1,59
974591,6,13,4,-----1-------,1,36
974514,6,13,10,-----1-------,1,50
974191,8,10,13,-----------1-,1,37
974150,6,13,9,-----------1-,1,49
971808,8,13,8,111----------,1,982242
971758,6,13,16,111----------,1,683941
971712,7,13,9,111----------,1,793343
971381,2,13,9,11----------1,1,772935
971314,11,4,13,11----------1,1,333236
971285,9,13,4,11----------1,1,925455
971168,3,2,13,11-----------,1,4532
970112,8,9,13,-----1-------,1,52
970037,8,13,11,-----1-------,1,46
970004,6,1,13,--1----------,1,14
968914,2,9,13,-----1-------,1,49
968909,6,7,13,--1---------1,1,4137
968842,11,10,13,-----1-------,1,37
968505,9,13,9,11----1-----1,1,61374928
968451,3,15,15,11----1-----1,1,58315254
968418,7,13,4,11----1-----1,1,65394855
967511,11,13,4,111---------1,1,73504465
967461,9,11,13,11----------1,1,525033
967400,3,13,10,11----------1,1,583764
967350,11,13,8,11----------1,1,904953
967282,8,13,4,1-----------1,1,9344
967222,2,13,11,11----------1,1,724533
965855,8,13,6,-----1-------,1,38
965822,8,13,4,-----1-------,1,51
965793,8,8,13,-----------1-,1,61
964582,7,8,13,11-----------,1,4225
964507,8,13,4,11-----------,1,8832
964189,9,13,6,-----------1-,1,37
964150,9,13,5,-----------1-,1,76
964112,2,13,4,-----------1-,1,59
963089,2,13,7,11-----------,1,6150
963083,11,5,13,-----------1-,1,48
963042,8,13,11,11-----------,1,7235
963039,8,10,13,-----------1-,1,64
963012,9,7,13,-----1-------,1,33
962736,7,13,4,------1------,1,46
961693,8,6,13,111----------,1,391339
961653,8,9,13,111----------,1,454032
961609,9,13,10,11-----------,1,6238
961548,3,10,13,-----------1-,1,68
961512,8,13,3,-----------1-,1,99
960243,9,13,9,-----1-------,1,58
960212,9,13,9,-----1-------,1,56
960173,9,10,13,-----1-------,1,57
960031,6,8,13,-----1-------,1,32
958843,12,1,13,--1---------1,0,2131
958805,12,11,13,--1----------,0,21
958781,3,1,13,--1----------,0,37
958770,7,16,14,-----1-------,1,43
958614,8,11,13,-----1-------,1,49
958461,11,14,16,11-----------,1,8639
957246,6,16,14,------1------,1,49
957209,8,13,9,------1------,1,38
955897,7,7,13,111----------,1,563037
955690,11,13,8,-----1-------,1,50
954513,8,1,13,--1---------1,0,2923
954441,6,6,13,-----1-------,1,24
954412,8,3,13,-----1-------,1,48
954016,2,11,13,-----------1-,1,49
952476,6,13,7,------1------,1,40
952439,9,13,6,------1------,1,41
951587,9,7,13,-----1-------,1,56
951561,8,13,2,-----1-------,1,75
951485,8,9,13,-----1-------,1,02
951452,7,6,13,-----------1-,1,23
950149,8,13,10,-----1-------,1,53
950030,12,13,2,--1----------,0,82
949937,3,9,13,-----1-------,0,63
949763,3,13,8,-----1-------,1,70
948863,8,4,13,111----------,1,301940
948855,8,11,13,-----1-------,1,74
948831,11,5,13,111----------,1,501846
948811,3,13,9,-----1-------,1,42
948789,6,10,13,111----------,1,341784
948648,11,13,9,111----------,1,723044
948610,2,13,9,111----------,1,693352
948470,2,13,7,-----1-------,1,72
948435,6,9,13,-----1-------,1,34
947573,8,13,11,-----1-------,1,34
947524,8,13,11,-----1-------,1,48
947500,6,13,2,-----1-------,1,59
947480,3,8,13,111----------,1,612845
947450,9,14,16,-----1-------,1,40
947428,2,15,15,1111---------,1,76273638
947420,8,13,5,-----1-------,1,61
947206,8,8,13,11-----------,1,4931
947168,2,13,4,11-----------,1,7460
947134,9,13,7,11-----------,1,8629
945901,6,9,13,111----------,1,591033
944240,3,10,13,-----------1-,1,45
942781,3,9,13,-----------1-,1,73
942466,3,13,8,-----1-------,1,59
941474,8,13,2,11-----------,1,8537
941331,8,13,7,-----1-------,0,34
941040,8,11,13,------1------,1,48
940077,8,11,13,------1------,1,77
940061,2,4,13,-----1-------,1,37
939985,6,15,15,-----------1-,1,55
939944,9,9,13,-----------1-,1,47
939918,2,3,13,-----------1-,1,39
939579,2,13,5,-----1-------,0,76
938838,8,13,11,-----1-------,0,43
938827,7,13,8,1-----------1,0,9545
938794,9,13,11,-----1-------,0,50
938757,2,11,13,-----1-------,0,43
938667,7,13,10,1-----------1,1,6342
938605,8,19,16,-----1-------,0,45
938447,9,13,9,-----1-------,1,45
938405,6,13,9,-----1-------,1,49
938165,8,13,2,-----1-------,0,49
935850,6,10,13,------1------,1,41
935815,8,0,13,111---------1,1,22001127
935783,8,15,15,------1------,1,50
935616,8,13,9,-----1-------,0,57
935598,7,13,3,11----------1,1,672952
935563,3,6,13,111--------11,1,6627111736
935520,7,8,13,11----------1,1,423224
935464,8,7,13,11---------11,1,32413431
935428,2,13,7,11---------1-,1,641884
935391,6,8,13,11-------1--1,1,38262535
934501,9,13,6,-------1-----,0,50
932826,4,6,13,11---------1-,0,421239
932784,8,8,13,11-----------,1,6931
929997,9,5,13,1-1---------1,1,442722
929960,3,8,13,1-----------1,1,6136
929904,9,13,6,1-----------1,1,6029
929870,8,10,13,-----------1-,1,43
929850,8,13,11,--1---------1,1,5031
929813,9,8,13,--1---------1,1,1451
929790,8,14,16,-----1-------,0,48
928734,2,4,13,--1---------1,1,4244
928689,6,13,7,--1---------1,1,3859
928474,11,3,13,-------1-----,0,51
928388,9,13,4,-------1-----,0,43
928298,9,10,13,11---------1-,1,345644
927403,6,13,11,------1------,0,28
927290,2,11,13,--1---------1,1,3134
927240,3,13,11,--1---------1,1,4133
921390,6,8,13,------1------,1,30
921351,8,8,13,------1------,1,61
921329,3,9,13,1-1---------1,1,832825
921281,8,13,11,1-1---------1,1,595825
921205,2,11,13,--1---------1,1,3742
921160,6,14,16,-----------1-,1,72
921127,11,6,13,-----------1-,1,31
918703,8,13,8,111---------1,1,74415040
918662,3,13,11,111---------1,1,39353173
918626,8,13,8,111---------1,1,76286764
918503,9,13,10,--1---------1,1,3631
917228,8,13,7,--1---------1,0,5761
916913,7,13,4,-------1-----,0,71
916876,6,11,13,-------1-----,0,55
916804,8,13,11,11----------1,1,592934
916622,12,7,13,11---------1-,0,652231
916592,10,4,13,11---------1-,0,543622
915816,7,1,13,111---------1,1,27080832
915773,8,10,13,111---------1,1,49473527
915707,11,2,13,111--------11,1,6720100529
915625,9,9,13,111--------11,1,7114482445
915602,6,1,13,111--------11,1,6116270907
915508,9,13,3,1-1---------1,1,504164
915471,8,4,13,11----------1,1,352046
915391,2,8,13,1-1----------,1,3945
914182,8,6,13,1-1----------,1,6625
914152,11,13,4,1-1----------,1,7259
912513,9,8,13,-----------1-,1,61
912485,9,13,2,-----------1-,1,66
911172,9,11,13,-----------1-,1,42
911135,8,7,13,-----------1-,1,34
909825,11,9,13,-----1-------,1,29
909794,9,3,13,-----1-------,1,24
909741,6,13,8,1-1---------1,1,913747
909692,11,16,14,1-1---------1,1,464634
909644,2,11,13,1-1---------1,1,554155
907952,6,13,7,-------1-----,0,51
906597,2,10,13,1-1---------1,1,523024
906536,8,13,11,1-1----------,1,4733
905489,8,7,13,--1---------1,1,2838
903923,6,4,13,-----------1-,1,35
902479,6,7,13,-----------1-,1,35
902441,11,13,1,-----------1-,1,48
900990,9,0,13,-----------1-,1,26
900957,6,13,8,-----------1-,1,45
900928,11,13,3,-----------1-,1,54
899711,6,13,8,1-1----------,1,8447
899677,8,13,7,1-1----------,1,6039
899649,3,4,13,-----------1-,1,41
899615,9,13,7,-----------1-,1,69
899391,7,13,9,-----1-------,0,42
899357,8,13,9,-----1-------,0,44
899341,9,13,11,-----------1-,1,47
898471,8,11,13,--1----------,0,53
898168,8,13,16,-----------1-,1,57
898129,9,10,13,-----------1-,1,58
898050,8,13,11,111---------1,1,90444837
898012,6,6,13,111--------11,1,6213371625
897984,8,13,7,-------1-----,0,58
897983,2,3,13,11-1-------11,1,5430321242
897916,12,13,4,-------1-----,0,68
897076,8,15,15,1-1----------,1,5445
897045,9,3,13,1-1----------,1,4933
897007,8,13,8,1-1----------,1,4338
896972,8,13,7,1-1----------,1,3531
896325,8,13,9,1-----------1,1,5321
896280,7,13,10,1-----------1,1,4726
895424,11,10,13,-----------1-,1,45
895372,6,16,13,-----------1-,1,55
895319,6,10,13,-----------1-,1,45
890989,6,16,14,-----------1-,1,50
889696,9,10,13,------1------,1,38
889660,9,4,13,-----1-------,0,39
889579,9,8,13,-----------1-,1,45
889547,11,6,13,-----------1-,1,38
889298,6,11,13,-----1-------,1,44
889287,2,14,16,-----------1-,1,48
889061,3,7,13,-----------1-,1,38
888200,9,7,13,-----------1-,1,42
888156,6,13,11,-----------1-,1,55
888124,11,13,6,-----------1-,1,70
887891,7,11,13,1----------1-,1,6038
886583,2,11,13,1----------1-,1,5518
885323,9,7,13,-----------1-,1,56
883858,9,6,13,-----------1-,1,33
883817,2,13,11,-----------1-,1,43
883605,2,10,13,-----------1-,1,64
882466,11,4,13,-----------1-,1,34
882426,9,9,13,-----------1-,1,45
882388,9,8,13,-----------1-,1,34
882357,9,13,5,-----------1-,1,47
882201,7,11,13,-----------1-,1,62
880960,9,5,13,-----------1-,1,35
880918,7,8,13,-----------1-,1,24
880882,2,13,9,-----------1-,1,57
880837,8,13,3,-----------1-,1,49
879564,6,13,10,------1------,1,55
879528,8,13,8,------1------,0,39
879294,8,10,13,---------1---,0,45
879272,9,13,11,-----1-------,1,49
879185,11,15,15,-----1-------,1,48
878248,8,3,13,------1------,0,25
878219,9,4,13,------1------,0,47
875257,3,13,11,-----------1-,1,57
875222,9,13,6,-----------1-,1,72
875169,9,16,13,-----------1-,1,52
873837,11,13,10,-----------1-,1,50
873788,3,13,11,-----------1-,1,52
873755,3,13,6,-----------1-,1,79
873724,11,13,4,-----------1-,1,63
873501,6,13,7,-----------1-,1,80
873465,9,13,6,-----------1-,1,38
873424,6,13,9,-----------1-,1,76
872402,3,4,13,-----------1-,1,24
872344,11,16,14,-----------1-,1,43
872310,7,5,13,-----------1-,1,38
870917,3,3,13,-----------1-,1,49
870869,9,8,13,-----------1-,1,43
869529,2,2,13,-----------1-,1,44
869476,8,16,12,-----------1-,1,57
869437,9,13,10,-----------1-,1,32
869393,6,11,13,-----------1-,1,54
868135,2,13,9,-----------1-,1,54
868099,11,7,13,-----------1-,1,28
867915,8,11,13,-----1-------,1,58
866705,7,3,13,-----------1-,1,45
866651,6,13,11,-----------1-,1,57
866605,9,10,13,-----------1-,1,43
866561,2,11,13,-----------1-,1,30
865202,11,8,13,-----------1-,1,43
865146,9,16,14,-----------1-,1,56
865096,9,16,14,-----------1-,1,51
865044,3,16,13,-----------1-,1,54
863727,3,13,16,-----------1-,1,59
863689,9,13,6,-----------1-,1,54
863656,3,13,5,-----------1-,1,84
863621,11,4,13,-----------1-,1,40
863585,3,6,13,-----------1-,1,50
862287,8,9,13,-----------1-,1,56
862231,9,16,13,-----------1-,1,45
862191,6,13,9,-----------1-,1,75
860745,8,11,13,-----------1-,1,66
860704,3,11,13,-----------1-,1,48
860658,11,13,3,-----------1-,1,44
859436,2,4,13,-----------1-,1,52
859402,11,8,13,-----------1-,1,54
859359,9,13,11,-----------1-,1,44
859319,2,13,11,-----------1-,1,64
859061,2,2,13,-----------1-,1,47
859038,3,13,6,-----1-------,1,53
859016,8,13,1,-----1-------,1,99
859016,3,16,13,-----------1-,1,59
858977,9,9,13,-----------1-,1,30
858130,11,8,13,-----------1-,1,35
858090,9,13,10,-----------1-,1,67
858055,9,13,3,-----------1-,1,61
858013,3,10,13,-----------1-,1,42
857983,11,13,3,-----------1-,1,79
857930,9,13,7,-----------1-,1,53
857891,8,13,8,-----------1-,1,63
857854,11,13,8,-----------1-,1,70
857812,6,4,13,------1------,1,39
857409,9,13,9,11-----------,1,4617
856224,6,13,10,1----------1-,1,6042
856195,2,13,3,1----------1-,1,9461
854986,2,9,13,-----------1-,1,49
854963,3,13,1,-----------1-,1,73
853646,6,11,13,-----------1-,1,55
853611,9,13,6,-----------1-,1,37
853572,3,9,13,-----------1-,1,60
851987,9,7,13,11---------1-,1,382419
848915,9,13,4,-------1-----,0,82
847373,9,13,10,11---------1-,1,743931
847337,1,7,13,11---------1-,0,583335
846504,6,13,4,-------1-----,0,60
846398,9,13,4,-----------1-,1,55
846190,6,11,13,11---------1-,1,870839
846051,7,13,4,--------1----,0,43
843609,7,7,13,-----------1-,1,38
843571,9,13,10,-----------1-,1,57
843540,9,13,4,-----------1-,1,68
843501,11,13,9,-----------1-,1,31
842184,6,10,13,------1------,1,50
842170,9,15,15,-----------1-,1,56
842156,11,4,13,1--1---------,0,4148
842144,3,5,13,------1------,1,37
842130,2,9,13,-----------1-,1,58
840783,8,15,15,------1------,1,57
840738,9,13,11,------1------,1,40
840714,6,8,13,-----------1-,1,40
840712,7,13,11,1--1---------,0,3521
840689,9,13,1,1--1---------,0,9539
840675,2,9,13,-----------1-,1,43
840637,6,9,13,-----------1-,1,48
840595,9,13,10,-----------1-,1,55
838827,8,4,13,-----------1-,1,39
837858,7,13,8,-----------1-,1,30
837478,2,8,13,1----------1-,0,3734
837437,8,13,11,1----------1-,0,4526
837377,8,15,15,-----1-------,1,74
836458,8,13,1,-----------1-,1,92
836390,6,7,13,-------1-----,0,58
836306,6,13,8,------1------,1,39
835993,9,6,13,1----------1-,1,4148
835986,8,13,8,-----1-------,0,33
834967,8,6,13,------1------,1,42
833467,3,8,13,-----------1-,0,59
833435,4,6,13,-----------1-,0,51
833405,8,7,13,-----------1-,0,49
830770,6,13,10,------1------,1,38
830723,11,13,11,------1------,1,33
830670,9,16,12,------1------,1,35
830647,6,13,0,------1------,1,51
830591,10,11,13,-----------1-,0,46
830552,11,13,9,-----------1-,0,37
830517,7,13,5,-----------1-,0,49
830484,8,9,13,-----------1-,0,58
829237,8,3,13,-----------1-,0,55
826391,7,13,6,------1------,1,64
826356,6,13,7,------1------,1,53
826317,8,9,13,------1------,1,29
824931,1,13,4,-----------1-,0,46
824773,2,13,7,-----1-------,1,68
823453,8,7,13,-----------1-,0,15
823387,8,13,3,-----------1-,0,77
820517,9,6,13,------1------,0,53
820474,2,9,13,------1------,1,21
820431,3,13,8,------1------,0,29
819229,9,11,13,------1------,0,31
816303,8,16,13,-------1-----,1,65
814494,8,13,9,------1------,1,35
814450,9,11,13,------1------,1,18
808897,7,6,13,-----------1-,0,27
806150,8,13,6,------1------,1,43
804542,9,7,13,------1------,1,50
801859,11,14,16,------1------,1,36
801825,11,5,13,------1------,1,51
800555,10,9,13,------1------,0,37
797271,8,13,5,-------1-----,1,40
796120,6,9,13,------1------,0,32
796113,8,4,13,-------1-----,1,35
796068,7,13,11,------1------,1,34
786218,6,13,7,------1------,0,46
782991,8,13,8,------1------,1,46
782954,6,13,8,------1------,0,33
777362,9,13,3,-------1-----,0,67
769729,12,4,13,------1------,1,45
769697,8,2,13,------1------,1,51
769660,8,13,6,------1------,1,44
768651,6,10,13,-----1-------,1,47
765840,8,13,10,------1------,0,45
765801,10,13,5,------1------,0,61
763006,6,4,13,------1------,0,28
757161,8,13,5,-------1-----,0,56
757091,8,7,13,-------1-----,1,54
751111,12,13,10,-------1-----,1,56
748095,9,11,13,-------1-----,1,60
741404,9,13,8,-----1-------,1,44
737043,8,8,13,------1------,0,15
736804,8,13,9,-----1-------,1,51
736764,9,7,13,--------1----,0,08
736751,12,13,11,-----1-------,1,47
736725,7,7,13,1------1-----,1,4466
736668,2,11,13,1------1-----,1,4641
735668,11,13,2,11-----1-----,0,933295
735631,11,11,13,11-----------,0,6831
735152,3,14,16,-----1-------,1,46
733904,8,7,13,-----1-------,1,39
729852,8,2,13,--------1----,0,31
729698,8,13,7,1--------1---,1,5640
725798,8,13,7,--------1----,0,43
716716,11,3,13,1--1-----1---,0,390717
713384,8,9,13,------------1,1,40
710911,0,0,13,1--------1---,0,4633
708321,6,13,10,1-----------1,1,6242
708287,6,5,13,1-----------1,1,3922
708167,12,13,16,1-1----1----1,1,33454362
706595,6,13,8,1------1----1,1,356650
703633,4,6,13,1--------1---,0,5324
703592,12,10,13,1--------1--1,1,282632
703561,8,13,6,1--------1---,1,8624
702463,11,10,13,1-11-----1---,0,42413926
696388,6,16,14,-------1-----,1,52
696352,8,8,13,-------1-----,0,71
696318,8,13,10,-------1-----,0,76
696289,11,13,4,-------1-----,0,81
694173,9,5,13,1--------1---,1,3328
694130,6,13,5,1--------1---,1,6658
678999,0,10,13,------------1,0,53
662060,7,9,13,------1------,1,33
661679,12,14,16,1------------,1,39
660485,2,13,11,1------------,1,42
651658,7,7,13,------------1,0,40
646087,8,10,13,1------------,0,29
638672,7,9,13,1--1---------,1,4440
631530,8,14,16,1-----------1,1,5537
627566,2,10,13,-----1-------,1,51
627523,9,13,6,-----1-------,1,86
624919,12,13,7,-----1-------,1,63
624382,8,13,9,-----1-------,1,59
624256,9,15,15,-----1-------,1,61
623275,8,13,6,-----1-------,1,51
623066,8,13,10,-----1-------,1,81
614612,8,13,9,-----1-------,1,42
614272,2,13,6,-----1-------,1,49
614233,12,13,8,-----1-------,1,50
608828,6,6,13,------1------,0,39
605971,8,13,5,-----1-------,0,71
605932,2,13,9,-----1-------,0,55
604568,3,1,13,-------1-----,1,04
604510,7,13,7,-------1-----,1,57
604489,12,13,2,-------1-----,1,78
604155,12,6,13,-----1-------,1,41
600282,12,13,8,-----1-------,1,55
595988,9,10,13,-----1-------,0,55
594665,12,11,13,-----1-------,0,44
594638,8,13,3,-----1-------,0,83
594610,9,6,13,-----1-------,0,40
594572,3,9,13,-----1-------,1,59
588388,8,8,13,-----1-------,1,41
587075,12,7,13,-----1-------,1,27
585878,7,13,10,-----1-------,0,74
585837,3,13,10,-----1-------,0,68
585499,6,8,13,-------1-----,1,54
584587,6,7,13,-------1-----,0,36
584550,2,9,13,-------1-----,1,43
583913,8,5,13,-----1-------,1,40
581534,12,8,13,-----1-------,1,29
581085,2,8,13,--1---------1,1,4451
578161,2,0,13,--1---------1,1,3627
577073,3,16,13,1-1---------1,1,454760
577023,12,13,16,1-1---------1,1,554730
575782,8,2,13,-----1-------,1,46
575472,8,13,11,-----1-------,1,43
575388,8,13,10,------1------,0,75
574340,9,13,4,-----1-------,1,82
574268,7,11,13,-------1-----,1,42
574229,8,9,13,-------1-----,0,46
573891,9,13,8,1-1---------1,1,922547
573851,12,10,13,1-1---------1,1,483447
571454,9,13,3,-----1-------,1,84
571368,8,8,13,-----1-------,1,43
571317,9,9,13,-----1-------,1,64
571043,8,8,13,-----1-------,1,60
570710,8,7,13,-----1-------,1,35
569531,12,11,13,1-1----------,1,6129
568139,12,9,13,1-1---------1,1,451256
568102,8,6,13,1-1---------1,1,703024
566923,8,9,13,-----1-------,1,60
566889,12,13,8,-----1-------,1,56
566707,8,7,13,--1---------1,1,4334
565787,8,6,13,--1---------1,1,4519
565463,9,3,13,-------1-----,0,60
565045,7,11,13,-----1-------,1,47
564383,9,13,7,-----1-------,1,55
564343,2,2,13,-----1-------,1,26
564302,12,8,13,-----1-------,1,33
563788,6,13,7,1-1---------1,1,854455
563753,8,13,4,1-1---------1,1,785245
562391,8,9,13,1-1---------1,1,662731
562335,2,14,16,1-1---------1,1,533049
561063,8,13,6,1-1----------,1,7636
560892,2,8,13,1-1----------,1,3931
559853,8,13,9,-----1-------,1,36
559505,7,9,13,1-1---------1,1,623725
559464,12,13,7,1-1---------1,1,724037
558387,8,14,16,-----1-------,1,48
558337,8,10,13,-----1-------,1,52
558307,9,13,2,-----1-------,1,73
558225,6,13,7,------1------,1,65
558087,8,13,10,1-1---------1,1,543352
558045,12,11,13,1-1---------1,1,721677
556971,2,13,11,1-1---------1,1,562739
556922,8,13,11,1-1---------1,1,364540
556652,8,16,14,-----1-------,1,27
556617,2,13,8,-----1-------,1,67
555402,8,11,13,1-1---------1,1,754538
555326,7,4,13,-------1-----,0,04
555279,10,13,11,-------1-----,0,57
554083,8,13,2,-----1-------,1,55
554047,9,13,7,-----1-------,1,54
553883,12,13,10,-----1-------,1,51
553699,8,7,13,-----1-------,1,38
553668,12,13,11,1-1---------1,1,454542
553634,7,7,13,--1---------1,1,3141
552567,8,13,5,-----1-------,1,81
552516,12,16,12,-----1-------,1,43
552457,9,11,13,-----1-------,1,50
552420,12,13,0,1-1----------,1,8760
552373,8,13,10,1-1----------,1,4517
552351,8,5,13,-----1-------,1,67
551162,8,9,13,-----1-------,1,42
551113,9,7,13,-----1-------,1,40
550968,9,13,9,-----1-------,1,39
550807,8,13,16,-----1-------,1,37
549959,8,10,13,-----1-------,1,44
549912,8,13,10,-----1-------,1,37
549815,2,15,15,1-1----------,1,4037
549777,10,13,7,1-11---------,0,422944
549606,8,13,10,-----1-------,1,53
549577,2,10,13,1-1----------,1,7245
549563,8,13,9,-----1-------,1,69
549534,8,10,13,1-1---------1,1,654046
549498,9,13,4,1-1----------,1,9730
549496,6,11,13,-----1-------,1,47
549461,8,13,8,-----1-------,1,30
549376,12,9,13,-----1-------,1,46
549344,6,13,6,-----1-------,1,57
549321,12,5,13,--1---------1,1,5412
548149,7,13,10,1-1----------,1,4837
547943,8,11,13,-----1-------,1,48
547899,8,4,13,1-1---------1,1,432624
547867,9,7,13,1-1---------1,1,533244
546993,2,11,13,1-1---------1,1,414039
546960,8,13,3,1-1---------1,1,814761
546899,6,13,8,------1------,0,46
546892,9,2,13,--1---------1,1,1827
546862,8,5,13,--1---------1,1,3629
545328,6,3,13,-----1-------,1,74
545288,3,8,13,-----1-------,1,52
545086,6,13,9,-----1-------,1,51
545046,6,10,13,-----1-------,1,45
544263,2,10,13,-----1-------,1,43
544202,8,13,6,-------1-----,1,64
544200,2,13,7,1-1---------1,1,515440
544195,12,15,15,-----1-------,1,38
544088,2,13,9,1-1---1-----1,1,51327960
544044,12,13,9,1-1---1-----1,1,69413943
543788,12,7,13,1-1----------,1,3321
543733,8,9,13,1-1----------,1,5433
541204,8,7,13,-----1-------,1,49
539680,12,11,13,-----1-------,1,47
539608,9,5,13,-----1-------,1,28
539579,8,13,4,-----1-------,1,60
539227,7,13,16,------1------,1,43
539152,8,13,6,------1------,1,47
538366,8,13,10,-----1-------,1,62
538324,8,5,13,1-1---------1,1,592622
538266,6,13,9,1111--------1,0,8321634840
538004,8,6,13,------1------,0,46
536915,9,13,10,-----1-------,1,62
536589,2,13,5,-----1-------,1,59
536467,12,16,13,1-1---------1,1,644460
535534,3,13,7,1-1---------1,1,803658
535493,9,10,13,1-1---------1,1,572749
535349,8,16,12,1-1---------1,1,875342
535294,12,13,8,1-1---------1,1,823660
535229,8,8,13,-----1-------,1,47
535228,2,15,15,1-1---------1,1,453656
535107,6,10,13,-------1-----,0,59
535078,9,13,7,-------1-----,0,64
533986,12,13,11,--1---------1,1,4366
533952,6,6,13,--1---------1,1,3629
533785,3,8,13,--1---------1,1,3260
533760,2,8,13,-----1-------,1,35
533748,8,13,5,--1---------1,1,5738
533710,9,13,11,-----1-------,1,68
533666,3,13,8,-----1-------,1,56
532162,6,10,13,-----1-------,1,40
532131,2,6,13,-----1-------,1,57
532128,12,6,13,--1----------,1,43
531064,8,13,8,-----1-------,1,47
531034,2,13,3,-----1-------,1,80
530999,12,9,13,-----1-------,1,45
530734,8,9,13,-----1-------,1,33
530680,12,13,9,-----1-------,1,50
530621,8,13,11,-----1-------,1,59
529404,12,10,13,1-1---------1,1,513432
529366,9,13,9,1-1---------1,1,405433
529326,8,9,13,1-1---------1,1,441938
529299,8,13,8,-----1-------,1,37
529265,8,13,3,-----1-------,1,65
528298,8,7,13,-----1-------,1,38
528260,2,9,13,-----1-------,1,59
528213,7,14,16,1-1---------1,1,633953
528172,12,13,10,1-1---------1,1,564462
528013,2,9,13,-----1-------,1,49
527973,8,13,11,-----1-------,1,37
527930,9,7,13,-----1-------,1,43
527807,2,13,10,-----1-------,1,49
527777,12,13,0,-----1-------,1,43
526796,8,13,7,1-1---------1,1,743428
526761,8,15,15,-----1-------,1,52
526760,12,13,8,1-1---------1,1,523754
526730,6,13,7,-----1-------,1,68
526695,8,8,13,-----1-------,1,42
526594,8,16,13,-----1-------,1,61
526589,6,13,9,-------1-----,1,59
526554,12,13,5,-----1-------,1,50
525563,8,9,13,--1---------1,0,3059
525529,2,13,6,--1---------1,0,7966
525492,8,13,10,--1---------1,0,4847
525304,8,13,9,-----1-------,1,60
525262,9,12,16,--1---------1,1,3469
525101,8,13,5,--1---------1,1,4244
523710,8,13,7,------------1,1,47
523551,8,5,13,--1---------1,1,3052
522477,8,4,13,--1---------1,0,1332
521135,8,4,13,-----1-------,1,31
521086,12,16,13,-----1-------,1,57
520821,8,13,6,-----1-------,1,68
519814,8,1,13,--1---------1,0,1616
519679,9,13,10,-----1-------,1,55
519644,12,13,10,-----1-------,1,52
519365,8,5,13,1-1---------1,1,501616
519329,2,13,4,1-1---------1,1,704457
518245,12,11,13,-----1-------,1,44
518205,9,10,13,-----1-------,1,45
517930,8,14,16,-----1-------,1,59
516499,9,13,6,-------1-----,1,71
516231,8,4,13,-----1-------,1,27
515306,2,13,4,1-1----------,1,4553
515266,8,13,8,1-1----------,1,8444
515233,7,13,4,1-1----------,1,7050
514977,9,13,9,-----1-------,1,74
514943,12,9,13,-----1-------,1,66
514872,8,10,13,-----1-------,1,57
512452,8,15,15,-----1-------,1,34
512421,8,6,13,-----1-------,1,42
510984,8,4,13,1-1---------1,1,451918
510952,8,13,3,------1------,0,61
510941,12,9,13,1-1---------1,1,713942
510742,6,16,13,--1---------1,1,3742
510367,7,9,13,--1---------1,1,3037
509555,8,13,9,--1---------1,1,6530
509461,2,13,8,--1---------1,1,5066
509401,12,16,14,--1----------,1,53
508023,8,5,13,--1----------,1,20
507922,9,13,7,--1----------,1,65
507807,7,3,13,------1------,1,33
507745,3,13,3,------1------,0,43
507557,7,7,13,------1------,0,46
507519,8,13,5,------1------,0,59
507481,6,10,13,------1------,0,62
504948,12,9,13,-----1-------,1,43
503495,8,10,13,------1------,0,34
499470,9,13,7,-----1-------,1,79
498056,8,8,13,--1---------1,1,3236
498026,12,5,13,--1---------1,1,2738
497970,12,15,15,--1---------1,1,3866
497416,8,10,13,--1---------1,1,2946
496197,8,13,11,-----1-------,1,50
496164,2,13,8,-----1-------,1,34
496085,6,2,13,1-1---------1,1,461931
496075,8,13,7,------1------,0,44
496047,8,13,5,------1------,0,50
495988,12,11,13,1-1---------1,1,653332
494997,6,13,11,-----1-------,1,33
493672,8,1,13,------1------,1,22
493669,8,5,13,-----1-------,1,36
492163,8,15,15,-----1-------,1,61
490847,6,11,13,--1---------1,1,5325
490806,8,13,11,--1---------1,1,4350
490482,2,13,4,--1---------1,1,2452
488045,7,9,13,-----1-------,1,31
488021,12,2,13,-----1-------,1,21
483333,1,10,13,------1------,0,45
483293,9,13,4,------1------,0,44
483265,6,9,13,------------1,1,43
483186,8,13,3,------1------,0,41
482223,9,8,13,-----1-------,1,40
480763,12,2,13,-----1-------,1,30
479348,8,7,13,-----1-------,1,37
479316,6,13,7,-----1-------,1,60
479239,8,13,8,------------1,1,57
477797,2,6,13,-----1-------,1,21
477606,12,13,6,-----1-------,1,55
477570,9,13,9,-----1-------,1,74
476495,2,11,13,-----1-------,1,62
476040,2,13,7,-----1-------,1,63
474591,2,7,13,-----1-------,1,68
474559,8,13,2,-----1-------,1,64
473590,8,7,13,-----1-------,1,63
473195,7,13,5,------------1,1,50
473187,8,10,13,-----1-------,1,29
473157,12,6,13,-----1-------,1,43
473151,12,13,10,------------1,1,37
472898,7,9,13,------------1,1,37
472156,12,13,8,-----1-------,1,55
471707,6,11,13,------------1,1,54
471592,12,13,3,-----1-------,1,58
470223,9,10,13,-----1-------,1,62
470176,8,13,11,-----1-------,1,42
469238,2,5,13,-----1-------,1,30
469205,8,7,13,-----1-------,1,58
468974,12,16,14,-----1-------,1,40
468949,8,13,3,-----1-------,1,52
468923,9,13,3,-----1-------,1,87
468750,2,13,9,-----1-------,1,44
467863,9,13,8,-----1-------,1,62
467824,8,13,9,-----1-------,1,58
466280,9,9,13,-----1-------,1,43
466251,8,13,4,-----1-------,1,67
466213,2,7,13,-----1-------,1,43
466179,8,13,6,-----1-------,1,49
466153,7,13,1,-------1-----,0,47
465866,8,13,7,-------1-----,0,65
465852,2,13,6,-----1-------,1,76
464921,12,13,8,-----1-------,1,44
464887,8,8,13,-----1-------,1,44
463530,8,13,4,-----1-------,1,92
462145,12,13,9,-----1-------,1,43
462120,9,13,3,-----1-------,1,57
462087,12,13,6,-----1-------,1,50
460668,8,10,13,-----1-------,1,50
460628,8,7,13,-----1-------,1,40
460345,9,8,13,------1------,1,45
459238,8,13,8,-----1-------,1,59
459198,2,13,10,-----1-------,1,53
459167,12,13,7,-----1-------,1,56
457788,8,5,13,-----1-------,1,46
457764,8,13,2,-----1-------,1,69
457742,9,13,2,-----1-------,1,90
456208,8,16,14,------1------,1,56
456141,12,10,13,------1------,1,43
456140,12,11,13,-----1-------,1,41
456103,9,13,6,-----1-------,1,74
454943,8,7,13,-----1-------,1,49
454914,2,13,2,-----1-------,1,75
454873,6,11,13,-----1-------,1,34
452101,8,13,6,-----1-------,1,75
451985,8,9,13,------1------,1,29
450629,6,10,13,-------1-----,0,51
450590,8,11,13,-------1-----,1,61
449102,8,10,13,-------1-----,0,47
448839,12,7,13,-----1-------,1,38
447619,7,13,7,-------1-----,0,48
447486,8,2,13,------1------,1,25
446216,9,11,13,-------1-----,1,45
446113,6,13,4,------1------,1,60
446010,2,13,7,-----1-------,1,43
445971,9,13,8,-----1-------,1,41
444651,2,6,13,-----1-------,1,43
444612,8,10,13,-----1-------,1,37
444391,8,13,11,-----1-------,1,46
443332,2,6,13,-----1-------,1,22
443293,9,10,13,-----1-------,1,49
443260,8,2,13,--1----------,0,23
442770,8,13,10,------1------,1,37
441848,8,5,13,------1------,1,58
441804,12,13,7,------1------,0,37
441746,6,8,13,------1------,1,31
441380,9,13,5,-----1-------,1,61
441351,12,2,13,-----1-------,1,30
440486,8,13,8,-----1-------,1,78
439988,7,5,13,-----1-------,1,11
439943,9,12,16,-----1-------,1,62
438541,6,13,4,------1------,0,47
437535,10,13,2,-------1-----,0,69
436086,9,13,16,-----1-------,1,28
436058,10,2,13,------1------,0,31
436043,8,13,9,-----1-------,1,54
434696,9,6,13,-----1-------,1,38
434658,12,13,8,-----1-------,1,67
434609,8,11,13,-----1-------,1,51
434563,12,6,13,-----1-------,1,37
433487,8,1,13,-----1-------,1,09
433334,12,4,13,-----1-------,1,51
433305,8,4,13,-----1-------,1,50
431862,2,11,13,-----1-------,1,51
431832,12,5,13,-----1-------,1,42
431759,12,13,4,-------1-----,0,93
430425,12,13,5,-----1-------,1,58
430390,8,13,6,-----1-------,1,52
430091,9,13,5,-----1-------,1,63
428967,9,15,15,-----1-------,1,77
428942,2,13,1,-----1-------,1,64
428904,8,13,9,-----1-------,1,59
427565,12,8,13,-----1-------,1,41
427047,8,8,13,------1------,0,54
426850,8,5,13,------------1,1,13
426092,9,13,11,------1------,1,32
426029,7,6,13,------1------,1,39
424265,6,7,13,------1------,0,31
423152,2,13,6,-------1-----,0,65
423016,12,8,13,------------1,1,40
415599,8,10,13,------------1,1,28
414464,7,11,13,------1------,0,48
414462,12,12,16,------------1,1,39
413133,7,14,16,-----1-------,1,57
405652,6,13,6,------1------,1,34
405364,12,13,6,-------1-----,0,97
404407,3,1,13,------1------,0,37
402685,7,13,8,------------1,1,37
401146,8,6,13,------1------,1,29
398722,3,3,13,-----1-------,1,04
397277,8,9,13,-----1-------,1,31
395760,9,15,15,-----1-------,1,41
394112,8,13,6,-----1-------,1,24
394037,2,13,6,-----1-------,1,50
392638,8,10,13,-----1-------,1,33
392315,8,10,13,------1------,1,32
391529,8,10,13,-----1-------,1,35
391005,12,11,13,-----1-------,1,59
390888,12,13,5,------1------,1,58
390133,12,13,9,-----1-------,1,52
389998,8,7,13,-------1-----,0,32
389965,2,13,8,-------1-----,0,98
389575,8,13,9,------1------,1,45
389534,2,8,13,------1------,1,32
389486,8,6,13,------1------,1,54
389441,12,13,9,------1------,1,24
388220,2,13,11,-----1-------,1,58
388190,12,5,13,-----1-------,1,59
388139,9,13,6,-----1-------,1,64
387185,2,10,13,-----1-------,1,54
386889,8,13,1,------1------,1,52
386839,8,13,10,------1------,1,42
386796,12,8,13,------1------,1,47
386669,8,6,13,-----1-------,1,27
385638,8,15,15,------1------,1,33
385612,10,13,0,------1------,1,80
385568,12,3,13,------1------,1,46
385280,10,11,13,-------1-----,1,46
383997,8,13,5,-----1-------,1,47
383776,9,9,13,-----1-------,1,65
383741,12,13,7,-----1-------,1,88
383706,12,13,6,-----1-------,1,37
382889,8,5,13,-----1-------,1,43
382849,8,13,8,-----1-------,1,46
382668,2,9,13,-----1-------,1,54
382629,9,13,5,-----1-------,1,67
382553,8,13,6,------------1,1,30
382372,12,13,11,-----1-------,1,49
382335,2,13,8,-----1-------,1,79
381512,8,13,10,-----1-------,1,64
380918,7,13,10,------1------,1,40
380887,8,4,13,------1------,1,20
380075,8,13,5,-----1-------,1,45
380031,9,13,11,-----1-------,1,70
379989,12,11,13,-----1-------,1,73
379705,3,6,13,------1------,1,28
379687,12,11,13,-----1-------,1,48
379675,2,4,13,------1------,1,39
379473,12,14,16,-----1-------,1,43
379424,8,11,13,-----1-------,1,52
378522,8,13,7,-----1-------,1,62
378489,8,7,13,-----1-------,1,34
378268,12,11,13,-----1-------,1,64
376755,2,5,13,-----1-------,1,48
376734,9,13,9,------------1,1,37
376717,3,13,6,-----1-------,1,92
376676,9,7,13,-----1-------,1,43
376621,12,13,11,-----1-------,1,64
376589,8,5,13,-----1-------,1,45
375785,8,13,4,-----1-------,1,62
375748,12,13,8,-----1-------,1,53
375661,8,11,13,-----1-------,1,65
375203,8,8,13,-----1-------,1,54
374173,8,13,11,-----1-------,1,49
374146,12,13,4,-----1-------,0,74
374089,8,13,11,1------------,0,70
373889,9,6,13,-------1-----,0,79
373675,12,9,13,-------1-----,0,78
372872,8,8,13,-----1-------,1,32
372847,12,13,2,-----1-------,1,99
372808,9,10,13,-----1-------,0,55
372784,8,13,1,-----1-------,0,92
372330,8,13,9,-----1-------,1,74
372286,2,13,8,-----1-------,1,81
372253,12,13,6,-----1-------,1,44
370819,9,8,13,-----1-------,1,41
369844,9,6,13,-----1-------,1,47
369412,6,13,11,------1------,0,50
369385,12,4,13,------1------,1,25
368550,12,6,13,-----1-------,1,49
368507,8,13,9,-----1-------,1,61
367012,12,6,13,-----1-------,1,27
366564,9,15,15,------1------,1,58
365307,8,13,6,-----1-------,1,70
365263,12,13,11,-----1-------,1,39
365230,8,5,13,-----1-------,1,40
365195,8,7,13,-----1-------,1,38
364264,8,10,13,11-----1-----,0,402648
363768,8,13,16,-----1-------,1,50
362667,8,5,13,-----1-------,1,34
362638,9,13,6,-----1-------,1,73
362491,8,13,16,-----1-------,1,62
361430,8,13,7,-----1-------,1,48
361383,12,13,11,-----1-------,1,43
361339,8,13,11,-----1-------,1,50
361294,9,13,11,-----1-------,1,47
361121,8,8,13,1-----1----1-,0,463523
361077,9,11,13,1-----1----1-,0,484420
360804,12,13,11,-----1-------,1,40
360740,3,14,16,-----1-------,1,48
359866,9,9,13,-----1-------,1,40
359833,12,13,6,-----1-------,1,46
358418,9,16,13,-----1-------,1,56
358363,7,5,13,-----1-------,1,33
358093,12,8,13,-----1-------,1,58
358056,12,13,5,-----1-------,1,68
356495,12,16,12,------1------,1,46
355469,7,4,13,11----1------,0,502018
355432,8,13,9,11-1--1------,0,65274734
355289,8,10,13,1------------,0,87
355277,2,13,8,-----1-------,1,52
355263,10,13,3,1------------,0,84
355233,8,8,13,-----1-------,1,36
354914,1,8,13,1------1---1-,0,623642
354134,9,13,8,-----1-------,1,41
354068,10,13,6,-------1-----,0,74
354067,8,13,10,-----1-------,1,39
352579,9,15,15,------1------,1,48
352543,9,13,7,------1------,1,57
352504,3,13,9,------1------,0,73
352446,12,13,2,------------1,0,30
352423,12,13,8,------1------,1,39
352230,8,10,13,-----1-------,1,46
352202,8,13,5,1--1-------1-,0,863335
352188,12,13,9,-----1-------,1,52
350701,3,10,13,------1------,1,43
350666,8,3,13,------1------,1,42
349757,8,10,13,-----1-------,1,78
349722,10,13,5,-----1-------,1,74
349172,6,13,3,------1------,0,82
348284,7,2,13,-----1-------,1,46
347797,2,14,16,------1------,1,31
347761,7,6,13,------1------,1,35
346340,8,13,8,------1------,1,32
345475,9,13,9,-----1-------,1,60
345127,12,13,8,-----1-------,0,29
345097,8,13,6,-----1-------,0,88
344759,3,10,13,------------1,0,31
344267,6,13,5,-------1-----,0,43
344125,10,3,13,-----1-------,1,45
344073,8,13,6,-----1-------,1,72
343706,12,6,13,-----1-------,1,24
343675,8,13,6,-----1-------,1,74
343409,8,13,2,------1------,0,65
342060,7,13,10,------1------,1,47
341175,8,13,11,-----1-------,1,85
340625,3,13,9,------1------,1,71
340586,8,7,13,-----1-------,1,40
340362,2,11,13,-------1-----,0,53
339734,9,9,13,-----1-------,1,38
339680,6,13,8,-------1-----,0,64
339670,8,13,5,-----1-------,1,71
339650,8,8,13,-------1-----,0,25
339214,9,9,13,-----1-------,1,43
338285,8,6,13,-----1-------,1,37
338249,12,13,5,-----1-------,1,65
337738,8,10,13,------1------,1,45
336872,2,1,13,-----1-------,1,17
336836,8,8,13,-----1-------,1,51
336785,12,16,13,-----1-------,1,38
335268,12,13,10,-----1-------,1,36
335265,12,13,5,------1------,0,70
335226,8,13,10,-----1-------,1,43
335048,9,13,8,-----1-------,1,60
334980,9,13,9,-----1-------,1,57
333549,8,14,16,-----1-------,1,67
332527,1,3,13,1------1---1-,0,584911
332496,1,2,13,1------1---1-,0,352423
332478,12,15,15,-----1-------,1,59
332170,8,7,13,-----1-------,1,47
332046,7,10,13,------1------,1,42
331993,12,7,13,------1------,1,47
331960,8,13,2,------1------,1,44
331850,3,13,8,------1------,1,66
331034,8,8,13,-----1-------,1,54
330546,7,7,13,------1------,0,35
329613,8,13,16,-----1-------,1,30
325266,8,13,4,-----1-------,1,74
325225,8,7,13,------1------,1,53
325212,12,13,10,-----1-------,1,48
325154,8,13,5,------1------,1,47
324794,10,16,13,-----1-------,1,36
324762,2,7,13,-----1-------,1,27
323820,7,13,9,------1------,1,58
323731,8,7,13,-----1-------,1,32
323286,3,16,12,------1------,1,46
323250,12,13,3,------1------,1,21
323215,8,13,5,------1------,1,38
322519,2,13,5,-----1-------,1,48
322039,12,13,16,-----1-------,1,43
321974,2,8,13,-----1-------,1,39
321042,8,5,13,-----1-------,0,32
320965,8,9,13,-----1-------,0,79
320552,1,13,5,------1------,0,65
320506,8,3,13,------1------,0,46
320476,8,3,13,------1------,0,21
319288,8,13,2,--------1----,0,91
318923,7,13,11,------1------,1,42
318149,8,8,13,-----1-------,0,40
318077,9,8,13,-----1-------,1,37
315170,8,7,13,------1------,0,47
315153,8,13,8,-----1-------,1,42
315105,8,15,15,-----1-------,1,45
315068,2,13,10,-----1-------,1,54
313867,7,9,13,-----1-------,1,36
313840,9,1,13,-----1-------,1,09
313794,2,13,11,-----1-------,1,45
310815,10,8,13,-----1-------,1,21
309308,8,13,8,------1------,1,60
309212,3,13,6,------1------,1,31
307897,12,10,13,-----1-------,1,55
306475,2,13,2,1------1-----,0,6834
306468,12,13,6,-----1-------,1,53
306439,8,3,13,11-1---------,0,283011
306410,10,9,13,------1------,1,48
306405,9,2,13,11-1---1-1---,0,3006244914
304673,10,13,5,-------1-----,0,58
303912,10,13,4,-----1-------,1,63
303865,7,11,13,-----1-------,1,37
303838,8,13,4,-----1-------,1,71
303804,9,13,8,-----1-------,1,39
303772,8,13,4,-----1-------,1,58
303723,2,9,13,-----1-------,1,29
303690,8,13,8,-----1-------,1,42
303668,12,2,13,-----1-------,1,22
303376,12,13,11,-----1-------,1,35
302050,8,9,13,------1------,1,43
302007,3,13,11,------1------,1,45
300714,2,7,13,-----1-------,1,43
300679,8,5,13,-----1-------,1,42
299326,8,6,13,1--1---1--1--,0,62281831
299230,8,10,13,------1------,0,28
297932,8,11,13,-----1-------,1,66
297917,10,16,14,------1------,1,52
296201,12,13,6,------1------,1,70
296165,8,13,6,------1------,1,53
296039,2,13,5,1-----1---1--,0,865860
295003,10,7,13,-----1-------,1,26
294961,7,13,10,------1------,0,46
294639,9,6,13,-----1-------,1,54
294590,12,9,13,-----1-------,1,50
292247,9,13,9,-----1-------,1,59
290494,7,13,10,------1------,0,53
290440,12,14,16,------1------,1,31
287747,9,16,12,-----1-------,1,47
287711,8,13,8,-----1-------,1,44
287542,2,13,3,------1------,1,48
286373,12,13,11,-----1-------,1,56
286333,12,13,8,-----1-------,1,56
286292,8,13,9,-----1-------,1,34
284884,12,12,16,-----1-------,1,51
283463,8,14,16,-----1-------,1,62
283428,9,13,5,-----1-------,1,43
283391,8,13,7,-----1-------,1,45
282144,8,13,7,-----1-------,1,45
281829,3,13,1,------1------,1,84
280511,3,9,13,-----1-------,1,63
280496,8,8,13,------1------,1,43
279197,8,13,3,-----1-------,1,61
279142,2,10,13,-----1-------,1,40
279036,10,13,10,------1------,1,55
278975,7,15,15,------1------,1,35
278929,12,13,10,------1------,1,27
278812,8,7,13,------1------,1,51
277732,1,13,7,------1------,0,53
277706,8,13,8,-----1-------,1,41
277686,8,13,11,------1------,0,42
277626,2,13,7,-----1-------,1,72
277589,9,13,4,-----1-------,1,68
277578,1,13,3,1--1-------1-,0,786950
276185,10,10,13,------1------,1,29
276160,8,13,1,------1------,1,41
276159,1,3,13,1--1-------1-,0,263115
276148,8,9,13,-----1-------,1,53
276124,1,13,9,1--1-------1-,0,652331
275887,12,5,13,-----1-------,1,61
274702,12,13,11,------1------,1,39
274418,8,4,13,-------1-----,0,45
274377,8,13,7,-------1-----,0,89
273461,12,6,13,-----1-------,1,70
273459,7,13,10,-1-----1-----,1,2964
273427,9,13,9,-----1-------,1,59
273369,8,11,13,-----1-------,1,53
272027,12,13,9,-----1-------,1,60
271985,8,10,13,-----1-------,1,45
270539,2,7,13,-----1-------,1,76
270431,7,13,10,1------1---1-,0,583420
270358,2,7,13,11-1-------1-,0,67264414
270275,12,13,8,-----1-------,1,66
267515,8,6,13,------1------,1,25
266069,8,13,11,1--1--11---1-,0,5333596115
265742,8,10,13,1--1--1------,0,583656
264574,7,7,13,1-----1------,0,8431
264444,2,3,13,-----1-------,1,21
264415,9,2,13,-----1-------,1,30
264379,8,13,6,-----1-------,1,89
263562,8,13,11,-----1-------,1,49
263422,12,10,13,-----1-------,1,59
262842,8,13,5,-----1-------,0,53
260463,8,7,13,-----1-------,1,42
260425,9,10,13,-----1-------,1,34
257316,10,13,9,------1------,1,55
257280,8,7,13,------1------,1,32
256087,8,13,4,------1------,1,64
255936,8,13,7,------1------,1,49
254296,2,7,13,-------1-----,1,41
251880,12,7,13,-----1-------,1,45
251471,7,13,9,-----1-------,1,55
251442,8,3,13,-----1-------,1,46
250395,12,8,13,-------1-----,1,21
250359,8,13,9,-------1-----,0,78
247461,3,2,13,1-----11---1-,0,35144015
247418,8,13,8,11-1---1-----,0,40424973
245971,8,8,13,-----1-------,1,70
243156,12,5,13,-----1-------,1,23
243121,9,6,13,-----1-------,1,75
238849,8,4,13,1--1---1---1-,1,45364222
238817,8,13,3,1------1---1-,0,686327
238680,8,7,13,------1------,0,44
238652,12,13,5,------1------,0,43
237281,9,5,13,------1------,1,44
237253,7,2,13,------1------,1,30
236004,9,16,12,------1------,1,48
235972,9,13,11,-----1-------,1,36
235969,8,4,13,------1------,1,32
235912,7,13,10,------1------,1,41
235509,8,13,8,-----1-------,1,67
233215,10,7,13,-----1-------,1,37
233127,8,16,12,-----1-------,1,51
233077,8,5,13,-----1-------,1,49
231722,7,13,10,1-----1------,0,7042
231688,9,8,13,1-----1------,1,4235
231183,8,13,10,------1------,0,56
230210,12,13,11,-----1-------,1,52
225819,8,6,13,-----1-------,1,30
225781,10,7,13,-----1-------,1,33
225738,8,13,10,-----1-------,1,56
224165,12,8,13,-----1-------,1,45
224123,8,13,6,-----1-------,1,65
224081,8,13,9,-----1-------,1,56
223099,8,10,13,-------1-----,0,46
223058,8,8,13,-------1-----,0,45
223014,8,13,10,-------1-----,0,56
223004,7,9,13,------1------,1,38
222962,8,13,9,------1------,1,56
222847,8,7,13,-----1-------,1,37
222807,10,9,13,-----1-------,1,51
222773,12,6,13,-----1-------,1,50
222730,8,13,8,-----1-------,1,71
222656,10,16,13,-----1-------,1,64
221268,9,13,4,------1------,1,56
221048,7,13,2,------1------,0,69
221010,7,6,13,------1------,0,57
218702,8,13,6,-----1-------,1,61
218666,12,13,8,-----1-------,1,71
217272,10,13,11,-----1-------,1,34
217235,9,8,13,-----1-------,1,47
214368,9,13,9,-----1-------,1,60
214340,9,13,4,-----1-------,1,61
214307,12,13,4,-----1-------,1,60
214207,12,16,14,-----1-------,1,45
213022,8,6,13,1------1-----,1,3959
212994,7,13,3,1------1-1---,0,779343
212968,10,13,1,1------1-1---,0,769570
212859,10,13,10,--------1----,0,50
212647,2,13,3,-----1-------,1,65
211551,12,13,4,-----1-------,1,50
211497,9,11,13,-----1-------,1,49
210036,10,13,6,-----1-------,1,48
209613,8,13,9,1-----1------,0,5853
208600,8,10,13,-----1-------,1,48
207237,8,13,4,1-----11--1--,0,54618718
207181,8,15,15,1-----11--1--,1,46634622
207124,9,16,13,-----1-------,1,34
207070,8,13,8,-----1-------,1,63
207015,8,13,2,-----1-------,1,53
205690,8,13,6,-----1-------,1,36
204176,9,4,13,-----1-------,1,21
204130,8,13,10,-----1-------,1,53
204092,9,7,13,-----1-------,1,44
204051,9,9,13,-----1-------,1,44
202352,2,13,8,-----1-------,1,55
199883,10,16,13,-----1-------,1,67
199852,12,13,4,-----1-------,1,67
199744,7,13,10,------1------,1,68
198505,8,10,13,-----1-------,1,53
198426,8,10,13,-----1-------,1,43
198107,8,9,13,------1------,1,38
197117,9,15,15,-----1-------,1,40
197082,9,13,9,-----1-------,1,45
197046,12,13,8,-----1-------,1,63
197044,8,0,13,------1------,1,20
197013,2,13,6,------1------,1,46
194229,12,1,13,------1------,1,26
194189,9,9,13,-----1-------,1,38
194158,12,13,4,-----1-------,1,51
194054,7,14,16,------1------,1,51
193984,8,13,9,-----1-------,1,36
193932,8,8,13,-----1-------,1,51
193918,12,13,5,1------1--1--,0,796633
193885,7,4,13,11-----1--1--,0,52186108
193806,12,1,13,-----1-------,1,37
192797,3,10,13,------1------,1,46
192538,8,16,13,-----1-------,1,50
192502,12,13,5,-----1-------,1,85
192464,8,13,11,-----1-------,1,46
192415,10,13,10,-----1-------,1,54
191782,6,13,4,1------1-----,0,3599
191745,7,13,3,1------1-----,0,6797
191501,8,9,13,-----1-------,1,56
191440,8,13,9,-----1-------,1,55
191400,8,5,13,-----1-------,1,40
191347,9,16,14,-----1-------,1,42
190816,10,14,16,------1------,1,43
188427,8,13,11,------1------,1,59
186918,8,13,2,1-----1------,0,6158
184008,8,5,13,1------1-----,1,2337
182881,8,16,13,-----1-------,1,43
182838,12,13,9,-----1-------,1,53
182803,10,7,13,-----1-------,1,37
182763,9,9,13,-----1-------,1,52
182731,9,13,8,-----1-------,1,79
177888,12,13,5,------1------,1,43
176871,9,13,8,1-----1------,1,5373
176297,8,10,13,------1------,0,57
175038,8,11,13,------1------,0,37
172542,12,6,13,-----1-------,1,42
172512,9,13,6,-----1-------,1,93
169340,8,14,16,-----1-------,1,51
167671,8,9,13,------1------,0,50
166892,8,9,13,11-----1-----,1,640932
166460,12,13,10,-----1-------,1,49
166422,8,13,7,-----1-------,1,56
166380,10,13,10,-----1-------,1,67
165407,8,13,8,1------1-----,1,6745
165376,2,4,13,1--1---1-----,1,463332
164953,8,13,9,------1------,0,48
163754,9,9,13,-----1-------,1,34
162674,8,11,13,-----1-------,1,49
162646,12,13,3,-----1-------,1,61
162604,9,13,4,-----1-------,1,73
162577,12,13,4,-----1-------,1,93
162512,8,16,14,-----1-------,1,47
162105,8,13,8,------1------,0,47
162065,8,9,13,------1------,0,45
158995,8,13,7,------1------,0,53
99107,8,13,9,1--1---1-----,1,553938
98863,8,4,13,------------1,0,22
98549,8,13,3,------1------,0,69
97642,6,13,5,--------1----,0,37
