1675384,6,8,13,--1-1--------,1,2142401842345653
1675348,6,8,13,--1-1--------,1,3952664220323555
1674655,7,13,5,------1------,1,85508444
1674541,6,13,11,--1----------,1,26324707
1674513,6,5,13,--1----------,1,29344531
1674513,7,6,13,------1------,0,27415121
1674337,2,7,13,11111--------,1,5356747119283367293854401325237119262833
1674268,8,4,13,11111--------,1,4258716826394955234243360412000018283450
1674206,9,8,13,1111---------,1,54568262333252533752653308191400
1674167,3,13,2,-111---------,1,724678626238742080659447
1674120,7,7,13,-1-1----1----,1,334556561724286335415756
1674078,3,10,13,-1-1----1----,1,333952533145605835426250
1673331,6,8,13,11------1----,1,334356412433415517182444
1673274,6,13,7,11------1----,1,334858605341693861538767
1673237,9,9,13,11------1----,1,334456882328455023403869
1673197,5,13,8,11-1---------,1,725990383034564229456056
1673140,9,15,15,11-1---------,1,606987392325374724384347
1673098,6,13,6,11-1---------,1,504574614741653530334750
1673089,5,13,6,--------1----,1,55618675
1673048,6,9,13,11-1---------,1,334157472528416720303127
1672778,8,7,13,-----1-------,1,10352833
1672739,6,13,11,-----1-------,1,47526846
1672422,8,13,9,---------1---,1,19394991
1671673,8,13,0,--1-1--------,1,6653891499489142
1671090,8,15,15,---------1---,1,20293747
1670189,6,13,9,-----1-------,1,22283950
1670105,7,16,14,-----1-------,1,22323841
1670060,5,13,8,-----1-------,1,35436153
1668777,8,13,7,--1-1--------,1,3338553127476046
1668735,6,13,7,1-1-11-------,1,33375445242943102428455552578127
1668455,8,7,13,--------1----,0,20313664
1668351,5,13,4,--------1----,1,85578844
1667275,8,13,8,1111---------,1,55507650263143453735575950456944
1667254,6,10,13,-----1-------,1,16293556
1667239,7,13,8,--------1----,0,41426533
1667236,8,9,13,1111---------,1,29354420414969431936401817332760
1667209,5,8,13,-----1-------,1,23384162
1667191,5,8,13,11-1---------,1,243647713142616423334836
1667184,2,13,2,-----1-------,1,87719957
1667150,6,4,13,-----1-------,1,02080099
1667121,7,3,13,-----1-------,1,18363388
1667028,6,6,13,-----1-------,1,08171250
1666999,6,13,7,--------1----,0,75588976
1666981,8,13,4,-----1-------,1,30314367
1666936,9,7,13,-----1-------,1,40456259
1666904,7,13,3,-----1-------,1,57346833
1665801,2,4,13,11111--------,1,2837454513241983243340452637455012312433
1665771,3,2,13,11111--------,1,4148684718323267283845082228375002170099
1665395,6,16,13,-----1-------,1,26285031
1664206,8,13,3,1------------,1,39486738
1664179,8,13,4,1------------,1,26254338
1663921,7,16,14,-----1-------,1,30294456
1663245,2,13,7,111-1--------,1,63538457545986572639492533376050
1663204,3,6,13,--1-1--------,1,5048743331314554
1663175,8,13,3,--1-1--------,1,6957953353487944
1663144,6,13,4,--1----------,1,99619936
1663091,8,13,1,-----1-------,1,99569729
1662890,8,13,9,11-----------,1,3844578840285418
1662852,3,9,13,111----------,1,233242554139543828465529
1662840,6,8,13,-----1-------,1,14363267
1662593,8,13,7,-----1-------,1,48507147
1662568,5,13,3,-----1-------,1,45376764
1662253,8,8,13,--------1----,0,27435154
1662191,3,13,8,--------1----,0,63367168
1661602,7,14,16,--1-1--------,1,3742651932345219
1661539,6,7,13,--------1----,0,35354869
1661453,6,6,13,--------1----,0,24294050
1661365,6,13,1,--------1----,0,77428671
1660210,7,12,16,--------1----,0,30415160
1660206,8,13,7,--1-1--------,1,1933455635486444
1660164,5,11,13,--------1----,0,31284553
1660157,7,11,13,--1-1--------,1,5236662816303450
1660124,8,8,13,-----1-------,1,19303260
1660122,7,7,13,--------1----,0,33435562
1660079,6,13,10,-----1-------,1,33375069
1660040,2,10,13,-----1-------,1,31445147
1660015,6,2,13,-----1-------,1,14212460
1659995,7,11,13,--------1----,0,24314036
1659950,9,16,12,-----1-------,1,30425763
1659885,8,13,11,--------1----,0,27374854
1659776,5,13,10,--------1----,0,33425480
1659728,7,8,13,--------1----,0,39496974
1659616,6,13,4,-----1-------,1,51487335
1659589,8,0,13,-----1-------,1,10130250
1658883,8,13,9,--------1----,0,51487255
1658815,7,9,13,--------1----,0,37415767
1658773,8,13,8,--------1----,0,35425433
1658526,8,2,13,-----1-------,1,21242143
1658470,8,15,19,--------1----,0,37365426
1658349,3,11,13,--------1----,0,29334557
1658281,8,13,3,--------1----,0,36345845
1658265,5,7,13,-----1-------,1,25274050
1658230,8,13,9,--------1----,0,47497155
1658157,6,13,7,--------1----,0,39436154
1658116,8,8,13,--------1----,0,23243745
1657542,8,11,13,--------1----,1,29425075
1657361,7,16,14,--------1----,1,39436136
1657290,8,13,4,--------1----,1,66588665
1657215,8,2,13,-----1-------,1,23293844
1657169,6,13,10,-----1-------,1,40526848
1657132,6,9,13,-----1-------,1,50547850
1657078,6,6,13,-----1-------,1,19323250
1656988,6,13,11,--------1----,1,29415357
1656048,8,13,11,--------1----,1,18263850
1655911,8,13,10,--------1----,1,33476156
1655793,3,8,13,1111---------,1,26364533334556273843600616212533
1655757,8,7,13,1111---------,1,29435150293045573752704715293338
1655359,9,13,5,1-1-1--------,1,705288473848703839405962
1655278,2,8,13,1-1-1--------,1,425171372941525016233113
1653108,8,11,13,--1-1--------,1,5251813642496937
1653100,8,4,13,-----1-------,1,10202050
1653078,7,13,1,--111--------,1,993785234746714066347140
1653069,6,3,13,-----1-------,1,08160225
1653037,6,13,9,--111--------,1,525378181229343326334564
1653021,5,13,5,-----1-------,1,36355464
1652870,6,10,13,-----1-------,1,31415245
1652583,6,9,13,--------1----,1,18263050
1652513,7,2,13,--------1----,1,38557040
1652480,2,13,5,--------1----,1,78648853
1651751,8,15,15,--------1----,1,34435863
1651723,8,1,13,--------1----,1,23474467
1651631,7,0,13,--------1----,1,25474850
1651464,8,8,13,--------1----,1,25354769
1649947,7,11,13,-----1-------,1,37345326
1649913,8,13,3,-----1-------,1,70498041
1649655,2,1,13,--------1----,1,14272083
1649571,6,9,13,--------1----,1,25294554
1648799,5,9,13,--------1----,1,33294940
1648761,6,13,9,--------1----,1,28374940
1648574,8,11,13,--------1----,1,25314262
1648542,9,13,6,--------1----,1,39426136
1648526,3,13,11,-----1-------,1,26284360
1648498,6,13,5,-----1-------,1,18153217
1648397,9,9,13,--------1----,1,29304123
1647211,8,13,11,--------1----,1,43436543
1647058,6,13,1,-----1-------,1,26294843
1646916,9,16,14,1111---------,1,39456548313250503542583530414752
1646702,8,13,10,11111--------,1,5754876527374736252542005141682442506550
1646643,9,9,13,11-1---------,1,333445361724354437526247
1646503,3,13,7,11-1---------,1,585685676949793841365833
1645905,2,11,13,11111--------,1,3336466039505933354659252027335025324675
1645877,8,4,13,11111--------,1,3335497717333263224134201926304412291833
1645831,5,13,11,11111--------,1,3347637826284542334156247446874523313936
1645792,3,10,13,11111--------,1,2327406452497464283540132640485021313864
1645720,5,5,13,1111---------,1,29415257212934602346464218383470
1645663,2,8,13,1111---------,1,39486147313751603532515631424838
1644492,2,13,9,--111--------,1,516384172825452754488039
1644461,5,13,3,--111--------,0,513757503343514448496954
1644416,7,9,13,--111--------,1,334962152331425839526729
1644375,3,11,13,--111--------,1,172633564743634626384740
1643962,2,16,12,1--1-1-------,1,384564643136562256578834
1643788,7,16,14,--------1----,1,29415438
1643104,2,16,13,111-1--------,1,64477842404562483839602735405650
1643062,7,13,10,111-1--------,1,43537248121822673342622966518450
1643020,5,13,11,111-1--------,1,55517920292841274751782523324433
1642974,8,13,9,111-1--------,1,66558942242940624350702325394938
1642956,6,13,8,--------1----,1,43446765
1642931,2,7,13,111-1--------,1,23424667424760742350492320243636
1642888,7,6,13,111-1--------,1,33446447314558502233382012231450
1642874,7,13,11,--------1----,1,39416350
1642793,9,13,4,11--1--------,1,636091675146677133406242
1642751,8,6,13,-----1-------,1,06110267
1642744,9,7,13,1-1-1--------,1,172728562940483613232171
1642695,6,16,14,-----1-------,1,21344519
1642658,9,13,7,------1------,1,57548463
1642658,3,13,7,-----1-------,1,27464957
1641636,7,15,15,--------1----,1,40627369
1641558,5,8,13,--------1----,1,30425541
1641532,9,13,3,--------1----,1,50467753
1641512,6,9,13,--1-1--------,1,1826282741436850
1641480,7,13,5,--1-1--------,1,7666992672376962
1641447,9,13,6,--1-1--------,1,6344793259527967
1641242,8,13,7,--------1----,1,46507467
1641143,7,13,9,--------1----,1,47396541
1639856,7,7,13,-----1-------,1,18383510
1639785,3,13,8,-----1-------,1,33466560
1639567,9,13,9,1------------,1,41395960
1638434,8,13,5,--1-1--------,1,3635560955517573
1638097,2,13,9,1------------,1,31305543
1638093,6,13,11,--------1----,1,72608731
1637083,8,13,4,--------1----,1,58709052
1637045,2,13,16,-----1-------,1,12282840
1637020,8,3,13,-----1-------,1,23343467
1636988,8,13,5,-----1-------,1,48446850
1636969,3,13,10,--------1----,1,56437250
1636948,6,13,11,-----1-------,1,40435944
1636720,5,13,11,--------1----,1,57597742
1635927,9,10,13,--------1----,1,31455650
1635627,9,5,13,11111--------,1,3753714738345460233840270816082519353511
1635579,7,10,13,1111---------,1,21293640263246433143513928435650
1635541,2,6,13,-111---------,1,254252383346563131435243
1635489,8,11,13,-1-1---------,1,1832381035465853
1635314,8,13,3,-----------1-,0,20243767
1635280,6,13,16,-----1-------,1,22374338
1635278,8,13,10,-----------1-,0,29365267
1635248,6,13,7,-----1-------,1,44537350
1634108,8,2,13,-----1-------,1,07100567
1634071,2,7,13,-----1-------,1,28324567
1634031,5,13,8,-----1-------,1,27314046
1632836,5,4,13,-----1-------,1,19343556
1632833,5,13,11,111-1--------,1,33385840454367683550652333325229
1632803,5,13,4,111-1-1------,1,6955914345255336233647225037581762528147
1632792,6,9,13,-----1-------,1,33445728
1632753,8,13,5,-----1-------,1,41466719
1632721,9,6,13,-----1-------,1,38355750
1631351,6,11,13,--1-1--------,1,2031360929264754
1629965,8,4,13,--1-1--------,1,4252772826374864
1629898,7,6,13,--1-1--------,1,1928283314241943
1629857,8,13,6,--1-1--------,1,3937612146597628
1629461,8,5,13,--------1----,1,17393656
1628436,6,13,9,--------1----,1,42446456
1628376,8,7,13,11-----------,1,2631455543386147
1628348,2,13,4,11-----------,1,7543786336285745
1628224,8,15,15,--------1----,1,41496467
1627065,9,4,13,-----1-------,1,33415464
1627005,8,11,13,-----1-------,1,39385745
1626735,6,15,15,--------1----,1,45608255
1625561,2,13,11,11-1-1-------,1,42406442353455471825336042487228
1625527,5,6,13,11-1-1-------,1,24374136182636602130358026485843
1624163,8,5,13,-----1-------,1,14232557
1624122,6,11,13,-----1-------,1,33456050
1624086,8,13,3,-----1-------,1,36507162
1623858,9,13,9,1------------,1,33365243
1623822,8,13,7,1------------,1,72548854
1623800,9,13,1,1------------,1,66377267
1623711,2,8,13,-----1-------,1,39516575
1623672,6,10,13,-----1-------,1,33375659
1622809,2,13,7,-11----------,1,4240666439587640
1622782,7,13,4,-11----------,1,3846723339486836
1622737,8,11,13,1111-------1-,1,2933504750477043434365293043547611212157
1621239,6,16,14,--------1----,1,27324444
1620903,8,16,14,--------1----,1,38486332
1618325,8,13,9,-----1-------,1,18243560
1615427,7,11,13,-----1-------,1,23364323
1614026,8,9,13,-----------1-,0,15262550
1613734,3,13,5,11-----------,1,5642764739456223
1613620,6,5,13,-----1-------,1,24273470
1612457,8,12,16,11-1---------,1,413857572528374744516936
1612419,6,4,13,-----1-------,1,07070567
1612413,3,8,13,11-----------,1,5163895241456945
1612372,9,13,9,-----1-------,1,18233650
1612340,6,8,13,-----1-------,1,23253550
1612293,5,13,11,-----1-------,1,40446452
1611071,9,13,5,-----1-------,1,50486653
1611020,8,13,10,-----1-------,1,27304443
1609573,8,13,8,-----1-------,1,22263950
1608145,3,5,13,-----1-------,0,24334230
1608102,6,13,10,-----1-------,0,16243050
1608067,6,1,13,-----1-------,1,17333471
1606915,6,13,9,-----1-------,1,20304264
1606878,3,5,13,-----1-------,1,18182929
1606759,5,13,5,-----1-------,1,78518142
1606722,6,13,8,-----1-------,1,40416317
1606671,8,14,16,-----1-------,1,26344228
1606649,9,13,1,-----1-------,1,83709867
1605300,9,16,14,11-1---------,1,845797423837586432386052
1605056,2,13,5,-----1-------,1,15283586
1605020,5,13,7,-----1-------,1,38436744
1602567,8,9,13,-----1-------,1,24364143
1602511,9,10,13,-----1-------,1,35445750
1600978,8,13,8,-----1-------,1,17303756
1599680,5,9,13,-----1-------,1,31445850
1599646,9,13,6,-----1-------,1,21344170
1599357,6,14,16,1------------,1,18294057
1598196,6,11,13,--------1----,1,41466452
1597975,5,13,4,1------------,1,75397856
1596588,6,13,16,--------1----,1,53628360
1596276,8,8,13,--------1----,0,46567381
1594893,8,3,13,-----1-------,1,20323667
1593555,8,5,13,-----1-------,1,46577743
1590823,8,16,19,-----1-------,0,28484833
1589567,9,15,15,-----1-------,1,29385086
1589508,5,15,15,-----1-------,1,30395541
1589474,5,3,13,-----1-------,0,14262557
1589430,8,13,11,-----1-------,0,37506350
1588052,7,13,10,-----1-------,0,51538250
1588004,6,10,13,-----1-------,0,31345159
1587971,9,7,13,-----1-------,0,26324350
1585186,8,11,13,1111---------,1,46406648263045501935361737446447
1585153,3,13,4,1111---------,1,90569442333049563343603174498233
1585132,5,4,13,-----1-------,1,19353567
1584778,8,11,13,-----1-------,1,17303464
1583888,7,2,13,11-1---------,1,173525500003000019272657
1582520,5,6,13,-----1-------,1,40486641
1582489,8,13,5,-----1-------,1,53658752
1582443,9,13,11,-----1-------,1,39476348
1582407,5,13,9,-----1-------,1,35356163
1582327,6,13,10,-----1-------,1,64669463
1582278,2,13,10,-----1-------,1,33456137
1582252,8,3,13,-----1-------,1,19353122
1580827,8,10,13,-----1-------,1,11191683
1580768,9,8,13,-----1-------,1,15282838
1579646,9,13,11,-----1-------,1,47497246
1579607,8,13,5,-----1-------,1,45467060
1579574,6,13,7,-----1-------,1,63488352
1579541,7,4,13,-----1-------,1,02020099
1578241,3,13,11,-----1-------,1,50548158
1578201,6,13,8,-----1-------,1,37386042
1578166,8,13,7,-----1-------,1,43517165
1578132,6,13,6,-----1-------,1,39516886
1578099,8,13,7,-----1-------,1,63569061
1578046,5,15,15,-----1-------,1,48537045
1578021,3,13,3,-----1-------,1,26345043
1577920,6,13,4,-----1-------,1,19244457
1576548,8,7,13,11-1---------,1,262940501934337016313056
1576527,2,16,13,-----1-------,1,39416458
1576507,7,13,5,11-1---------,1,283951607054864730405450
1576432,8,10,13,------1------,1,39506942
1575137,5,14,16,11-1---------,1,364459653540542738345746
1575101,2,13,7,11-1---------,1,384260814854805331315331
1574855,5,7,13,-----1-------,1,26385375
1574829,6,13,4,-----1-------,1,20374767
1574777,8,15,15,-----1-------,1,32435664
1574749,3,13,1,-----1-------,1,62648920
1574710,7,5,13,-1-----------,1,29394669
1574674,7,13,4,-1-----------,1,37265450
1573972,9,13,5,-----1-------,1,30284850
1573940,5,13,5,-----1-------,1,51517965
1573902,8,13,10,-----1-------,1,57598446
1573831,8,11,13,-----1-------,1,25365150
1573800,2,7,13,-----1-------,1,19323260
1573472,8,6,13,11-1---------,1,334164563843565324374445
1573416,5,10,13,-----1-------,1,35476050
1573369,8,11,13,-----1-------,1,50577646
1573328,9,13,10,11-----------,1,4140636538386244
1572367,5,16,12,-----1-------,1,39526956
1572312,2,6,13,-----1-------,1,39537450
1572252,8,9,13,-----1-------,1,31456129
1572247,5,13,7,11-----------,1,6659895958376536
1572218,2,13,8,-----1-------,1,53638654
1572188,9,13,4,-----1-------,1,44557763
1572066,5,7,13,-----------1-,1,31486044
1572031,5,13,4,-----------1-,1,99689943
1571990,6,8,13,-----1-------,1,17252830
1570891,3,13,10,------1------,1,55497035
1570858,7,1,13,------1------,1,23474044
1570754,3,11,13,-----1-------,1,24425127
1570719,9,13,8,-----1-------,1,51527948
1570658,6,7,13,-----1-------,1,15241513
1570633,8,7,13,11-----------,1,1520277117242850
1570627,5,5,13,-----1-------,1,14272429
1570608,7,13,1,11-----------,1,5242761826315543
1570568,2,10,13,11-----------,1,2629452933335044
1570539,6,13,5,-----1-------,1,43487341
1570509,5,13,4,-----1-------,1,51587853
1570479,2,8,13,-----1-------,1,33445353
1570446,9,13,9,-----1-------,1,33284940
1569239,9,6,13,11----1------,1,193132402740506221424980
1564864,8,14,16,-----1-------,1,32405332
1564830,2,7,13,-----1-------,1,33496467
1564800,6,5,13,-----1-------,1,19374070
1564764,7,13,7,-----1-------,1,47416782
1564720,8,11,13,-----1-------,1,37405822
1564694,9,13,4,-----1-------,1,54567772
1564635,6,15,15,-----1-------,1,22313747
1564602,8,13,6,-----1-------,1,46487244
1563242,5,10,13,11-1---------,1,355262802124402727294250
1563199,5,13,8,11-1---------,1,746099522533494439516674
1562366,7,7,13,-----1-------,1,26354271
1562321,8,13,11,-----1-------,1,39426657
1562235,2,16,12,-----1-------,1,36476563
1562202,5,13,7,-----1-------,1,51517660
1562153,9,11,13,-----1-------,1,30495756
1562118,5,13,7,-----1-------,1,66427063
1562087,8,6,13,-----1-------,1,31475550
1562050,5,13,7,-----1-------,1,66649050
1560704,8,13,9,1111---------,1,42496642393252462835462737537058
1560674,5,4,13,1111---------,1,19313963364359571021106026435175
1554541,7,11,13,-----1-------,1,29384844
1554502,6,13,9,-----1-------,1,33405460
1553493,6,16,12,-----1-------,1,48456654
1553452,8,13,10,-----1-------,1,37355553
1552275,3,3,13,-----1-------,1,26384245
1552234,2,8,13,-----1-------,1,31496038
1552186,2,15,15,-----1-------,1,43547252
1552154,8,13,4,-----1-------,1,66529545
1547853,3,10,13,-----1-------,1,37476235
1547795,2,10,13,-----1-------,1,47467057
1547438,8,8,13,------------1,0,36496467
1547201,8,7,13,------------1,0,45577752
1543695,8,3,13,-----1-------,1,14222033
1543662,9,13,6,-----1-------,1,23375058
1543623,3,6,13,-----1-------,1,39527353
1543591,10,13,5,-----1-------,1,41557450
1543282,8,6,13,11-1---------,1,152828571430234318252620
1543260,8,13,5,-----1-------,1,35527365
1543238,8,11,13,11-1---------,1,555280524134595516252640
1543218,8,13,11,-----1-------,1,29415156
1543187,10,8,13,11-----------,1,3140505435405459
1543183,6,6,13,-----1-------,1,29445331
1539182,9,13,8,------------1,1,42426872
1539149,8,7,13,------------1,1,25384575
1536267,8,13,10,-----1-------,1,26324450
1536231,9,11,13,-----1-------,1,58528853
1533084,7,13,9,-----1-------,1,35537043
1533049,8,9,13,-----1-------,1,37436133
1533025,9,13,0,-----1-------,1,75488944
1532980,11,13,10,-----1-------,0,21273542
1532959,9,16,14,11-1---------,1,293647301322252236375442
1532944,3,6,13,-----1-------,1,38435750
1532907,8,15,15,11-1---------,1,304157503533513024264747
1530492,11,3,13,111--1-------,0,20342556153126571723262923273657
1530463,7,2,13,111--1-------,1,13342917183133501523227115312471
1530417,8,13,10,11-----------,1,4557765226304747
1529025,2,8,13,--1----------,0,50467038
1524738,10,13,10,1111---------,1,59568737475482653540553922384436
1524701,10,8,13,1111---------,1,26434647334761473950625316263044
1520364,9,6,13,11-1---------,1,394971552028352218303040
1513033,5,13,6,-----1-------,0,51497245
1511867,9,13,6,11-1---------,1,635383582635467325374242
1511822,7,6,13,11-1---------,1,485178590919205027375146
1511383,10,9,13,-----1-------,1,17363760
1511340,8,8,13,-----1-------,1,50588150
1510136,8,13,11,-----1-------,1,41426430
1510079,9,13,7,-----1-------,1,42537539
1510044,2,6,13,-----1-------,1,21294236
1509847,2,10,13,11-1---------,1,394563471825346339365740
1509795,7,13,6,11-1---------,1,765893483631525424435140
1509740,9,13,10,-1-----------,1,16293144
1504585,7,9,13,-----1-------,1,43557541
1504549,10,13,6,-----1-------,1,24304190
1504519,8,13,6,-----1-------,1,50456847
1504270,9,13,16,-----1-------,1,41556835
1502925,2,13,10,11-1---------,1,193540453736575035395620
1502887,3,13,9,11-1---------,1,375066332627435529364938
1502843,2,4,13,11-----------,1,0921112522172840
1498897,2,13,11,-----1-------,1,43436445
1498860,3,9,13,-----1-------,1,28435153
1498814,7,13,9,-----1-------,1,41426440
1497429,9,9,13,11---1-------,1,504165481926335631455747
1497386,9,4,13,11-1-1-------,1,31424950354165411029274045517742
1496851,2,16,14,11-----------,1,4248696424364947
1496758,8,13,2,11-----------,1,7336743666277010
1495711,7,2,13,-1-----------,1,23424567
1495680,7,2,13,-1-----------,1,23334244
1495595,9,8,13,-1-----------,1,23384142
1494375,7,13,3,11-----------,1,9942884461326445
1494248,10,13,4,11-----------,1,7055852494499560
1494204,3,6,13,11-----------,1,3841595029324743
1493932,6,2,13,11-----------,1,1432325021283344
1492924,7,15,15,11-----------,1,3952706830314971
1492763,10,13,7,11-----------,1,7264996930324936
1490051,10,16,13,11-1---------,1,243749593643576422273753
1490011,8,8,13,11-1---------,1,334456821018202020394055
1489757,2,13,1,-----1-------,0,62578367
1488813,6,11,13,-----1-------,1,33375378
1488787,8,2,13,-----1-------,1,09231175
1488664,5,13,11,1------------,0,31425263
1488507,2,4,13,-----1-------,1,19252938
1485405,8,13,8,------1------,1,35355360
1483804,2,13,16,11-----------,1,3031525326334933
1483034,3,13,6,11-1---------,1,846397573324541828435650
1483000,2,13,8,11-1---------,1,745995561117262025294030
1482313,7,13,11,11-1---------,1,686194482635475724334964
1482277,2,13,4,11-1---------,1,714579673330523325364744
1481665,10,7,13,11-1---------,1,424768422938504633324956
1480080,9,11,13,11-----------,1,2238455739396520
1480043,8,13,6,11-----------,1,5247814228335145
1479994,7,13,11,11-----------,1,4347706421314145
1478447,5,13,9,1------------,0,27334146
1478422,5,13,3,1------------,0,91387127
1477192,7,15,15,-----1-------,1,43496747
1477160,8,4,13,-----1-------,1,27404977
1477121,8,9,13,-----1-------,1,36587359
1474327,7,11,13,11-1---------,1,435675414243694819283745
1474285,10,13,11,11-1---------,1,615184461927413045467545
1473908,7,16,14,-1-----------,1,33274547
1473693,8,13,7,11-----------,1,6648765633305233
1471515,8,13,11,-1-1---------,1,4037694133325531
1464192,10,13,16,11-1---------,1,243850352333432428375240
1464144,9,10,13,11-----------,1,4549672229314525
1464040,2,13,9,11-1---------,1,514673503347676331305227
1461261,7,7,13,-----1-------,1,21444364
1461214,10,13,5,11-----------,1,5344726345285736
1461188,8,3,13,11-----------,1,1734286319413538
1460083,9,13,5,11-1---------,1,695490674549764036396250
1460041,7,13,11,11-1---------,1,304255442331415533355458
1460005,2,8,13,-----1-------,1,31475256
1459999,5,13,11,11-1---------,0,334361333344566329315253
1459968,7,13,7,-----1-------,1,53568563
1459920,8,9,13,-----1-------,1,22353475
1459881,2,13,9,-----1-------,1,54548148
1459844,9,13,7,-----1-------,1,83549164
1458100,5,13,9,-----------1-,0,42466426
1457240,5,13,9,------1------,0,63548238
1457151,9,9,13,-----1-------,1,47567430
1457113,2,13,11,-----1-------,1,25304275
1457070,3,9,13,-----1-------,1,27385064
1455563,8,13,10,-----1-------,1,33395460
1455251,2,3,13,-----1-------,1,23464345
1455216,9,13,5,-----1-------,1,29425462
1455157,8,14,16,-----1-------,1,45506656
1453564,2,10,13,-1-----------,1,22333750
1453535,8,13,2,-1-----------,1,92558936
1452325,7,13,9,11--------1--,1,354764815040653920413967
1452246,2,13,8,11-----------,1,5341645035446244
1451363,7,13,10,-----1-------,1,12333350
1451328,2,6,13,-----1-------,1,26354264
1451326,6,6,13,-------1-----,0,23383855
1451142,8,4,13,1--1---------,1,1525238615202917
1450930,11,13,10,------1------,0,46506562
1450885,6,13,4,------1------,0,56457653
1450856,8,13,4,------1------,0,40435933
1450848,6,8,13,------------1,1,19253544
1449831,3,11,13,11-----------,1,2736493639476637
1449773,7,13,9,11-----------,1,7160934340426441
1449670,8,9,13,-1-----------,1,27304954
1449426,8,15,15,-----------1-,1,66729845
1446793,10,13,9,-----1-------,1,69598933
1446769,2,13,2,-----1-------,1,77649862
1445664,8,13,11,11-1---------,1,374155282131356416292740
1445622,3,13,9,11-1---------,1,635583484547684251437050
1445225,2,15,15,-1-1---------,1,5355803117303846
1444091,10,13,11,11-1---------,1,555581723125433133485753
1443470,9,16,14,-1-----------,1,40375927
1442471,9,13,10,-1-----------,1,50598056
1442441,2,4,13,-1-----------,1,23434944
1437911,7,13,5,------1------,1,51417218
1437885,2,1,13,------1------,1,15272067
1437839,6,10,13,------1------,1,37355833
1433954,8,6,13,11-1---------,1,163128382944512339396360
1433725,8,13,11,-1-----------,1,40366128
1433591,3,13,5,-1-----------,1,73599518
1433514,6,11,13,-1-----------,1,47628563
1432689,3,6,13,-1-----------,1,20383456
1432636,8,7,13,-----1-------,1,17233144
1430890,8,10,13,-1-----------,1,37416344
1430783,2,13,9,-1-----------,1,54397050
1430745,8,3,13,-1-----------,1,20272813
1427592,6,8,13,-1-----------,1,35385559
1426443,8,15,15,-1-----------,1,41406835
1426394,8,13,11,-1-----------,1,44526735
1426322,3,13,7,-1-----------,1,51467112
1426294,8,13,2,-1-----------,1,91437845
1426201,8,13,10,-1-----------,1,33345457
1423893,10,13,7,11-1---------,1,865993504832585433466054
1420778,3,13,10,-------1-----,0,29344350
1420750,6,13,8,-------1-----,0,35456467
1419936,8,8,13,11-------1---,1,354357331934333031324979
1419600,10,14,16,11-------1---,1,424766432028363819243569
1418279,6,11,13,------1------,1,27414950
1418242,3,8,13,------1------,0,16202413
1418213,2,13,8,------1------,0,26274655
1413849,8,4,13,11-1---------,1,233041732436405010211040
1413810,9,7,13,11-1---------,1,314154642940507117313340
1413779,8,8,13,------1------,1,23374445
1413763,7,11,13,11-1---------,1,305361472022342729284838
1413711,3,13,7,-1-----------,1,73519027
1413337,10,10,13,-1-----------,1,35486437
1413266,2,3,13,-1-----------,1,26415158
1413223,9,10,13,-1-----------,1,18313364
1412372,9,13,10,------1------,0,33405956
1412347,7,5,13,------1------,0,21444130
1412263,6,13,2,1------------,1,43497038
1410999,6,7,13,11-1---------,1,294751642931463117303290
1410950,7,13,11,11-----------,1,4541685848497355
1410926,8,13,1,11-1---------,1,913779453928522955316830
1409515,2,9,13,11-----------,1,3034495917353220
1409473,8,10,13,11-----------,1,2835502723364457
1409431,8,13,9,11-----------,1,2833484228284558
1405127,7,10,13,-1-1---------,1,3730503929294329
1403760,10,13,4,11-----------,1,4833565439406123
1403717,2,13,9,11-----------,1,6953836141376013
1402382,6,5,13,-----1-------,1,31435676
1397841,7,3,13,-----------1-,1,19393950
1397814,6,13,2,-----------1-,1,62508180
1393708,6,13,9,-----1-------,1,35476347
1393705,2,13,7,-1-1---------,1,2829473030344783
1393670,8,13,4,-1-1---------,1,8354933548507756
1393538,8,7,13,-1-1---------,1,4046694733385347
1393529,6,9,13,-----------1-,1,23324158
1392239,6,7,13,------1------,0,37526439
1391841,7,4,13,-----1-------,1,13252550
1391815,3,4,13,-----1-------,1,31385740
1391771,6,13,4,-----1-------,1,48397444
1390827,8,13,9,11-1---------,1,535081624039655323304055
1390786,10,11,13,11-1---------,1,374360553738573923344442
1390751,6,2,13,11-1---------,1,222932501327135007190633
1389362,7,6,13,11-----------,1,1621225019313722
1389310,8,16,13,11-----------,1,4030555033334444
1389050,6,13,10,-----------1-,1,23273738
1387779,6,4,13,-----------1-,1,35475927
1387748,9,1,13,-----------1-,1,12221340
1386397,8,13,5,1------------,1,88407975
1386392,6,2,13,-----------1-,1,28536250
1386362,8,13,5,-----------1-,1,62487247
1386071,8,13,7,-----1-------,1,36395950
1384665,9,13,11,-----------1-,1,35496240
1384624,3,13,2,-----------1-,1,55558573
1384584,9,8,13,-----------1-,1,29465546
1383596,8,16,14,-----1-------,1,43486956
1383586,10,10,13,1111---------,1,16393550444970383543644020303458
1383545,3,10,13,1111---------,1,36446367264254471528283339446752
1383458,7,16,14,1--1---------,1,4141666423304344
1383458,6,11,13,-----------1-,1,36496727
1383424,8,13,4,-----------1-,1,36356255
1383231,9,13,5,-----1-------,1,53447438
1382995,3,13,16,11-----------,1,3538544533395641
1380888,9,9,13,--11---------,1,3739583719364150
1380379,8,16,14,------1------,1,36385748
1380340,6,9,13,------1------,1,29304177
1380297,9,11,13,------1------,1,31365155
1379281,2,13,16,11-----------,1,2837487230374942
1379222,10,14,16,11-----------,1,4747675628304641
1379000,8,8,13,-----------1-,1,41477135
1376426,9,13,7,11-----------,1,5139706563458038
1376374,8,16,13,11-----------,1,2627425020293646
1376336,10,13,5,11-----------,1,3338604619263438
1374800,8,8,13,-----------1-,1,29344654
1374544,9,11,13,-----1-------,1,30415350
1371869,11,13,11,-------1-----,0,35435826
1371832,11,13,6,-------1-----,0,53426538
1371635,7,16,14,-----------1-,1,36415538
1370784,2,10,13,--1----------,1,37365647
1370664,9,16,13,11-1---------,1,253044502230380739466636
1370640,6,13,11,------1------,1,18303860
1370614,9,13,11,11-----------,1,6656885737456542
1370600,2,10,13,------1------,0,31405141
1370222,6,13,10,-----1-------,1,19393967
1370040,6,13,11,------1------,1,33354963
1369044,6,10,13,-----------1-,1,35656965
1369007,7,13,6,-----------1-,1,33526480
1367157,3,13,8,------1------,0,50416550
1366161,9,6,13,-----------1-,1,31355146
1364882,8,16,13,------1------,1,24404947
1364749,2,13,10,-----------1-,1,47537542
1363429,10,7,13,11-1---------,1,243242732739504317182038
1361879,8,6,13,11-1---------,1,273446543346592112212033
1361825,7,6,13,11-1---------,1,355159691422161321324127
1361788,10,9,13,11-----------,1,2233485027274657
1360660,9,15,15,11-1---------,1,435576571728372733486046
1360601,10,16,12,11-1---------,1,323654554750734431435730
1360544,8,16,14,11-1---------,1,333756623847644029405557
1359146,8,14,16,11-1-----1---,1,43416052243242503747664833355157
1359114,10,4,13,11-1-----1---,1,28394873263545503148575712201360
1359083,9,2,13,11-1-----1---,1,28404950243542301936333818323050
1358959,8,11,13,------1------,1,29324457
1358919,7,7,13,------1------,1,38425963
1358624,3,16,12,------1------,1,21294362
1358584,6,9,13,------1------,1,25384762
1358525,8,13,11,------1------,1,66589046
1356449,8,13,10,------------1,1,28355333
1355753,6,13,9,------1------,0,40405953
1355728,9,13,2,------1------,0,62507773
1354801,10,13,7,11--------1--,1,593164385142743514232886
1354761,3,13,9,11-----------,1,2737493656437627
1354721,9,13,7,11-----------,1,5646697647436447
1354402,12,13,9,------1------,0,66477750
1353341,8,13,7,11-----------,1,5943692859467639
1353332,6,13,5,----------1--,0,39376054
1353297,8,4,13,----------1--,0,31446162
1351434,6,10,13,-------1-----,0,38163000
1350588,2,4,13,1-1----------,1,4044707120263233
1350567,1,13,8,------1------,0,33264936
1350547,8,7,13,111--------1-,1,37456250483969213149584017252978
1350502,9,13,9,11---------1-,1,424572613340563118333570
1349008,2,13,11,11-1---------,1,595285373738602124294329
1348963,8,10,13,1--1---------,1,2940494431425239
1347125,8,7,13,------1------,1,23414558
1346193,6,13,3,------1------,0,85549150
1346193,7,13,4,-----1-------,1,60588935
1346142,2,10,13,11-1-----1---,1,47497439314357352435433122263842
1346099,8,13,8,1--1-----1---,1,966199551727335628284475
1344757,8,7,13,--1----------,1,27414554
1343397,1,1,13,------1------,0,07190567
1343368,8,4,13,------1------,0,20394533
1343332,3,11,13,------1------,0,41507548
1343195,2,13,7,11-1------1--,1,53527943333860404746754517273843
1343154,2,8,13,-1-1------1--,1,395769552945535325233725
1339901,8,13,7,------1------,1,36426385
1338476,6,11,13,------1------,1,35435940
1337548,6,13,10,------1------,0,27435671
1337510,7,13,9,------1------,0,28324850
1337476,6,8,13,1111---------,1,41506343242841552030334526324258
1337431,9,13,9,11-1---------,1,856699654542673230344783
1337403,9,3,13,11-1---------,1,384160502134375626415264
1336129,9,13,10,--1---------1,1,5338712922323650
1336044,2,13,8,11-1---------,1,696092652330434440396644
1334622,9,13,8,11-1---------,1,665584684133573131385753
1334145,8,13,10,------1------,1,44436455
1333201,8,13,7,--1----------,1,83588928
1331687,6,13,5,------1------,1,26314938
1331644,10,8,13,------1------,1,25354154
1331613,6,6,13,------1------,1,19242333
1331551,8,15,15,------1------,1,41426742
1331479,9,13,7,------1------,1,30385164
1331414,6,11,13,------1------,1,33386050
1331181,8,13,5,------1------,1,52527647
1329848,2,13,10,------1------,1,29486544
1329804,6,10,13,------1------,1,24294243
1329778,7,1,13,------1------,1,15252267
1328901,9,13,3,11-1---------,1,996699394729593048377138
1328840,8,16,14,11-----------,1,2838504441427023
1328808,10,5,13,11-----------,1,3641523617313522
1328746,9,13,7,-----1-------,1,55609244
1327209,10,5,13,------1------,1,16303663
1325998,6,10,13,11-----------,1,1823255025324531
1325960,3,2,13,11-1---------,1,282945502846596725344840
1325561,6,8,13,------1------,1,31324438
1325434,6,13,10,------1------,1,48457258
1324708,6,10,13,------1------,1,51467648
1324625,8,13,5,------1------,1,46356050
1324470,10,13,10,11-1---------,1,313551562431426442416644
1324429,7,9,13,11-1---------,1,443563552948618124334050
1324260,8,13,6,------1------,1,30435542
1324225,6,13,6,------1------,1,33335547
1324190,8,13,5,------1------,1,59507238
1324109,9,15,15,------1------,1,47477343
1324074,3,13,5,------1------,1,26344950
1321513,3,5,13,11-1-------1-,1,23344645293548312641484520263267
1321466,8,7,13,11-1-------1-,1,55648748354961293139554112242486
1320124,6,9,13,11-----------,1,1735376718222738
1320084,6,13,6,11-----------,1,3334515036345654
1320054,8,13,5,11-----------,1,6136664659458450
1318820,6,13,7,11-1---------,1,756194404034575042395743
1318790,6,13,3,11-1---------,1,553666406141724566438444
1318240,8,7,13,------1------,1,25424942
1317371,6,13,5,------1------,0,50387033
1316795,1,13,4,------1------,0,70468041
1316749,1,11,13,------1------,0,35486150
1315338,11,6,13,------1------,0,29365279
1314436,8,13,7,11-1---------,1,636089485440703345447426
1314381,11,12,16,11-1---------,1,414667621321223323363553
1313951,10,10,13,------1------,0,23384929
1313063,10,13,4,1111-------1-,1,9982994729274838617297414436655010142433
1313019,9,10,13,1111---------,1,41466786373655562738513641466950
1312990,2,4,13,11-1---------,1,111513600521075007120833
1312885,2,4,13,------1------,1,15353014
1312637,8,13,1,-----1-------,1,19333586
1311538,9,15,15,------1------,1,34405863
1311525,8,9,13,11-1-------1-,1,47568358483861322034364509191360
1311499,6,13,9,------1------,1,25354477
1311493,6,5,13,11-1-------1-,1,42496750244242401726266320253963
1311461,8,8,13,------1------,1,26304250
1311406,10,13,11,------1------,1,37375653
1311093,8,13,7,------1------,1,54467650
1309857,10,15,15,------1------,1,29405642
1308215,6,10,13,------1------,1,23284118
1308175,8,13,8,------1------,1,42335750
1307286,10,13,9,11-1---------,1,455168633634573619263250
1307246,2,13,7,11-1---------,1,384262734852794726294518
1307242,7,13,9,------1------,1,42396261
1307204,8,7,13,------1------,1,42546750
1307204,2,13,10,11-1---------,1,614869452443494319213464
1307009,6,6,13,------1------,1,24334055
1306973,8,13,5,------1------,1,47548065
1305841,7,13,6,1--1---------,1,5858867141406333
1305394,8,12,16,------1------,1,24293756
1305351,8,13,8,------1------,1,36345964
1305275,2,16,13,------1------,1,28404947
1304411,2,13,7,1111-------1-,1,8666994247447453312948314446655020324027
1304364,11,13,7,11-1-------1-,1,57497379294351643139496418212863
1302958,2,13,5,11-1---------,1,554269804644712945446833
1302913,10,7,13,11-----------,1,2837449127394646
1300150,9,11,13,-----1-------,1,38476448
1300036,9,15,15,11-----------,1,5356815029384535
1298437,11,11,13,-----1-------,1,17283164
1298228,6,13,9,-----1-------,1,30375559
1298222,9,10,13,------1------,1,39456258
1298183,10,7,13,------1------,1,29435557
1298147,8,7,13,------1------,1,23314455
1297203,11,13,9,11-1---------,1,865392774450684052467550
1297174,10,13,3,11-1---------,1,733068452930482955517567
1297123,10,13,8,11-1---------,1,524770582836474523394458
1297052,8,13,11,-----1-------,0,35355463
1296837,2,5,13,------1------,1,41536756
1296800,8,13,7,------1------,1,52527447
1295803,8,10,13,-111---------,1,284156472031284250528352
1295735,2,13,9,11-1---------,1,403959614238612963487857
1295719,6,13,9,-----1-------,1,57568667
1294218,10,13,11,11-1-------1-,1,64598852445068654548714810142017
1294166,11,13,5,------1------,0,44296067
1294136,11,8,13,------1------,0,18383499
1292694,8,13,7,-1-----------,1,36455714
1291689,6,13,4,1--1---------,1,4335616966407743
1291149,11,12,16,1-1----------,1,4142614038425736
1291120,2,5,13,1-11---------,1,314457532131333017313088
1290174,9,11,13,1111-------1-,1,6242803618323082173228604049676413241850
1290142,2,7,13,1111-------1-,1,4251697439517550141519142942526909211300
1289966,8,5,13,11-----------,1,3845586315293129
1289934,9,13,5,11-----------,1,9267996833335550
1286942,7,8,13,11-----------,1,3139585009211940
1285566,6,13,11,11-1-------1-,1,41547055252844673739614717203425
1285524,8,6,13,11-----------,1,3755647831405664
1284053,8,9,13,------1------,0,40476489
1282441,8,7,13,-----1-------,1,28405280
1281523,9,11,13,-111---------,1,213138551121186335385456
1281488,9,13,4,-111---------,1,543872384762886550396867
1281447,8,13,10,-1-1---------,1,4842745544446865
1281198,6,13,2,-------1-----,1,44345758
1278541,10,13,9,-111---------,1,394163453040512921343869
1278501,2,13,9,-111---------,1,715690253136545039446663
1278472,2,6,13,-111---------,1,233944501935381129304546
1275709,8,13,10,--11---------,1,3336574358568239
1273673,12,13,1,-------1-----,0,53366625
1272234,10,13,10,-1-1---------,1,6949813040286047
1271137,11,13,4,-------1-----,1,72749969
1271038,10,13,5,-------1-----,1,66568144
1269656,7,4,13,--------1----,1,28384645
1268362,6,8,13,-------1-----,0,39425753
1267985,8,3,13,--------1----,1,20292563
1267908,8,13,7,--------1----,1,23314273
1267833,7,5,13,------1------,1,23314667
1267126,8,13,6,--------1----,1,26395155
1266952,8,13,16,--------1----,1,29405043
1266622,10,13,6,--------1----,1,15202871
1265687,8,13,3,--------1----,1,22324299
1265564,10,8,13,11-----------,1,3142513846466539
1265530,9,5,13,11-----------,1,4251685639597442
1265495,6,5,13,11-----------,1,3753634426363773
1265216,7,5,13,--------1----,1,10192040
1264958,8,13,11,--------1----,1,31425150
1264911,8,13,9,--------1----,1,09151460
1264110,8,7,13,-111---------,1,332836504652734318223050
1264059,8,13,5,--------1----,0,17324275
1264041,10,13,9,-111---------,1,484069263349625027344564
1263872,8,16,12,--------1----,1,33405448
1262924,10,9,13,--------1----,1,33445367
1262716,11,13,8,--------1----,1,17193000
1262687,8,13,5,--------1----,1,19283450
1262592,6,13,9,--------1----,1,31324857
1261253,11,11,13,--11---------,1,3341603716252733
1260904,8,6,13,--------1----,1,24334255
1259850,10,15,15,111----------,1,324254412931453734435836
1259806,8,13,7,-----1-------,1,79538854
1259779,8,6,13,-----1-------,1,26274829
1259305,8,13,7,--------1----,1,28294760
1258380,2,13,11,1111---------,1,40405650374562391627315624364536
1258331,8,10,13,11-1---------,1,595986702536480819353845
1258267,2,2,13,11-----------,1,1833315023324256
1258242,11,13,2,11-----------,1,9954915329315263
1256760,6,15,15,-----1-------,1,29425240
1256697,7,16,14,-----1-------,1,30314848
1256663,8,2,13,-----1-------,1,18242850
1255464,7,3,13,11-1---------,1,152428432229388012171380
1255421,6,3,13,-----1-------,1,20353367
1255384,9,7,13,-----1-------,1,50477343
1255325,9,13,11,11-1---------,1,333952592536476026284347
1252497,8,16,13,-----1-------,1,40375568
1252441,11,15,15,-----1-------,1,36426248
1252415,9,13,2,-----1-------,1,54598850
1252375,8,13,11,-----1-------,1,31435967
1250965,10,11,13,11-----------,1,3647627129345243
1249810,7,13,10,1--1-----11--,1,61527742162826561521257522253150
1249765,10,6,13,11-1-----11--,1,2647527923384333294655381630356720273282
1249681,10,7,13,11-1---------,1,334961602121314010141320
1248227,10,16,12,--1----------,1,64437834
1246866,9,9,13,11-1---------,1,514972572222412033445950
1246823,10,13,8,11-----------,1,5951885231324931
1246378,10,13,5,--------1----,1,33304970
1246344,11,11,13,-----1-------,1,24404753
1243973,8,11,13,1-11---------,1,333457243037473530395647
1243934,2,13,9,1--1---------,1,5136695529455960
1242496,11,13,10,1111---------,1,58568370293554315641703237405718
1242468,8,3,13,1111---------,1,33486454062005992227385017352738
1242432,6,5,13,1111---------,1,37396259182530430824185021343878
1242371,8,9,13,-----1-------,1,27324777
1242309,2,13,9,-----1-------,1,42446947
1242268,8,9,13,-----1-------,1,43416452
1242222,9,10,13,-----1-------,1,47588048
1240873,7,13,4,--------1----,1,30274267
1240834,8,13,6,--------1----,1,43365638
1239807,1,13,2,--------1----,0,77569050
1237844,8,4,13,-----1-------,0,33485469
1237808,1,11,13,-----1-------,0,55588244
1236813,2,13,8,1--1---------,1,3331505028294750
1236779,9,7,13,1--1---------,1,2233376017252850
1236308,1,8,13,-----1-------,0,46527967
1232113,2,13,11,-1-1----11---,1,27304223193234735661814518262882
1232046,8,15,15,-1-1----11---,1,36335638294356574657736911222444
1230585,10,9,13,1--1----1--1-,1,26404573122219296681995917293460
1230528,2,16,13,1--1----11---,1,50568057283650394248673911040600
1230448,6,13,10,--------1----,1,74669441
1229743,8,13,4,--------1----,1,71487647
1229697,10,13,10,--------1----,1,53537829
1229209,2,10,13,-----1-------,1,23475371
1227932,8,13,3,-----1-------,1,30456050
1227681,10,3,13,-----1-------,1,24384173
1227646,2,7,13,-----1-------,1,27424850
1226887,2,13,9,--------1----,1,48588159
1226754,8,13,10,11-1---------,1,474672572740525019314040
1226720,10,13,2,11-1---------,1,997699595330601328376064
1226150,8,1,13,--------1----,1,07180999
1226035,10,6,13,-----------1-,0,37536572
1224678,8,16,12,--------1----,1,23334560
1223449,10,13,8,--------1----,1,35395653
1222305,6,10,13,1111-----1---,1,4341665026385135173336442643423631425544
1222250,9,16,12,11-----------,1,4453746135446050
1222235,8,5,13,--------1----,1,35495844
1222207,10,13,8,11-----------,1,6652825928355036
1222167,10,7,13,-----1-------,1,29415556
1222123,9,13,11,-----1-------,1,35456341
1222098,8,13,0,--------1----,1,66357133
1222091,2,5,13,-----1-------,1,25394542
1222060,6,1,13,--------1----,1,14262033
1221949,8,7,13,--------1----,1,42476447
1221920,8,6,13,--------1----,1,15232857
1221851,8,13,6,--------1----,0,59507750
1220473,6,9,13,------1------,0,33385053
1220357,6,13,9,------------1,1,31446260
1219548,10,13,8,1111---------,1,50366967474171475062843819304030
1219505,2,10,13,1111---------,1,51497957284355403945633817243040
1219454,8,6,13,11-1---------,1,243035553346633319323350
1218075,9,13,10,1111---------,1,45548146464770381318255733416456
1218021,2,11,13,11-----------,1,3338525639406147
1217977,6,11,13,11-----------,1,3745627024344536
1215861,9,13,3,-----------1-,1,99569948
1215825,6,13,8,-----------1-,1,36365543
1215106,9,13,1,-----1-------,0,47436840
1215072,6,4,13,-----1-------,0,15302529
1208957,8,13,4,-----1-------,0,76809948
1207869,2,13,10,11-----------,1,4837624222274030
1207837,8,13,1,11-----------,1,9964994154518146
1207566,8,13,3,-----1-------,0,91749982
1207531,6,13,7,-----1-------,0,89919943
1207133,11,11,13,-----------1-,0,35566759
1202170,2,11,13,11-1---------,1,454066783040583326445269
1199129,9,10,13,-----------1-,0,25444747
1197808,10,11,13,11-1---------,1,415070552529403828344627
1197761,2,16,14,11-1---------,1,384059503841613628364733
1197714,10,13,2,11-1---------,1,835088273312354073609435
1196158,7,13,7,1------------,1,52468047
1194835,8,13,3,1------------,1,50477233
1193145,8,16,14,------1------,1,46527046
1192079,10,13,8,-----1-------,1,28485963
1192047,2,13,5,-----1-------,1,21334144
1192029,10,3,13,1111---------,1,18273271233944330923107529425046
1192013,9,6,13,-----1-------,1,25414769
1191990,2,8,13,111----------,1,375367422635441723284218
1191937,9,13,5,-111---------,1,572463335664913270457541
1191775,8,16,19,-----1-------,0,29384964
1190438,8,13,9,-----1-------,0,33456253
1190195,6,9,13,11-1--1------,1,35465758313447291522253323364131
1190156,8,6,13,1--1--1------,1,364256501726332229455764
1190101,2,14,16,1--1--1------,1,333351362337455323344281
1189329,8,10,13,1111---------,1,29415138354559282122370922294017
1189289,9,13,7,1111---------,1,48527558504272502534472546466839
1189233,10,16,14,1111---------,1,42396558353353352641461522344559
1189206,8,3,13,1111---------,1,21424433253334301534302918302875
1188798,9,13,4,--1----------,1,48396631
1187759,9,5,13,1-11---------,1,314150621625248812151460
1187719,10,13,7,1-11---------,1,996599462228416033335367
1187606,8,13,8,-----1-------,0,17293778
1186349,6,13,11,-----1-------,0,31384939
1186303,6,13,9,-----1-------,0,26334864
1186277,9,13,8,11-----------,1,5445794836386221
1186260,2,13,4,-----1-------,0,51386857
1186177,6,13,9,-----1-------,0,22283960
1185909,12,7,13,-----------1-,0,66559069
1185882,12,4,13,-----------1-,0,40718178
1185847,12,9,13,-----------1-,0,25384953
1181943,8,6,13,-----1-------,1,22314170
1181894,9,13,11,-----1-------,1,35566868
1181874,8,4,13,11-1---------,1,203638671013080004180099
1180581,9,13,8,-1-1---------,1,1120244035295140
1180446,9,13,2,11-----------,1,5747765866397729
1180410,8,13,10,-------1-----,0,25323773
1180163,10,11,13,11-----------,1,2444506941446848
1177727,6,13,8,--11---------,1,5244734733446043
1177689,10,7,13,--11---------,1,3633533627385154
1176253,6,12,16,-----1-------,1,46577479
1176176,6,13,9,-----1-------,0,40355624
1176133,10,13,5,-----1-------,0,21274357
1175994,9,5,13,-----------1-,1,17343733
1174600,8,9,13,-----1-------,0,16242338
1174557,10,14,16,------------1,1,26384856
1173331,6,11,13,-----1-------,0,19243445
1173289,6,13,6,-----1-------,0,24263945
1173217,2,8,13,1--1---------,1,3335584713293171
1173152,9,11,13,-----1-------,0,22283958
1173115,8,9,13,-----1-------,0,20364136
1171935,10,6,13,11-1---------,1,404464711728246317283038
1171901,8,13,7,11-1---------,1,785283742426422029364743
1171892,6,13,11,-----1-------,1,42436735
1171855,11,13,7,11-1---------,1,383655805048744435466553
1171853,2,13,10,-----1-------,1,22314560
1171824,11,3,13,-----1-------,0,31455643
1171815,2,13,8,-111---------,1,514774353736602420274456
1171776,9,9,13,-111---------,1,333050402633462549627848
1171745,8,16,14,-----1-------,0,28344835
1171560,8,13,8,-----1-------,0,51477435
1171474,8,13,11,-----1-------,0,41567760
1170282,10,16,14,-----1-------,0,30385568
1170052,6,13,9,-----1-------,0,38456350
1169991,8,11,13,1--1---------,1,4252737024394869
1169209,8,13,9,-----1-------,0,14222275
1169174,9,13,6,-----1-------,0,28365450
1169150,9,7,13,1111---------,1,50638346152627431630273825274167
1169096,8,14,16,1111---------,1,54467330213842293033451922294147
1169067,2,13,3,11-1---------,1,424776575159794719313943
1169035,8,13,5,11-1---------,1,362945552321424321284357
1168558,6,13,6,-----1-------,1,46487550
1168540,8,13,16,-----------1-,1,33445950
1167436,8,10,13,1------------,0,48467259
1166155,2,13,11,-----1-------,0,14213243
1166110,11,11,13,-----1-------,0,28405260
1165744,10,5,13,-----------1-,1,23344550
1165701,6,13,3,-----------1-,1,53558163
1164476,10,11,13,1------------,1,33435641
1164364,6,13,11,-----1-------,0,28304475
1161839,8,1,13,-----1-------,0,18312643
1161617,2,10,13,-11----------,1,4844695925274123
1161473,7,5,13,-1-----------,1,23283427
1160085,8,13,8,11-------1---,1,354962674640633308141625
1160040,7,9,13,11-------1---,1,424457581731344415352780
1159120,7,13,9,11-1---------,1,475275332128333014222629
1159081,9,13,7,11-1---------,1,413861673636493148427263
1158942,8,11,13,-----1-------,0,31354844
1158794,2,8,13,-----1-------,0,33496281
1158752,9,13,8,-----1-------,0,26325036
1158686,9,13,11,111----------,1,475773615749814629415563
1158588,7,19,16,-----1-------,0,19283644
1158576,8,13,5,-11----------,1,3038464555518040
1158518,11,10,13,-----1-------,0,26304456
1158509,6,7,13,-11----------,1,2136387031354829
1158478,9,3,13,-11--------1-,1,263640554159716312151440
1157546,2,4,13,-----1-------,0,25364767
1157453,6,13,11,-----1-------,0,31355844
1157390,8,7,13,-----1-------,0,25334223
1157274,6,6,13,-----1-------,0,27364346
1157189,8,13,2,-----1-------,0,26264900
1157139,6,4,13,-----1-------,0,20364467
1157061,9,13,9,-----1-------,0,56436671
1156873,9,2,13,-----------1-,1,10242025
1156131,6,8,13,--1----------,0,41547138
1156081,6,11,13,-----1-------,1,33294867
1155889,6,12,16,-----1-------,0,42516748
1155847,8,7,13,-----1-------,0,17273433
1155778,2,9,13,-----1-------,0,17273550
1155657,10,13,6,-----1-------,0,13203460
1155599,7,13,10,-----1-------,0,37446383
1155534,9,9,13,-----------1-,1,33425650
1155508,1,5,13,-----------1-,0,07221125
1155490,1,13,1,-----------1-,0,52487673
1154753,6,16,14,--1----------,1,22304033
1154711,7,13,6,--1----------,1,48497244
1154676,2,13,8,--1----------,1,37345417
1154616,10,14,16,--1----------,1,45446641
1154601,8,13,5,-----1-------,0,44396142
1154508,6,13,8,-----1-------,0,40285558
1154462,8,7,13,-----1-------,0,24324164
1154411,6,13,10,-----1-------,1,35435639
1154309,6,13,6,-----1-------,1,52547955
1154273,2,13,6,-----1-------,1,51557947
1154206,8,11,13,-----1-------,0,33315260
1154149,7,16,12,-----1-------,0,41375762
1153276,6,10,13,--1----------,0,30435639
1153236,6,11,13,--1----------,0,26394414
1152992,6,7,13,-----1-------,1,23374567
1152802,7,7,13,-----1-------,0,20374455
1152729,6,22,19,-----1-------,0,25344957
1152531,7,13,6,-----1-------,0,39365954
1151811,6,8,13,-----1-------,0,29395353
1151672,6,14,16,-----1-------,0,28395450
1151636,9,13,2,-----1-------,0,44426950
1151561,11,9,13,11-----------,1,3945625531354825
1151532,8,6,13,-----1-------,0,33435750
1151509,9,13,16,11-----------,1,4651694620263843
1151305,8,13,10,-----1-------,0,45507252
1151260,6,13,9,-----1-------,0,54437128
1151084,9,9,13,-----1-------,0,48517645
1150313,8,11,13,-----1-------,0,21254080
1150222,8,13,9,-----1-------,0,31466438
1149897,8,9,13,111----------,1,284556474543673735526447
1149894,8,13,11,-----1-------,0,27395259
1149867,11,6,13,111----------,1,304142582237415023384417
1149853,6,13,9,-----1-------,0,41426338
1149015,7,0,13,-111---------,1,112816751332210015292467
1148997,8,0,13,-----1-------,1,03080099
1148964,7,16,12,-111---------,1,434063524039592531405558
1148918,10,13,11,-111---------,1,573768263141481350548350
1148788,9,3,13,-----1-------,0,28415550
1148743,6,9,13,-----1-------,0,21314645
1148649,2,13,11,-----1-------,0,17263333
1148484,6,13,2,-----1-------,0,52316345
1148383,7,10,13,-1-----------,1,17262844
1147412,6,9,13,11-----------,1,1732356703120199
1147379,7,13,2,11-----------,1,6152769246295429
1146970,9,11,13,-----1-------,0,28435535
1146063,8,11,13,-----1-------,0,28385039
1146024,6,5,13,-----1-------,0,06251933
1145907,6,16,14,-----1-------,0,23344160
1145864,6,13,5,-----1-------,0,42476750
1145820,8,13,11,-----1-------,0,37365863
1144505,6,8,13,-----1-------,0,27323843
1144403,8,13,11,-----1-------,0,19142257
1144355,8,16,12,-----1-------,0,28335129
1144306,8,3,13,-----1-------,0,19242875
1142962,6,13,3,-----------1-,1,95689957
1142894,8,13,7,-----1-------,0,54618548
1141764,7,13,8,-----1-------,0,40466159
1141712,8,16,13,-----1-------,0,37365535
1141669,9,13,9,-----1-------,0,40456750
1141666,8,7,13,-111---------,1,294151642234375014242038
1141609,9,13,6,1111---------,1,66517856334261233839625329435643
1141571,2,13,7,111----------,1,525175422835516738345427
1141546,8,15,15,-----------1-,1,30515557
1141523,6,8,13,11-1---------,1,687199582127342210202150
1141522,9,13,11,--1----------,1,55638728
1141516,9,13,3,-----------1-,1,41568144
1140087,7,13,6,------------1,1,62437829
1138942,10,8,13,11-1---------,1,464974522133383026354236
1138910,6,13,4,11-1---------,1,662969504539666446567756
1138885,2,13,2,11-1---------,1,996599502433463848568256
1138635,6,13,16,-----1-------,0,30425245
1138578,8,15,15,11-----------,1,3345566522273950
1137151,8,13,9,-----1-------,0,31294962
1137051,6,13,11,-----1-------,0,21324336
1136893,6,13,11,-----1-------,0,42376147
1136835,6,2,13,-----------1-,1,18323371
1135857,9,13,8,-----1-------,0,45466940
1135779,2,9,13,-----1-------,0,41386733
1135752,8,7,13,-----------1-,1,35435747
1135718,8,13,7,-----1-------,0,74589556
1135658,9,8,13,-----1-------,1,25354769
1135624,8,13,4,-----1-------,1,30324527
1135577,8,5,13,-----------1-,1,35536444
1134383,6,13,6,-----1-------,0,19243143
1134309,6,13,10,-----1-------,1,45366047
1134302,6,13,4,-----------1-,1,48527131
1134280,6,13,2,-----1-------,1,30285133
1134057,10,7,13,--1----------,1,17313260
1133046,6,10,13,--1----------,1,23364131
1132989,10,14,16,--1----------,1,59538529
1132953,6,13,4,-----1-------,0,23354267
1132919,9,13,3,-----1-------,0,33345770
1132892,6,13,10,-----------1-,1,43567336
1132867,6,11,13,-----1-------,0,22334050
1132819,6,13,4,-----1-------,0,33415436
1132813,10,13,11,1------------,1,35395147
1132646,8,7,13,-----1-------,0,12161350
1132603,8,9,13,-----1-------,0,18303950
1132541,7,13,16,-----1-------,0,29395341
1131518,2,13,11,-----1-------,0,39326445
1131475,6,8,13,-----------1-,1,64649152
1131448,11,0,13,1111---------,1,20474238071104502854485510221875
1131432,9,13,10,-----------1-,1,42406326
1131407,8,13,11,-----1-------,0,37425635
1131359,7,13,7,-----1-------,0,22304050
1131320,8,13,6,-----1-------,0,69579370
1131287,9,13,7,11-----------,1,4346685938406156
1131257,12,4,13,------------1,0,25434850
1131244,2,13,11,11-1---------,1,475878562932471523334462
1131137,8,16,12,-----1-------,0,50487442
1131120,2,10,13,------------1,0,35445729
1131107,8,13,4,-----1-------,0,47528053
1131093,6,6,13,------------1,0,40466750
1130932,8,13,7,-----1-------,0,29374846
1130252,8,13,16,-----1-------,0,23313567
1130215,6,13,4,-----1-------,0,30305060
1130155,8,16,14,111----------,1,596588332731465327344211
1130111,8,15,15,-----------1-,1,37557243
1130071,9,9,13,-----------1-,1,52517536
1129951,6,4,13,-----1-------,0,26344045
1129817,6,13,3,-----1-------,0,45366236
1129731,6,13,9,-----1-------,0,45436632
1129654,7,8,13,-----1-------,0,33456561
1129435,8,8,13,-----1-------,0,25253644
1128915,6,13,6,-----1-------,0,54397344
1128871,8,13,10,-----1-------,0,46467086
1128808,2,4,13,-1-1---------,1,1324236712221983
1128790,6,13,3,-----1-------,0,56397647
1128753,6,13,2,-----1-------,0,72337146
1128701,7,5,13,-----1-------,0,14242671
1128581,8,16,12,11-----------,1,5652785229395527
1128520,2,9,13,-----1-------,1,17383650
1128471,8,11,13,-----1-------,1,44557346
1128461,2,13,9,1-1----------,1,3542615316273525
1128429,6,13,8,-----1-------,1,39446247
1128309,10,13,5,-----1-------,0,50497756
1128269,9,13,7,-----1-------,0,44356556
1128066,6,6,13,-----1-------,0,27284546
1127061,6,13,2,-----1-------,1,30384850
1127013,9,16,13,-----1-------,1,30415453
1126978,8,4,13,-----1-------,1,19292944
1126937,8,13,7,-----1-------,1,54507528
1126897,8,13,8,-----1-------,0,45577545
1126849,7,13,3,-----1-------,0,33486038
1126798,9,13,6,--1----------,1,41466933
1126791,9,16,14,-----1-------,0,44577455
1126623,8,14,16,-----1-------,1,31384935
1125986,8,13,10,-----1-------,1,43527455
1125950,6,13,7,-----1-------,1,29385343
1125842,8,6,13,-----1-------,1,25384746
1125781,7,16,14,-----1-------,1,46396836
1125717,8,10,13,-----1-------,1,19272960
1125712,6,8,13,-----------1-,1,15262700
1125679,2,6,13,-----------1-,1,19303133
1125664,6,13,5,-----1-------,1,17243157
1125638,8,10,13,-----------1-,1,37476440
1125625,2,13,8,-----1-------,1,37466644
1125605,7,2,13,1------------,1,14302450
1125207,8,8,13,-----1-------,1,27314646
1124454,2,8,13,--1----------,0,29435219
1124424,6,13,7,--1----------,0,31546175
1124402,9,13,8,-----1-------,1,28294758
1124387,7,4,13,--1----------,1,21262822
1124363,8,2,13,-----1-------,1,12201240
1124351,8,13,4,--1----------,1,37356260
1124323,6,13,10,-----1-------,1,35436458
1124279,6,13,10,-----1-------,1,52517550
1124227,8,3,13,-----1-------,1,19273638
1124176,8,13,9,-----1-------,1,41486850
1124160,8,13,2,1------------,1,94469241
1124104,7,13,8,-----1-------,1,42466950
1122920,8,6,13,--------1----,0,14272171
1121539,10,13,8,1111---------,1,41326067354766562934532929395353
1121509,8,13,6,1111---------,1,63508357372854302632463621394430
1121478,9,6,13,1111---------,1,29475644253544253140563608131375
1121427,8,5,13,-----1-------,1,33465647
1121296,8,13,2,------------1,1,77418264
1121117,9,4,13,-----1-------,0,17373467
1120901,9,13,6,------------1,1,69517748
1120130,2,13,9,-----1-------,1,20273727
1120099,8,13,4,-----1-------,1,36466471
1119924,8,11,13,-----1-------,0,42406063
1119861,7,13,11,11-----------,1,7062976920324450
1118648,6,7,13,11-----------,1,3342556925354350
1118593,10,8,13,11-----------,1,4652745725354658
1118394,8,13,8,-----1-------,1,44497270
1118162,9,13,9,-----1-------,0,64659159
1116974,6,17,19,-----1-------,0,32506138
1116762,6,13,11,-----1-------,0,39466371
1115608,2,16,14,-----1-------,1,29375524
1115555,6,13,9,-----1-------,1,40395956
1115503,10,13,8,------------1,1,31354969
1115393,7,13,9,-----1-------,1,21233856
1115358,9,13,6,-----1-------,1,19364275
1114304,7,13,1,-----1-------,1,33446236
1114284,6,16,14,----1--------,1,21313713
1114184,7,6,13,-----------1-,1,23474838
1113844,2,10,13,-----1-------,1,24364464
1112901,7,13,11,--1----------,0,43486657
1112653,8,13,3,1------------,1,59548261
1112395,6,7,13,-----1-------,1,12201850
1111508,9,8,13,1111---------,1,28425660253747671326215052587848
1111458,2,9,13,1111---------,1,41506640264757501625275624354653
1111446,8,4,13,------1------,0,26354555
1111408,6,13,10,------1------,0,35506650
1109752,2,0,13,------------1,1,12170833
1109498,7,13,3,------1------,0,99519167
1109461,8,11,13,------1------,0,31445833
1108756,11,13,6,111----------,1,363955462533514048517732
1108532,6,13,6,11-----------,1,4749715330284578
1108490,8,13,7,11---------1-,1,624874355037694415242756
1108297,6,15,15,-----1-------,1,29345060
1108164,6,15,15,-----------1-,1,46557541
1106699,10,13,7,-----------1-,1,25414762
1105727,8,7,13,-----1-------,1,33425544
1105659,7,13,7,11-----------,1,4748735979529333
1105620,11,10,13,11-----------,1,3343617235355753
1104078,2,13,6,11-----------,1,4042654738456538
1104045,8,6,13,11---------1-,1,515077653035524217353567
1102845,8,8,13,1-1----------,1,2336384637516039
1102820,2,4,13,1-1----------,1,2544439221313944
1102431,10,13,1,------1------,0,59579056
1101354,9,13,9,-111---------,1,383965503136492948557859
1100932,6,3,13,-----1-------,1,31465471
1099784,8,13,7,-----1-------,1,51517870
1099718,10,2,13,------------1,1,28355136
1099678,6,3,13,-----1-------,0,11292360
1099508,9,8,13,1--1---------,1,5750836321313580
1099457,7,10,13,11-----------,1,6062893117333278
1098271,2,13,3,-----1-------,1,77699967
1097153,8,8,13,--1----------,0,42556842
1097119,7,4,13,--1----------,0,38556931
1097095,6,5,13,--1----------,0,35506829
1096848,8,13,9,1------------,1,37516353
1095630,10,13,10,--11---------,1,3541633739527085
1095601,2,1,13,--11---------,1,3344503320383850
1091287,8,10,13,------1------,0,47577357
1091247,7,5,13,111----------,1,364759574341632914251871
1091193,2,16,14,111----------,1,566492412133445037446338
1091083,9,13,10,1-11---------,1,313044381420334329304650
1091079,10,9,13,------------1,1,39486645
1091061,12,13,9,------1------,0,63578448
1091042,6,8,13,1-11---------,1,485978641728322207151225
1089624,2,8,13,-----1-------,1,31466033
1088377,7,2,13,------1------,1,17353429
1088336,8,13,7,------1------,1,86579938
1088117,7,13,5,------------1,1,17192750
1088079,2,6,13,------------1,1,27465454
1085480,8,13,7,-----1-------,0,33426060
1085444,11,7,13,-----1-------,0,21333560
1081216,7,10,13,1111---------,1,40576750283450333134452020262977
1081136,2,13,7,1111---------,1,95599946393961364044734126405742
1081008,8,7,13,1-1----------,1,1535328826374136
1079581,8,13,6,-----1-------,1,42497556
1079543,10,8,13,-----1-------,1,35395560
1079503,2,13,11,-----1-------,1,49597572
1079485,7,13,3,---------1---,0,46406636
1078454,7,13,8,-----1-------,1,36365450
1078412,8,11,13,-----1-------,1,35496060
1078406,7,10,13,------1------,1,20283718
1078369,2,13,10,------1------,1,19314160
1078264,2,13,8,11-----------,1,2829463636315650
1078237,11,13,2,11-----------,1,9973994350466925
1078113,2,6,13,1----1-------,1,5249715913281733
1078048,9,13,9,1-1----------,1,6354876021373958
1077014,10,9,13,------------1,1,48688350
1076703,6,9,13,1------------,1,28324125
1076666,8,13,6,1------------,1,59437867
1075553,9,11,13,-----1-------,0,19263640
1075506,8,13,11,-----1-------,0,37425939
1075360,11,13,7,-----1-------,0,35375633
1073603,7,13,11,-----1-------,1,35425347
1071129,9,11,13,1111---------,1,43526545503565502528402323394550
1071100,10,13,9,-----1-------,1,33335547
1071088,8,13,10,1111---------,1,69548952354766723540621717233350
1071086,6,13,10,------1------,1,35415731
1071069,6,13,7,-----1-------,1,43527748
1071038,2,13,4,-----1-------,1,47608459
1071037,10,10,13,------1------,1,52597964
1070997,8,5,13,1111-------1-,1,4064754420233475243239451630277506150067
1070762,8,13,5,-----1-------,1,66558435
1070723,9,13,8,-----1-------,1,39486643
1069688,7,13,4,------1------,1,66669339
1069654,8,6,13,------1------,1,44678045
1069399,10,13,10,1--1---------,1,5242722341457250
1069345,11,13,10,111----------,1,414968602829473333344756
1069195,6,13,11,-----1-------,1,58618847
1068478,8,13,7,-111---------,1,433755153840642026334664
1068434,2,11,13,-111---------,1,332847211520230047557742
1068403,7,5,13,-----1-------,1,17283056
1068399,9,13,7,-111---------,1,403456253129475448517553
1068356,10,6,13,-11--------1-,1,284048174556712610181880
1068348,8,13,16,-----1-------,1,49507345
1068273,6,3,13,-111-------1-,1,20363463224040501728197509220850
1068242,6,13,4,-111-------1-,1,29294950253650208970995915223340
1068239,6,7,13,------1------,1,33466060
1068204,8,13,4,------1------,1,71447727
1068038,6,1,13,11-----------,1,3038522508240933
1067992,6,11,13,--1----------,1,13192363
1067920,10,16,14,-----------1-,1,30395123
1067851,6,9,13,--1----------,1,31435422
1067798,2,13,6,------1------,1,76578865
1067788,8,9,13,--1----------,1,40446439
1067746,8,13,11,-----1-------,1,41486857
1067582,6,10,13,--1----------,1,23334242
1066973,9,13,6,-----1-------,1,48487058
1066938,2,13,6,-----1-------,1,55598665
1066896,7,11,13,-----1-------,1,36456436
1066797,8,9,13,1111---------,1,50588454182936501727304015303233
1066756,6,8,13,1111---------,1,27334577254047462940525023424150
1066713,7,6,13,1111---------,1,42567453294655311726303323304445
1066526,7,16,14,-----1-------,1,33405348
1066433,6,13,16,-----1-------,1,40486763
1066402,6,13,5,-----1-------,1,51437129
1066329,7,11,13,-----1-------,1,43496550
1066301,6,1,13,------1------,0,19473975
1066298,6,5,13,-----1-------,1,42425943
1065297,6,11,13,-----------1-,1,43517064
1065270,8,8,13,------1------,0,31414940
1065256,9,13,10,-----------1-,1,35556548
1065098,8,13,10,-----1-------,1,41506960
1064946,8,16,14,-----1-------,1,35516373
1063875,6,6,13,1111---------,1,26334336193236252137361840485965
1063832,8,10,13,-----------1-,1,31445541
1063831,11,11,13,1111---------,1,56558041272944431425284426374771
1063817,11,10,13,------------1,1,37476240
1063756,6,7,13,111----------,1,314253531724323824424438
1063719,2,7,13,111----------,1,274046622828415029405436
1063692,6,13,3,-----1-------,1,43558047
1063645,9,11,13,-----1-------,1,28435159
1063490,8,10,13,------1------,0,35426356
1062494,10,6,13,1-11--1----1-,1,3543667521303633151527293957675812202100
1062453,11,13,11,1-11---------,1,374759612335485057588646
1062428,9,13,5,1-11---------,1,464367712326394372719971
1062389,6,13,8,1-11---------,1,564671476347824333425750
1062016,6,14,16,-----1-------,1,26384433
1061970,9,11,13,-----1-------,1,24334560
1061057,9,13,11,1-11---------,1,374864702224326724394857
1061023,10,13,4,1-11---------,1,855193447053884277669938
1060980,10,9,13,1-11-------1-,1,42386544213540543349593913191743
1060944,6,7,13,-----1-------,1,33526456
1060821,10,3,13,-111---------,1,282644601118222020343044
1060790,11,4,13,-111---------,1,122524332032402223303356
1059343,10,3,13,1-11---------,1,485983631832273824374164
1059315,9,13,3,1-1----------,1,9966995930334833
1059287,8,2,13,1-1----------,1,2534438007190733
1058297,9,9,13,1111---------,1,30385665233344644745662023404346
1058258,11,13,10,1111---------,1,64739969543261562533443124313838
1058203,10,6,13,1111---------,1,55669252182830631026216029495453
1058167,10,13,7,11-1---------,1,334056585230626437446553
1058137,2,13,3,11-----------,1,2330484351427071
1057883,9,13,8,------------1,1,31536471
1057750,7,8,13,------------1,0,27354243
1056741,2,13,16,------1------,1,40527438
1056680,6,4,13,1111---------,1,36344669182828571823225010262040
1056654,9,1,13,1111---------,1,14272067232630710717023319312838
1056619,10,7,13,1-1----------,1,3146526429395227
1055320,2,4,13,--11---------,0,2632470904201350
1055283,6,4,13,--11---------,1,1223172031505664
1055240,10,7,13,--11---------,1,0620120020283644
1055181,7,1,13,-111---------,1,071805993032463610272550
1054855,8,13,4,-----1-------,1,46537329
1053862,8,13,10,----1--------,1,27395036
1053844,6,10,13,1-11---------,1,314251732030352331445665
1053814,10,13,4,1-11---------,1,534576383334503340355782
1053756,6,13,10,--11---------,1,2922443115293450
1053728,6,2,13,--11---------,1,2434446009180475
1052398,8,13,5,------1------,1,87509248
1052345,6,12,16,-111---------,1,172733252237495342446461
1052308,6,13,8,1-11---------,1,463560364355785256406759
1050960,6,9,13,1111---------,1,58557961293244772636475012282686
1050919,8,7,13,1111---------,1,38455831203138441124235011211850
1050885,8,8,13,-111---------,1,213441552732504319323664
1050816,10,6,13,-------1-----,0,21393664
1050769,7,13,9,-------1-----,0,40415667
1050692,8,11,13,-----1-------,1,35546650
1049723,10,9,13,------------1,1,54578250
1049419,7,7,13,-----1-------,1,37516753
1049410,9,13,11,11-1---------,1,646590724035583922293850
1049377,9,13,8,-----1-------,1,43587467
1049233,8,3,13,------------1,0,29464769
1049140,9,7,13,11-----------,1,3139556419343650
1048296,6,13,10,1-1----------,1,4443677526244745
1048097,10,7,13,111----------,1,263447672135386420303445
1048044,9,3,13,111----------,1,223330401421145012231417
1047997,10,5,13,1-11---------,1,385163631729273821254018
1047830,8,4,13,1-1----------,1,1831356317202238
1047620,2,5,13,------1------,1,44547925
1047592,8,3,13,------1------,1,50637856
1046638,9,9,13,--11---------,1,3135503318313480
1046585,6,13,11,--11---------,1,2637455326414836
1046293,7,8,13,------------1,1,21354158
1045287,10,6,13,------------1,1,18192638
1045277,9,13,7,1111---------,1,35506539264149454840684436315636
1045252,8,13,4,------------1,1,47336060
1045233,10,13,7,1111---------,1,66679254243041603132522123314436
1045195,6,13,8,1111---------,1,70397563403156583535514745456632
1045138,6,7,13,--1----------,0,38426344
1045068,6,13,8,-----------1-,1,29476147
1043781,10,13,10,1111---------,1,46517043293556333140585639436163
1043674,8,12,16,-111---------,0,242737365052764026394763
1042331,6,3,13,1111---------,0,35525653203537561323246706110033
1042211,6,16,13,1111---------,1,57639073503667383339603224304244
1040925,9,13,11,11-1---------,1,375067706451825921293775
1040890,6,13,6,1111---------,1,66437750403360334453772030385564
1040849,3,13,11,1111---------,1,64638258242942402332462535406153
1040796,8,10,13,1-11---------,1,355157502738480007100925
1040795,8,8,13,------1------,0,41476581
1040750,8,5,13,1-11---------,1,375264593142514310201460
1039422,9,6,13,-----1-------,1,29404846
1039291,6,13,7,11-1---------,1,777299503322453035416025
1039210,11,5,13,11-----------,1,1432375739395362
1039001,9,16,13,111----------,1,595991592635495033405622
1038960,6,9,13,111----------,1,394963532432426424234054
1038177,2,5,13,1111---------,1,31475971294759211521302933315321
1038149,8,3,13,1111---------,1,15282686183133711014117533374854
1038120,11,3,13,1111--------1,1,2643525519333863243439301023129918272738
1038070,6,3,13,1111--------1,1,3351564319223250124026172437425508101167
1038066,7,13,4,-----1-------,1,40426042
1038034,8,13,9,-----1-------,1,21283750
1038028,8,13,9,111----------,1,313759212423356337386235
1037990,9,13,8,111----------,1,425077264642644358518330
1037888,3,13,6,------1------,0,51497453
1037859,6,3,13,------1------,0,33536547
1037799,8,13,9,11-----------,1,6149815441395953
1037738,6,4,13,111----------,1,354761601017177513242133
1036577,2,10,13,-11----------,1,1627304413232857
1036548,2,13,9,-----1-------,1,31486031
1035135,9,13,11,1111---------,1,31406229544878393334492520283562
1035123,8,13,6,-----1-------,0,58558052
1035087,6,13,11,1111---------,1,21424642333151292233485041375648
1035075,8,11,13,-----1-------,0,41496557
1035032,3,6,13,1-11---------,1,263245733343564729345057
1035012,6,10,13,-----------1-,1,24394754
1034991,9,8,13,1-11--------1,1,39486265223138502940514023454362
1033807,6,13,6,--1---------1,1,6355854336436357
1033773,8,5,13,--1---------1,1,1321241724354850
1033716,11,16,14,-11---------1,1,223544573239502728455233
1033673,9,13,9,111---------1,1,52557263463863282735485720313944
1033625,6,13,7,111----------,1,445474305547717333365100
1032230,2,13,4,111--------1-,1,85559456544472312832497019193413
1032222,3,13,6,-----1-------,0,66689846
1032188,3,11,13,111--------11,1,4147668629364931283645190617112545547050
1032152,9,13,6,111----------,1,586391572222363869568952
1030805,3,13,7,111----------,1,535883521935412227324531
1030775,6,7,13,111----------,1,536282581823277516162250
1030737,11,13,9,111----------,1,535476433542593331344744
1030569,2,13,11,-----1-------,1,37415442
1029252,6,16,14,-----------1-,1,30495550
1029212,6,13,11,-----------1-,1,52618272
1029137,2,8,13,11----1----11,1,3534494722474942314655381018161727364843
1029084,11,15,15,11----1-----1,1,49446846192635333136524232415363
1029001,8,14,16,11----1------,1,514979552429404339476544
1028944,8,14,16,11-----------,1,3241544121334856
1028902,6,13,7,11-----------,1,4360745733355647
1028072,7,10,13,111----------,1,615983542831535828405263
1028033,3,9,13,111----------,1,354857502333422323324125
1026549,8,7,13,------1------,1,21293460
1026500,9,11,13,1-1----------,1,4949756030354647
1026439,9,13,10,------1------,1,37426556
1026407,7,13,5,------1------,1,88659954
1026377,6,13,6,------1------,1,71296833
1025076,6,13,8,111----------,1,565378595044704453488129
1025031,3,13,5,11-----------,1,5339676380437947
1024995,6,13,4,11-----------,1,9045894733305133
1024925,8,10,13,----1--------,1,33476258
1023631,6,16,14,111----------,1,364463703331494735395627
1023576,6,13,7,-----1-------,0,47446835
1023567,2,11,13,111----------,1,373856501021225028475533
1023338,6,15,15,----1--------,1,33505961
1023314,11,1,13,----1--------,1,19454650
1023275,9,9,13,----1--------,1,10211860
1023164,6,9,13,----1--------,1,28374353
1022269,9,9,13,111----------,1,374460473333502935455953
1022223,3,13,11,111----------,1,354157444149683813292838
1022187,11,9,13,111----------,1,455776833538564733386144
1022088,6,6,13,-11----------,1,4348723817294150
1022080,2,19,16,-----1-------,0,29374825
1020733,8,16,13,-----1-------,0,35365445
1020724,3,10,13,111---------1,1,37426345313250315048742525394831
1020691,11,3,13,111----------,1,243744451121084025344650
1020651,2,9,13,111---------1,1,46566952284153382027355017263256
1020620,8,11,13,------1------,0,64548641
1020609,11,11,13,111---------1,1,28334250312944383141592837456758
1020277,2,9,13,-----1-------,1,33415644
1020233,3,13,4,-----1-------,0,53538175
1020134,6,16,12,-----------1-,1,39426555
1019248,9,10,13,-11----------,1,2319373324323654
1019069,8,13,9,-----1-------,0,37426450
1018995,7,13,8,11-----------,1,5039675330224518
1018887,3,10,13,-----1-------,1,22404242
1018868,2,13,8,11-----------,1,5147683539315936
1017962,11,13,11,11-----------,1,2833448329304350
1017936,8,8,13,-----1-------,0,29375453
1017913,2,16,12,11-----------,1,8558955624304344
1017864,2,16,13,111---------1,1,53467166253344442126351435375427
1017821,8,8,13,-----1-------,0,27344169
1016437,8,13,10,111----------,1,695788603325515028354807
1016425,6,13,8,-----1-------,0,47647970
1016398,11,13,9,111----------,1,455882552426382729365307
1016346,7,16,12,111----------,1,535880592323415420313854
1016179,3,13,9,------1------,1,28344942
1016142,2,10,13,-----1-------,1,43406524
1016141,8,13,8,------1------,1,31294546
1016062,2,13,4,------1------,1,59447363
1016033,8,3,13,------1------,1,04210550
1015989,8,13,7,------1------,1,31345246
1015863,3,13,4,-----------1-,0,45536927
1013523,3,13,6,111----------,1,434265314037631755488230
1013483,8,13,7,111---------1,1,54557956453461404136642748507047
1013448,11,13,6,111---------1,1,76589261303253672227375043487047
1013398,8,13,6,1-1----------,1,8355955633284917
1013348,2,6,13,1-1----------,1,4648713812272000
1013105,2,13,5,------1------,1,39376343
1013069,8,7,13,------1------,1,33385160
1012154,8,13,7,1-1----------,1,5559803051437141
1012120,3,13,3,1-1----------,1,7561895646568033
1012080,7,13,7,1-1----------,1,3641605041355527
1010602,2,13,11,111---------1,1,43608073434470501828382052457256
1010533,6,11,13,-----1-------,1,35435633
1010531,11,15,15,11----------1,1,564874252625414729415660
1010407,2,5,13,-----1-------,1,24364160
1010368,11,7,13,11----------1,1,333352441831335731465163
1010330,7,13,10,-----1-------,1,26405043
1010327,3,8,13,111---------1,1,53417252122328501629302529374950
1010299,9,13,0,11----------1,1,996599813322400061548931
1010289,8,11,13,-----1-------,1,51507661
1010231,8,8,13,-----1-------,0,57699442
1010120,8,15,15,-----1-------,1,38466752
1009995,8,10,13,-----1-------,1,39375968
1009967,9,13,2,-----1-------,1,40436558
1009221,6,13,7,-----1-------,0,80739952
1009186,8,3,13,-----1-------,1,15262486
1008969,6,13,5,-----1-------,0,66498240
1008703,8,13,10,-----1-------,1,47477250
1007495,6,11,13,1------------,1,29455025
1006007,11,6,13,111---------1,1,39556858263848092741564612212150
1005971,2,7,13,1111--------1,1,3539566924384740264553211419187122344167
1005936,9,13,7,1111--------1,1,5156804529435229232736361927364057437116
1005872,8,13,10,-----1-------,1,40355456
1005114,9,13,8,1111--------1,1,3137536736325550363350215850793563588467
1005063,7,11,13,1111--------1,1,5359835520223325263846312139443831415750
1005026,9,13,8,1111--------1,1,4845665050346439615681412643494236375429
1004978,6,9,13,11-----------,1,3343554117213144
1004805,8,13,4,-----1-------,0,59538050
1004672,8,8,13,------1------,1,33335040
1004636,3,19,16,-----1-------,0,50517336
1004596,8,7,13,-----1-------,1,31435647
1004566,6,3,13,-----1-------,1,09251175
1004394,8,13,2,-----1-------,1,58467514
1004241,6,13,11,-----1-------,1,48477573
1003679,7,8,13,------1------,0,29334746
1003257,9,13,16,11-----------,1,4656735424364431
1002981,8,15,15,-----------1-,1,37506844
1002934,6,13,11,-----------1-,1,52386026
1000579,9,14,16,1111---------,1,61679149183235364138552811231867
1000540,8,5,13,1111--------1,1,3644576418293357213334362138386422304288
1000508,9,13,6,1111---------,1,81659941332653185948703153437556
1000470,11,6,13,111----------,1,384061442131336725444623
1000355,8,16,12,-----1-------,1,37375644
1000269,6,11,13,-----1-------,1,74639552
1000166,8,6,13,-----1-------,1,23374264
1000105,8,16,13,-----1-------,1,38375650
999312,11,11,13,111----------,1,476284484040552919373731
999279,8,4,13,111---------1,1,31496157313558432133401822354040
999246,11,13,8,111---------1,1,63618956222743103741603327385243
999172,9,16,12,111----------,1,474672522321383642436648
999128,9,13,5,-----1-------,1,50588061
999119,6,16,13,1-1---------1,1,465069572340463523294250
999090,2,5,13,-----1-------,0,37637447
999066,8,13,11,1-1---------1,1,454064165747794618363660
997682,11,13,7,-----1-------,1,33395246
997666,7,11,13,--1---------1,1,2427401813212443
997474,8,9,13,-----1-------,0,28435160
997422,8,13,11,1-1----------,1,4555745913202313
996364,8,2,13,------1------,0,23283744
996327,3,13,5,1-1----------,1,6646745642456521
996269,7,15,15,1-1----------,1,4142644625354750
996156,6,13,11,-----1-------,0,36596842
994866,7,9,13,111----------,1,373956351928343023283918
994834,3,13,5,1111---------,1,69529129513569217268993339476943
994800,9,6,13,1111---------,1,37506559132430501625261333364921
994777,8,11,13,-----1-------,1,33385529
994758,2,10,13,11-1---------,1,505679463329524017323070
994730,9,16,12,-----1-------,1,56538253
994698,2,13,7,-----1-------,1,36355229
993390,3,11,13,111---1------,1,41496765252540421730343035415544
993355,3,6,13,111---1------,1,23354118383353441728363317383756
993320,8,13,3,111----------,1,856496564433625090418642
993104,8,13,11,-----1-------,1,31456385
991870,9,13,11,1------------,1,47547738
991718,8,13,10,-----1-------,1,66608746
990405,11,11,13,1-1---------1,1,373657532726420730495941
990328,6,13,1,--1---------1,1,4733615052437473
990301,8,1,13,--1---------1,1,2039432515292867
990123,3,13,10,-----1-------,1,54528050
990080,8,13,8,-----1-------,1,38395627
990010,8,8,13,-----------1-,1,35505653
988866,2,13,10,--1---------1,1,2535472341436163
988853,2,13,4,-----1-------,1,46558361
988813,2,13,8,-----1-------,1,22353850
988759,6,10,13,-------1-----,0,48588550
987784,7,13,8,--1---------1,1,4836682124254145
987753,9,5,13,--1---------1,1,2535434215392957
987406,9,10,13,-----1-------,1,28395147
987355,9,13,7,-----1-------,1,81629552
987182,6,13,7,------1------,0,33426262
986194,2,13,11,1-1----------,1,4249732646446648
986101,3,8,13,-----1-------,1,21334464
984678,11,13,5,111----------,1,484674445155804127244422
984626,7,13,8,------1------,1,38375650
984584,2,13,10,-----1-------,1,69538648
984582,9,13,4,-----------1-,1,36516854
984543,3,9,13,-----------1-,1,31465738
983268,8,16,14,11-----------,1,5658833127233923
983228,7,13,6,11-----------,1,7350901823304357
982911,6,6,13,------1------,0,35475835
981788,11,13,16,-----1-------,1,32435241
980444,2,16,12,111---------1,1,46557150292846572335434736415939
980091,2,13,6,-----1-------,1,78568847
980061,8,13,5,-----1-------,1,56567864
979118,6,13,5,-----1-------,1,51467059
974591,6,13,4,-----1-------,1,19394078
974514,6,13,10,-----1-------,1,40445644
974191,8,10,13,-----------1-,1,21384367
974150,6,13,9,-----------1-,1,33465653
971808,8,13,8,111----------,1,997499561715330036325231
971758,6,13,16,111----------,1,515883532536475326385145
971712,7,13,9,111----------,1,745793592328423333365125
971381,2,13,9,11----------1,1,626687391926374025324123
971314,11,4,13,11----------1,1,163933632131363326334273
971285,9,13,4,11----------1,1,996199506630591048406962
971168,3,2,13,11-----------,1,2645524521323544
970112,8,9,13,-----1-------,1,37466345
970037,8,13,11,-----1-------,1,30445358
970004,6,1,13,--1----------,1,07171033
968914,2,9,13,-----1-------,1,35435953
968909,6,7,13,--1---------1,1,2735553627314669
968842,11,10,13,-----1-------,1,28314547
968505,9,13,9,11----1-----1,1,52487332293244573345612914322878
968451,3,15,15,11----1-----1,1,48467052212838314141645240496258
968418,7,13,4,11----1-----1,1,66437744332850443639615042466629
967511,11,13,4,111---------1,1,73508535364362173337554053518144
967461,9,11,13,11----------1,1,364662383742613220333746
967400,3,13,10,11----------1,1,464773293128482146567644
967350,11,13,8,11----------1,1,995899223838633338476356
967282,8,13,4,1-----------1,1,9964992426425463
967222,2,13,11,11----------1,1,585987323836553819324045
965855,8,13,6,-----1-------,1,25344842
965822,8,13,4,-----1-------,1,41396447
965793,8,8,13,-----------1-,1,41567515
964582,7,8,13,11-----------,1,2940466715252925
964507,8,13,4,11-----------,1,8567955029194713
964189,9,13,6,-----------1-,1,30304440
964150,9,13,5,-----------1-,1,50729143
964112,2,13,4,-----------1-,1,42517328
963089,2,13,7,11-----------,1,4751736545366140
963083,11,5,13,-----------1-,1,29485564
963042,8,13,11,11-----------,1,6057864125314331
963039,8,10,13,-----------1-,1,41597860
963012,9,7,13,-----1-------,1,21343667
962736,7,13,4,------1------,1,37365744
961693,8,6,13,111----------,1,263743670716115026364550
961653,8,9,13,111----------,1,314251532932534323293927
961609,9,13,10,11-----------,1,5645763233285108
961548,3,10,13,-----------1-,1,53597833
961512,8,13,3,-----------1-,1,99899967
960243,9,13,9,-----1-------,1,44497040
960212,9,13,9,-----1-------,1,52396958
960173,9,10,13,-----1-------,1,39526952
960031,6,8,13,-----1-------,1,17353460
958843,12,1,13,--1---------1,0,1423183320303450
958805,12,11,13,--1----------,0,16192480
958781,3,1,13,--1----------,0,25364270
958770,7,16,14,-----1-------,1,32394960
958614,8,11,13,-----1-------,1,31475871
958461,11,14,16,11-----------,1,6579996028335040
957246,6,16,14,------1------,1,39405852
957209,8,13,9,------1------,1,29334638
955897,7,7,13,111----------,1,375267592228343021403945
955690,11,13,8,-----1-------,1,33456159
954513,8,1,13,--1---------1,0,1830287112281860
954441,6,6,13,-----1-------,1,14291871
954412,8,3,13,-----1-------,1,31416664
954016,2,11,13,-----------1-,1,30485759
952476,6,13,7,------1------,1,30315558
952439,9,13,6,------1------,1,36305255
951587,9,7,13,-----1-------,1,33546867
951561,8,13,2,-----1-------,1,62589459
951485,8,9,13,-----1-------,1,02060000
951452,7,6,13,-----------1-,1,14232857
950149,8,13,10,-----1-------,1,41456543
950030,12,13,2,--1----------,0,94509147
949937,3,9,13,-----1-------,0,43577557
949763,3,13,8,-----1-------,1,63537965
948863,8,4,13,111----------,1,183231630826117526394333
948855,8,11,13,-----1-------,1,60608935
948831,11,5,13,111----------,1,315253571318174031435546
948811,3,13,9,-----1-------,1,29375338
948789,6,10,13,111----------,1,243041710624125070689822
948648,11,13,9,111----------,1,635686642324391131385619
948610,2,13,9,111----------,1,575583382034365640416728
948470,2,13,7,-----1-------,1,54618970
948435,6,9,13,-----1-------,1,21353650
947573,8,13,11,-----1-------,1,24314246
947524,8,13,11,-----1-------,1,31475332
947500,6,13,2,-----1-------,1,43527162
947480,3,8,13,111----------,1,435278522125333033415136
947450,9,14,16,-----1-------,1,28364771
947428,2,15,15,1111---------,1,56659351202235462037434330324655
947420,8,13,5,-----1-------,1,38577553
947206,8,8,13,11-----------,1,3542623121283955
947168,2,13,4,11-----------,1,6060885054457338
947134,9,13,7,11-----------,1,7866995022233825
945901,6,9,13,111----------,1,415369570910072018363545
944240,3,10,13,-----------1-,1,30445141
942781,3,9,13,-----------1-,1,61627946
942466,3,13,8,-----1-------,1,39547053
941474,8,13,2,11-----------,1,7466993927305033
941331,8,13,7,-----1-------,0,28254418
941040,8,11,13,------1------,1,31436135
940077,8,11,13,------1------,1,71579250
940061,2,4,13,-----1-------,1,20394178
939985,6,15,15,-----------1-,1,37516546
939944,9,9,13,-----------1-,1,31445576
939918,2,3,13,-----------1-,1,24423980
939579,2,13,5,-----1-------,0,69569157
938838,8,13,11,-----1-------,0,28395531
938827,7,13,8,1-----------1,0,8976994935375538
938794,9,13,11,-----1-------,0,39435855
938757,2,11,13,-----1-------,0,37325459
938667,7,13,10,1-----------1,1,5152736528385440
938605,8,19,16,-----1-------,0,31425442
938447,9,13,9,-----1-------,1,37336053
938405,6,13,9,-----1-------,1,33456063
938165,8,13,2,-----1-------,0,40385955
935850,6,10,13,------1------,1,29375029
935815,8,0,13,111---------1,1,13281660000900000816009915302750
935783,8,15,15,------1------,1,35446227
935616,8,13,9,-----1-------,0,43477267
935598,7,13,3,11----------1,1,595082561926342933486773
935563,3,6,13,111--------11,1,5256775521223333061605331020146019413680
935520,7,8,13,11----------1,1,294145502726374313272671
935464,8,7,13,11---------11,1,21313778313548272334362721303418
935428,2,13,7,11---------1-,1,485576531117240072689454
935391,6,8,13,11-------1--1,1,24394162182627381725266325353654
934501,9,13,6,-------1-----,0,36455950
932826,4,6,13,11---------1-,0,313945470418080025374750
932784,8,8,13,11-----------,1,4762826526244045
929997,9,5,13,1-1---------1,1,284842671730276312251933
929960,3,8,13,1-----------1,1,4353764324354138
929904,9,13,6,1-----------1,1,5346734413313417
929870,8,10,13,-----------1-,1,28405141
929850,8,13,11,--1---------1,1,3743614222283825
929813,9,8,13,--1---------1,1,0915144029516027
929790,8,14,16,-----1-------,0,33435741
928734,2,4,13,--1---------1,1,2542505429405654
928689,6,13,7,--1---------1,1,2537452543517229
928474,11,3,13,-------1-----,0,33485950
928388,9,13,4,-------1-----,0,33345618
928298,9,10,13,11---------1-,1,233240384743722923484879
927403,6,13,11,------1------,0,17283370
927290,2,11,13,--1---------1,1,2128374023314338
927240,3,13,11,--1---------1,1,2839464416363955
921390,6,8,13,------1------,1,17323133
921351,8,8,13,------1------,1,46537357
921329,3,9,13,1-1---------1,1,736399391729286409322400
921281,8,13,11,1-1---------1,1,504574435739702519223144
921205,2,11,13,--1---------1,1,2832451923444536
921160,6,14,16,-----------1-,1,49678553
921127,11,6,13,-----------1-,1,19333050
918703,8,13,8,111---------1,1,56629036392951504239623327355338
918662,3,13,11,111---------1,1,29354656213441542129355064588552
918626,8,13,8,111---------1,1,77558267202437446149833255507735
918503,9,13,10,--1---------1,1,2629474021313440
917228,8,13,7,--1---------1,0,4844714246537133
916913,7,13,4,-------1-----,0,57568863
916876,6,11,13,-------1-----,0,44466550
916804,8,13,11,11----------1,1,474967482421403619334445
916622,12,7,13,11---------1-,0,455877681422242919313573
916592,10,4,13,11---------1-,0,384864202632435812281767
915816,7,1,13,111---------1,1,15312417051101990515009919372757
915773,8,10,13,111---------1,1,30505147354156422727453613322875
915707,11,2,13,111--------11,1,4463773815211867071601000508005019293163
915625,9,9,13,111--------11,1,4767834610151450354256471426267835395250
915602,6,1,13,111--------11,1,4453744412161720133129400216010007090067
915508,9,13,3,1-1---------1,1,393964463330556462467453
915471,8,4,13,11----------1,1,243438300924222533386143
915391,2,8,13,1-1----------,1,2737423641345225
914182,8,6,13,1-1----------,1,5450854312292650
914152,11,13,4,1-1----------,1,5960834453427338
912513,9,8,13,-----------1-,1,45537153
912485,9,13,2,-----------1-,1,54557831
911172,9,11,13,-----------1-,1,28414856
911135,8,7,13,-----------1-,1,23324050
909825,11,9,13,-----1-------,1,20293158
909794,9,3,13,-----1-------,1,16272263
909741,6,13,8,1-1---------1,1,956398732930464638395544
909692,11,16,14,1-1---------1,1,334055673935594026284376
909644,2,11,13,1-1---------1,1,375165583135495044466650
907952,6,13,7,-------1-----,0,40436265
906597,2,10,13,1-1---------1,1,394859481832294213272450
906536,8,13,11,1-1----------,1,3837584725254415
905489,8,7,13,--1---------1,1,1429344327334636
903923,6,4,13,-----------1-,1,21383460
902479,6,7,13,-----------1-,1,23344036
902441,11,13,1,-----------1-,1,50316044
900990,9,0,13,-----------1-,1,18262657
900957,6,13,8,-----------1-,1,29405754
900928,11,13,3,-----------1-,1,61336264
899711,6,13,8,1-1----------,1,8856943335386033
899677,8,13,7,1-1----------,1,5046773326354736
899649,3,4,13,-----------1-,1,25424558
899615,9,13,7,-----------1-,1,53588148
899391,7,13,9,-----1-------,0,29385150
899357,8,13,9,-----1-------,0,29425273
899341,9,13,11,-----------1-,1,35425556
898471,8,11,13,--1----------,0,48376723
898168,8,13,16,-----------1-,1,37546941
898129,9,10,13,-----------1-,1,50456933
898050,8,13,11,111---------1,1,84689947353459533143614121344873
898012,6,6,13,111--------11,1,4754736508171025223840500921102019242638
897984,8,13,7,-------1-----,0,44516855
897983,2,3,13,11-1-------11,1,3155646422263730193236560618053325434967
897916,12,13,4,-------1-----,0,75427513
897076,8,15,15,1-1----------,1,4146654432415457
897045,9,3,13,1-1----------,1,3344605721353440
897007,8,13,8,1-1----------,1,3336513827344746
896972,8,13,7,1-1----------,1,2830425019303856
896325,8,13,9,1-----------1,1,4642643311222550
896280,7,13,10,1-----------1,1,4334565321223040
895424,11,10,13,-----------1-,1,37345665
895372,6,16,13,-----------1-,1,45446757
895319,6,10,13,-----------1-,1,33405353
890989,6,16,14,-----------1-,1,38435948
889696,9,10,13,------1------,1,24364462
889660,9,4,13,-----1-------,0,23374873
889579,9,8,13,-----------1-,1,28455027
889547,11,6,13,-----------1-,1,23394017
889298,6,11,13,-----1-------,1,33385232
889287,2,14,16,-----------1-,1,33435623
889061,3,7,13,-----------1-,1,28344425
888200,9,7,13,-----------1-,1,33374843
888156,6,13,11,-----------1-,1,35526558
888124,11,13,6,-----------1-,1,90348132
887891,7,11,13,1----------1-,1,5445703524354654
886583,2,11,13,1----------1-,1,4645645209211860
885323,9,7,13,-----------1-,1,39526547
883858,9,6,13,-----------1-,1,24293920
883817,2,13,11,-----------1-,1,35374825
883605,2,10,13,-----------1-,1,47557743
882466,11,4,13,-----------1-,1,22353550
882426,9,9,13,-----------1-,1,30435241
882388,9,8,13,-----------1-,1,18363755
882357,9,13,5,-----------1-,1,30425950
882201,7,11,13,-----------1-,1,41597155
880960,9,5,13,-----------1-,1,21383770
880918,7,8,13,-----------1-,1,15281867
880882,2,13,9,-----------1-,1,42506656
880837,8,13,3,-----------1-,1,33455945
879564,6,13,10,------1------,1,46446657
879528,8,13,8,------1------,0,25355040
879294,8,10,13,---------1---,0,33385653
879272,9,13,11,-----1-------,1,30466144
879185,11,15,15,-----1-------,1,30485465
878248,8,3,13,------1------,0,15301943
878219,9,4,13,------1------,0,33425543
875257,3,13,11,-----------1-,1,40526645
875222,9,13,6,-----------1-,1,60598335
875169,9,16,13,-----------1-,1,38466228
873837,11,13,10,-----------1-,1,40415924
873788,3,13,11,-----------1-,1,41436340
873755,3,13,6,-----------1-,1,66619627
873724,11,13,4,-----------1-,1,56457918
873501,6,13,7,-----------1-,1,81578855
873465,9,13,6,-----------1-,1,26354464
873424,6,13,9,-----------1-,1,66638333
872402,3,4,13,-----------1-,1,12272433
872344,11,16,14,-----------1-,1,38335127
872310,7,5,13,-----------1-,1,24364627
870917,3,3,13,-----------1-,1,31495336
870869,9,8,13,-----------1-,1,29385436
869529,2,2,13,-----------1-,1,24484630
869476,8,16,12,-----------1-,1,47456942
869437,9,13,10,-----------1-,1,22303825
869393,6,11,13,-----------1-,1,35506471
868135,2,13,9,-----------1-,1,37457129
868099,11,7,13,-----------1-,1,17322640
867915,8,11,13,-----1-------,1,42497148
866705,7,3,13,-----------1-,1,25474850
866651,6,13,11,-----------1-,1,46476744
866605,9,10,13,-----------1-,1,25454731
866561,2,11,13,-----------1-,1,18313330
865202,11,8,13,-----------1-,1,29375640
865146,9,16,14,-----------1-,1,44457029
865096,9,16,14,-----------1-,1,43386638
865044,3,16,13,-----------1-,1,38496528
863727,3,13,16,-----------1-,1,39556918
863689,9,13,6,-----------1-,1,45416733
863656,3,13,5,-----------1-,1,78619923
863621,11,4,13,-----------1-,1,28384633
863585,3,6,13,-----------1-,1,31485750
862287,8,9,13,-----------1-,1,42516137
862231,9,16,13,-----------1-,1,30395816
862191,6,13,9,-----------1-,1,69558736
860745,8,11,13,-----------1-,1,47568352
860704,3,11,13,-----------1-,1,35445615
860658,11,13,3,-----------1-,1,33385430
859436,2,4,13,-----------1-,1,29555943
859402,11,8,13,-----------1-,1,35516552
859359,9,13,11,-----------1-,1,26445347
859319,2,13,11,-----------1-,1,43597533
859061,2,2,13,-----------1-,1,29495038
859038,3,13,6,-----1-------,1,37496153
859016,8,13,1,-----1-------,1,99769965
859016,3,16,13,-----------1-,1,48516735
858977,9,9,13,-----------1-,1,12353550
858130,11,8,13,-----------1-,1,19373930
858090,9,13,10,-----------1-,1,50578133
858055,9,13,3,-----------1-,1,36597664
858013,3,10,13,-----------1-,1,30375124
857983,11,13,3,-----------1-,1,80598335
857930,9,13,7,-----------1-,1,38476353
857891,8,13,8,-----------1-,1,52527353
857854,11,13,8,-----------1-,1,60548225
857812,6,4,13,------1------,1,28374225
857409,9,13,9,11-----------,1,3937546413152033
856224,6,13,10,1----------1-,1,5840756728395233
856195,2,13,3,1----------1-,1,9965995266396933
854986,2,9,13,-----------1-,1,28485933
854963,3,13,1,-----------1-,1,61588731
853646,6,11,13,-----------1-,1,30576153
853611,9,13,6,-----------1-,1,21384440
853572,3,9,13,-----------1-,1,48507158
851987,9,7,13,11---------1-,1,293246772117322211241517
848915,9,13,4,-------1-----,0,73639445
847373,9,13,10,11---------1-,1,526589572434542120313442
847337,1,7,13,11---------1-,0,474673572131414022353850
846504,6,13,4,-------1-----,0,48497244
846398,9,13,4,-----------1-,1,41457133
846190,6,11,13,11---------1-,1,747099370213069924394340
846051,7,13,4,--------1----,0,28375745
843609,7,7,13,-----------1-,1,24374338
843571,9,13,10,-----------1-,1,41497338
843540,9,13,4,-----------1-,1,52568742
843501,11,13,9,-----------1-,1,20303445
842184,6,10,13,------1------,1,39426260
842170,9,15,15,-----------1-,1,41477035
842156,11,4,13,1--1---------,0,2839445835455353
842144,3,5,13,------1------,1,24373964
842130,2,9,13,-----------1-,1,41527043
840783,8,15,15,------1------,1,46467045
840738,9,13,11,------1------,1,29344867
840714,6,8,13,-----------1-,1,28364633
840712,7,13,11,1--1---------,0,2431445014222150
840689,9,13,1,1--1---------,0,9074996833305038
840675,2,9,13,-----------1-,1,25435115
840637,6,9,13,-----------1-,1,35445650
840595,9,13,10,-----------1-,1,45446753
838827,8,4,13,-----------1-,1,21414322
837858,7,13,8,-----------1-,1,13323750
837478,2,8,13,1----------1-,0,2731477723333933
837437,8,13,11,1----------1-,0,4037484720223245
837377,8,15,15,-----1-------,1,52649266
836458,8,13,1,-----------1-,1,99639850
836390,6,7,13,-------1-----,0,44496945
836306,6,13,8,------1------,1,26374725
835993,9,6,13,1----------1-,1,2637517531465640
835986,8,13,8,-----1-------,0,24303827
834967,8,6,13,------1------,1,26405133
833467,3,8,13,-----------1-,0,44517335
833435,4,6,13,-----------1-,0,33505738
833405,8,7,13,-----------1-,0,38445669
830770,6,13,10,------1------,1,29334557
830723,11,13,11,------1------,1,19333745
830670,9,16,12,------1------,1,24294614
830647,6,13,0,------1------,1,50326978
830591,10,11,13,-----------1-,0,31435225
830552,11,13,9,-----------1-,0,25354317
830517,7,13,5,-----------1-,0,36435929
830484,8,9,13,-----------1-,0,41536938
829237,8,3,13,-----------1-,0,35516881
826391,7,13,6,------1------,1,56497641
826356,6,13,7,------1------,1,42436450
826317,8,9,13,------1------,1,17313044
824931,1,13,4,-----------1-,0,36365725
824773,2,13,7,-----1-------,1,52578464
823453,8,7,13,-----------1-,0,07210975
823387,8,13,3,-----------1-,0,66599233
820517,9,6,13,------1------,0,38476369
820474,2,9,13,------1------,1,12222217
820431,3,13,8,------1------,0,20273455
819229,9,11,13,------1------,0,23263850
816303,8,16,13,-------1-----,1,53518231
814494,8,13,9,------1------,1,31274454
814450,9,11,13,------1------,1,11211771
808897,7,6,13,-----------1-,0,15312538
806150,8,13,6,------1------,1,33375075
804542,9,7,13,------1------,1,42395950
801859,11,14,16,------1------,1,31274665
801825,11,5,13,------1------,1,39455943
800555,10,9,13,------1------,0,26334475
797271,8,13,5,-------1-----,1,28364950
796120,6,9,13,------1------,0,21323717
796113,8,4,13,-------1-----,1,21353960
796068,7,13,11,------1------,1,22314367
786218,6,13,7,------1------,0,33415473
782991,8,13,8,------1------,1,35395550
782954,6,13,8,------1------,0,19323960
777362,9,13,3,-------1-----,0,55547853
769729,12,4,13,------1------,1,31405543
769697,8,2,13,------1------,1,33486038
769660,8,13,6,------1------,1,33375433
768651,6,10,13,-----1-------,1,33425526
765840,8,13,10,------1------,0,33405157
765801,10,13,5,------1------,0,55467167
763006,6,4,13,------1------,0,17312567
757161,8,13,5,-------1-----,0,40506747
757091,8,7,13,-------1-----,1,40486133
751111,12,13,10,-------1-----,1,46446848
748095,9,11,13,-------1-----,1,52486856
741404,9,13,8,-----1-------,1,29425257
737043,8,8,13,------1------,0,07161767
736804,8,13,9,-----1-------,1,45396221
736764,9,7,13,--------1----,0,05120350
736751,12,13,11,-----1-------,1,42355661
736725,7,7,13,1------1-----,1,3536545651577848
736668,2,11,13,1------1-----,1,3541505925404860
735668,11,13,2,11-----1-----,0,907199423319421499679948
735631,11,11,13,11-----------,0,5059856324244046
735152,3,14,16,-----1-------,1,36385722
733904,8,7,13,-----1-------,1,29334943
729852,8,2,13,--------1----,0,23283578
729698,8,13,7,1--------1---,1,4741725529354843
725798,8,13,7,--------1----,0,33365369
716716,11,3,13,1--1-----1---,0,303740700810006713191040
713384,8,9,13,------------1,1,24375362
710911,0,0,13,1--------1---,0,3343505022313938
708321,6,13,10,1-----------1,1,5547734533345338
708287,6,5,13,1-----------1,1,2637445512232683
708167,12,13,16,1-1----1----1,1,23304047304253423337525047537567
706595,6,13,8,1------1----1,1,292745624659805243386153
703633,4,6,13,1--------1---,0,3155576715262325
703592,12,10,13,1--------1--1,1,222531921528284423303755
703561,8,13,6,1--------1---,1,9953933615213483
702463,11,10,13,1-11-----1---,0,26424867263850273131472717262822
696388,6,16,14,-------1-----,1,32525952
696352,8,8,13,-------1-----,0,54618554
696318,8,13,10,-------1-----,0,72588358
696289,11,13,4,-------1-----,0,72629646
694173,9,5,13,1--------1---,1,2135325024233240
694130,6,13,5,1--------1---,1,7040824750427527
678999,0,10,13,------------1,0,41465945
662060,7,9,13,------1------,1,23294250
661679,12,14,16,1------------,1,27374656
660485,2,13,11,1------------,1,28414860
651658,7,7,13,------------1,0,27374864
646087,8,10,13,1------------,0,20273350
638672,7,9,13,1--1---------,1,3337544725394754
631530,8,14,16,1-----------1,1,4147675922364363
627566,2,10,13,-----1-------,1,35485958
627523,9,13,6,-----1-------,1,89569952
624919,12,13,7,-----1-------,1,46547962
624382,8,13,9,-----1-------,1,41537145
624256,9,15,15,-----1-------,1,47527147
623275,8,13,6,-----1-------,1,45395953
623066,8,13,10,-----1-------,1,71639727
614612,8,13,9,-----1-------,1,35325273
614272,2,13,6,-----1-------,1,35426238
614233,12,13,8,-----1-------,1,35446053
608828,6,6,13,------1------,0,30334650
605971,8,13,5,-----1-------,0,56578845
605932,2,13,9,-----1-------,0,39496655
604568,3,1,13,-------1-----,1,05080099
604510,7,13,7,-------1-----,1,56406841
604489,12,13,2,-------1-----,1,88478944
604155,12,6,13,-----1-------,1,26424657
600282,12,13,8,-----1-------,1,39506457
595988,9,10,13,-----1-------,0,35526748
594665,12,11,13,-----1-------,0,30415165
594638,8,13,3,-----1-------,0,61729942
594610,9,6,13,-----1-------,0,29384343
594572,3,9,13,-----1-------,1,42517348
588388,8,8,13,-----1-------,1,25434173
587075,12,7,13,-----1-------,1,15293013
585878,7,13,10,-----1-------,0,58648354
585837,3,13,10,-----1-------,0,54587958
585499,6,8,13,-------1-----,1,43426757
584587,6,7,13,-------1-----,0,27333957
584550,2,9,13,-------1-----,1,29395153
583913,8,5,13,-----1-------,1,29374654
581534,12,8,13,-----1-------,1,19283355
581085,2,8,13,--1---------1,1,2941534733476441
578161,2,0,13,--1---------1,1,2332464415332350
577073,3,16,13,1-1---------1,1,393456294530612236597248
577023,12,13,16,1-1---------1,1,365364463838565020293450
575782,8,2,13,-----1-------,1,28465282
575472,8,13,11,-----1-------,1,31385344
575388,8,13,10,------1------,0,68558955
574340,9,13,4,-----1-------,1,69659648
574268,7,11,13,-------1-----,1,27424665
574229,8,9,13,-------1-----,0,33405547
573891,9,13,8,1-1---------1,1,847299361819373829455777
573851,12,10,13,1-1---------1,1,373959652332416231416041
571454,9,13,3,-----1-------,1,72669954
571368,8,8,13,-----1-------,1,28405469
571317,9,9,13,-----1-------,1,53537454
571043,8,8,13,-----1-------,1,42537248
570710,8,7,13,-----1-------,1,20373773
569531,12,11,13,1-1----------,1,4851734517273630
568139,12,9,13,1-1---------1,1,353852630615100035566357
568102,8,6,13,1-1---------1,1,585683652030313611272833
566923,8,9,13,-----1-------,1,42537361
566889,12,13,8,-----1-------,1,50417152
566707,8,7,13,--1---------1,1,3038535325303969
565787,8,6,13,--1---------1,1,3140556206291167
565463,9,3,13,-------1-----,0,43556671
565045,7,11,13,-----1-------,1,33415842
564383,9,13,7,-----1-------,1,50397156
564343,2,2,13,-----1-------,1,17272857
564302,12,8,13,-----1-------,1,23323755
563788,6,13,7,1-1---------1,1,816099412940544350387372
563753,8,13,4,1-1---------1,1,855286673947576433395425
562391,8,9,13,1-1---------1,1,525580481332263823263842
562335,2,14,16,1-1---------1,1,464164521730342932456028
561063,8,13,6,1-1----------,1,8351823525304730
560892,2,8,13,1-1----------,1,3333434317323422
559853,8,13,9,-----1-------,1,24334329
559505,7,9,13,1-1---------1,1,505275462634425716252744
559464,12,13,7,1-1---------1,1,665582592735503826334545
558387,8,14,16,-----1-------,1,39395846
558337,8,10,13,-----1-------,1,33496252
558307,9,13,2,-----1-------,1,71538273
558225,6,13,7,------1------,1,66427850
558087,8,13,10,1-1---------1,1,464263392429395440436439
558045,12,11,13,1-1---------1,1,605886450818162056699044
556971,2,13,11,1-1---------1,1,474468352022356426355053
556922,8,13,11,1-1---------1,1,253443504034552231325133
556652,8,16,14,-----1-------,1,16282854
556617,2,13,8,-----1-------,1,54558065
555402,8,11,13,1-1---------1,1,685589413538533926374150
555326,7,4,13,-------1-----,0,05060099
555279,10,13,11,-------1-----,0,48476636
554083,8,13,2,-----1-------,1,50396942
554047,9,13,7,-----1-------,1,42466353
553883,12,13,10,-----1-------,1,39435968
553699,8,7,13,-----1-------,1,25364277
553668,12,13,11,1-1---------1,1,413355193338562729375247
553634,7,7,13,--1---------1,1,2331312731374750
552567,8,13,5,-----1-------,1,77589762
552516,12,16,12,-----1-------,1,36345459
552457,9,11,13,-----1-------,1,37445853
552420,12,13,0,1-1----------,1,9955924066347530
552373,8,13,10,1-1----------,1,3933565012172017
552351,8,5,13,-----1-------,1,48607873
551162,8,9,13,-----1-------,1,31384847
551113,9,7,13,-----1-------,1,27394464
550968,9,13,9,-----1-------,1,25384562
550807,8,13,16,-----1-------,1,27334350
549959,8,10,13,-----1-------,1,35355442
549912,8,13,10,-----1-------,1,28314650
549815,2,15,15,1-1----------,1,3034502930294933
549777,10,13,7,1-11---------,0,393151232521403330385658
549606,8,13,10,-----1-------,1,37476565
549577,2,10,13,1-1----------,1,6155874635375535
549563,8,13,9,-----1-------,1,61548250
549534,8,10,13,1-1---------1,1,465975683132494128445565
549498,9,13,4,1-1----------,1,9971995625233956
549496,6,11,13,-----1-------,1,31445435
549461,8,13,8,-----1-------,1,19303567
549376,12,9,13,-----1-------,1,31415629
549344,6,13,6,-----1-------,1,47457035
549321,12,5,13,--1---------1,1,3747686806180433
548149,7,13,10,1-1----------,1,4038563329324136
547943,8,11,13,-----1-------,1,33465558
547899,8,4,13,1-1---------1,1,264053671429242916262250
547867,9,7,13,1-1---------1,1,335164292031386429415260
546993,2,11,13,1-1---------1,1,293650272837484729354631
546960,8,13,3,1-1---------1,1,855393443738561048507646
546899,6,13,8,------1------,0,36385736
546892,9,2,13,--1---------1,1,0727103319263038
546862,8,5,13,--1---------1,1,2435414019283344
545328,6,3,13,-----1-------,1,58619143
545288,3,8,13,-----1-------,1,37476158
545086,6,13,9,-----1-------,1,37466067
545046,6,10,13,-----1-------,1,31405463
544263,2,10,13,-----1-------,1,29405153
544202,8,13,6,-------1-----,1,59477550
544200,2,13,7,1-1---------1,1,414064533353632529354943
544195,12,15,15,-----1-------,1,27354461
544088,2,13,9,1-1---1-----1,1,38436367292047217260915442537265
544044,12,13,9,1-1---1-----1,1,58577952333251463529475331414853
543788,12,7,13,1-1----------,1,2331363611232367
543733,8,9,13,1-1----------,1,4742656025303538
541204,8,7,13,-----1-------,1,35436088
539680,12,11,13,-----1-------,1,40365661
539608,9,5,13,-----1-------,1,19253744
539579,8,13,4,-----1-------,1,51467450
539227,7,13,16,------1------,1,33355437
539152,8,13,6,------1------,1,33425753
538366,8,13,10,-----1-------,1,51527248
538324,8,5,13,1-1---------1,1,455071631729232517212463
538266,6,13,9,1111--------1,0,7564935218133329535076254037606526374867
538004,8,6,13,------1------,0,28455327
536915,9,13,10,-----1-------,1,54477352
536589,2,13,5,-----1-------,1,43507653
536467,12,16,13,1-1---------1,1,515377613339524545527248
535534,3,13,7,1-1---------1,1,696491572531471050466761
535493,9,10,13,1-1---------1,1,414970601727305635445658
535349,8,16,12,1-1---------1,1,816499514441662527414944
535294,12,13,8,1-1---------1,1,835792442234464247497565
535229,8,8,13,-----1-------,1,35405841
535228,2,15,15,1-1---------1,1,363656432533443347446748
535107,6,10,13,-------1-----,0,44526946
535078,9,13,7,-------1-----,0,48557764
533986,12,13,11,--1---------1,1,2640556955518360
533952,6,6,13,--1---------1,1,2436388017293478
533785,3,8,13,--1---------1,1,2328377540557155
533760,2,8,13,-----1-------,1,24324043
533748,8,13,5,--1---------1,1,4843715028314930
533710,9,13,11,-----1-------,1,53568455
533666,3,13,8,-----1-------,1,45427368
532162,6,10,13,-----1-------,1,23395192
532131,2,6,13,-----1-------,1,46457133
532128,12,6,13,--1----------,1,33355447
531064,8,13,8,-----1-------,1,33425678
531034,2,13,3,-----1-------,1,61689541
530999,12,9,13,-----1-------,1,35395250
530734,8,9,13,-----1-------,1,23313769
530680,12,13,9,-----1-------,1,39396421
530621,8,13,11,-----1-------,1,43556645
529404,12,10,13,1-1---------1,1,414164502333385017363330
529366,9,13,9,1-1---------1,1,293548694442665523304036
529326,8,9,13,1-1---------1,1,353358531418215726364336
529299,8,13,8,-----1-------,1,28294958
529265,8,13,3,-----1-------,1,55527760
528298,8,7,13,-----1-------,1,26335057
528260,2,9,13,-----1-------,1,40566718
528213,7,14,16,1-1---------1,1,475378583130513533506652
528172,12,13,10,1-1---------1,1,444767502841564452497232
528013,2,9,13,-----1-------,1,33465561
527973,8,13,11,-----1-------,1,21354662
527930,9,7,13,-----1-------,1,27424869
527807,2,13,10,-----1-------,1,33455961
527777,12,13,0,-----1-------,1,33355671
526796,8,13,7,1-1---------1,1,725189631934418016283438
526761,8,15,15,-----1-------,1,39436550
526760,12,13,8,1-1---------1,1,384464812435446448406647
526730,6,13,7,-----1-------,1,61528064
526695,8,8,13,-----1-------,1,27405121
526594,8,16,13,-----1-------,1,49527168
526589,6,13,9,-------1-----,1,46487262
526554,12,13,5,-----1-------,1,38426173
525563,8,9,13,--1---------1,0,2228335844517167
525529,2,13,6,--1---------1,0,6365943950568162
525492,8,13,10,--1---------1,0,4134643024515371
525304,8,13,9,-----1-------,1,51467530
525262,9,12,16,--1---------1,1,2233384754588355
525101,8,13,5,--1---------1,1,3036502531385638
523710,8,13,7,------------1,1,38375933
523551,8,5,13,--1---------1,1,1931333333535669
522477,8,4,13,--1---------1,0,0915107521343250
521135,8,4,13,-----1-------,1,18323688
521086,12,16,13,-----1-------,1,54426568
520821,8,13,6,-----1-------,1,48598364
519814,8,1,13,--1---------1,0,1220094007230767
519679,9,13,10,-----1-------,1,45436650
519644,12,13,10,-----1-------,1,39446474
519365,8,5,13,1-1---------1,1,384653601415163310201299
519329,2,13,4,1-1---------1,1,625285593735555039526757
518245,12,11,13,-----1-------,1,29444763
518205,9,10,13,-----1-------,1,30415667
517930,8,14,16,-----1-------,1,45507033
516499,9,13,6,-------1-----,1,58568762
516231,8,4,13,-----1-------,1,18282538
515306,2,13,4,1-1----------,1,3339545551376521
515266,8,13,8,1-1----------,1,8159985629415436
515233,7,13,4,1-1----------,1,5954853354316138
514977,9,13,9,-----1-------,1,66598446
514943,12,9,13,-----1-------,1,52557864
514872,8,10,13,-----1-------,1,40516864
512452,8,15,15,-----1-------,1,20344150
512421,8,6,13,-----1-------,1,27375386
510984,8,4,13,1-1---------1,1,284352331422124312201750
510952,8,13,3,------1------,0,51487657
510941,12,9,13,1-1---------1,1,595687672338495024414964
510742,6,16,13,--1---------1,1,2731484729394847
510367,7,9,13,--1---------1,1,2128323626344257
509555,8,13,9,--1---------1,1,5453763022263430
509461,2,13,8,--1---------1,1,4536614756528041
509401,12,16,14,--1----------,1,39476246
508023,8,5,13,--1----------,1,10222220
507922,9,13,7,--1----------,1,53527952
507807,7,3,13,------1------,1,24274263
507745,3,13,3,------1------,0,29385463
507557,7,7,13,------1------,0,27485050
507519,8,13,5,------1------,0,48486931
507481,6,10,13,------1------,0,53477742
504948,12,9,13,-----1-------,1,28434740
503495,8,10,13,------1------,0,23304150
499470,9,13,7,-----1-------,1,63659660
498056,8,8,13,--1---------1,1,2130393625334250
498026,12,5,13,--1---------1,1,1232295025394050
497970,12,15,15,--1---------1,1,2834445066457744
497416,8,10,13,--1---------1,1,2124374624485350
496197,8,13,11,-----1-------,1,35465870
496164,2,13,8,-----1-------,1,26284358
496085,6,2,13,1-1---------1,1,314452771420141715363086
496075,8,13,7,------1------,0,40325264
496047,8,13,5,------1------,0,43385931
495988,12,11,13,1-1---------1,1,575177382329423325254250
494997,6,13,11,-----1-------,1,23323564
493672,8,1,13,------1------,1,09282199
493669,8,5,13,-----1-------,1,18403960
492163,8,15,15,-----1-------,1,50477650
490847,6,11,13,--1---------1,1,5337591917213450
490806,8,13,11,--1---------1,1,2740534635446148
490482,2,13,4,--1---------1,1,1820321739456446
488045,7,9,13,-----1-------,1,19313655
488021,12,2,13,-----1-------,1,09252175
483333,1,10,13,------1------,0,33395560
483293,9,13,4,------1------,0,33385445
483265,6,9,13,------------1,1,33355367
483186,8,13,3,------1------,0,30365030
482223,9,8,13,-----1-------,1,31354825
480763,12,2,13,-----1-------,1,19293475
479348,8,7,13,-----1-------,1,21374464
479316,6,13,7,-----1-------,1,50487356
479239,8,13,8,------------1,1,54407039
477797,2,6,13,-----1-------,1,12251650
477606,12,13,6,-----1-------,1,33546453
477570,9,13,9,-----1-------,1,58638739
476495,2,11,13,-----1-------,1,50507650
476040,2,13,7,-----1-------,1,39587953
474591,2,7,13,-----1-------,1,54558457
474559,8,13,2,-----1-------,1,41617660
473590,8,7,13,-----1-------,1,41607238
473195,7,13,5,------------1,1,38455644
473187,8,10,13,-----1-------,1,19283445
473157,12,6,13,-----1-------,1,29414857
473151,12,13,10,------------1,1,24344831
472898,7,9,13,------------1,1,24344662
472156,12,13,8,-----1-------,1,31546788
471707,6,11,13,------------1,1,42476172
471592,12,13,3,-----1-------,1,38537160
470223,9,10,13,-----1-------,1,43567567
470176,8,13,11,-----1-------,1,28385333
469238,2,5,13,-----1-------,1,17333044
469205,8,7,13,-----1-------,1,39556553
468974,12,16,14,-----1-------,1,25404565
468949,8,13,3,-----1-------,1,38446367
468923,9,13,3,-----1-------,1,73719755
468750,2,13,9,-----1-------,1,31385680
467863,9,13,8,-----1-------,1,46567148
467824,8,13,9,-----1-------,1,37556870
466280,9,9,13,-----1-------,1,26435163
466251,8,13,4,-----1-------,1,57538053
466213,2,7,13,-----1-------,1,25415338
466179,8,13,6,-----1-------,1,31465938
466153,7,13,1,-------1-----,0,28446270
465866,8,13,7,-------1-----,0,51537945
465852,2,13,6,-----1-------,1,56678968
464921,12,13,8,-----1-------,1,33375556
464887,8,8,13,-----1-------,1,28445063
463530,8,13,4,-----1-------,1,81789941
462145,12,13,9,-----1-------,1,24435257
462120,9,13,3,-----1-------,1,39507123
462087,12,13,6,-----1-------,1,40406135
460668,8,10,13,-----1-------,1,31495945
460628,8,7,13,-----1-------,1,27364771
460345,9,8,13,------1------,1,35365547
459238,8,13,8,-----1-------,1,40556945
459198,2,13,10,-----1-------,1,35506152
459167,12,13,7,-----1-------,1,37526539
457788,8,5,13,-----1-------,1,26475657
457764,8,13,2,-----1-------,1,55558653
457742,9,13,2,-----1-------,1,99579952
456208,8,16,14,------1------,1,40516557
456141,12,10,13,------1------,1,35345553
456140,12,11,13,-----1-------,1,24434650
456103,9,13,6,-----1-------,1,61599042
454943,8,7,13,-----1-------,1,33455953
454914,2,13,2,-----1-------,1,60619125
454873,6,11,13,-----1-------,1,18354050
452101,8,13,6,-----1-------,1,58658761
451985,8,9,13,------1------,1,20283155
450629,6,10,13,-------1-----,0,39436452
450590,8,11,13,-------1-----,1,44547250
449102,8,10,13,-------1-----,0,42375450
448839,12,7,13,-----1-------,1,27383962
447619,7,13,7,-------1-----,0,29485563
447486,8,2,13,------1------,1,17272383
446216,9,11,13,-------1-----,1,28435347
446113,6,13,4,------1------,1,42557243
446010,2,13,7,-----1-------,1,31385171
445971,9,13,8,-----1-------,1,31355047
444651,2,6,13,-----1-------,1,27424846
444612,8,10,13,-----1-------,1,22374357
444391,8,13,11,-----1-------,1,31425421
443332,2,6,13,-----1-------,1,17212225
443293,9,10,13,-----1-------,1,35426274
443260,8,2,13,--1----------,0,10292275
442770,8,13,10,------1------,1,28295142
441848,8,5,13,------1------,1,39537126
441804,12,13,7,------1------,0,23344556
441746,6,8,13,------1------,1,21303460
441380,9,13,5,-----1-------,1,51477550
441351,12,2,13,-----1-------,1,19333063
440486,8,13,8,-----1-------,1,63639268
439988,7,5,13,-----1-------,1,06150633
439943,9,12,16,-----1-------,1,37617252
438541,6,13,4,------1------,0,41326540
437535,10,13,2,-------1-----,0,77427971
436086,9,13,16,-----1-------,1,19253638
436058,10,2,13,------1------,0,19313650
436043,8,13,9,-----1-------,1,48416559
434696,9,6,13,-----1-------,1,23384362
434658,12,13,8,-----1-------,1,56538241
434609,8,11,13,-----1-------,1,35456533
434563,12,6,13,-----1-------,1,25344550
433487,8,1,13,-----1-------,1,07130100
433334,12,4,13,-----1-------,1,35485575
433305,8,4,13,-----1-------,1,33476050
431862,2,11,13,-----1-------,1,37446260
431832,12,5,13,-----1-------,1,29395062
431759,12,13,4,-------1-----,0,99639948
430425,12,13,5,-----1-------,1,46487278
430390,8,13,6,-----1-------,1,42436332
430091,9,13,5,-----1-------,1,47547865
428967,9,15,15,-----1-------,1,69559653
428942,2,13,1,-----1-------,1,59448244
428904,8,13,9,-----1-------,1,48477423
427565,12,8,13,-----1-------,1,29394636
427047,8,8,13,------1------,0,40496265
426850,8,5,13,------------1,1,07180550
426092,9,13,11,------1------,1,20313842
426029,7,6,13,------1------,1,26374467
424265,6,7,13,------1------,0,19313450
423152,2,13,6,-------1-----,0,66467356
423016,12,8,13,------------1,1,29354838
415599,8,10,13,------------1,1,15313063
414464,7,11,13,------1------,0,35415917
414462,12,12,16,------------1,1,22384780
413133,7,14,16,-----1-------,1,44487039
405652,6,13,6,------1------,1,23285044
405364,12,13,6,-------1-----,0,92769964
404407,3,1,13,------1------,0,23384056
402685,7,13,8,------------1,1,24344645
401146,8,6,13,------1------,1,18303275
398722,3,3,13,-----1-------,1,04070050
397277,8,9,13,-----1-------,1,20313525
395760,9,15,15,-----1-------,1,30364855
394112,8,13,6,-----1-------,1,17222743
394037,2,13,6,-----1-------,1,41396244
392638,8,10,13,-----1-------,1,21304445
392315,8,10,13,------1------,1,17343540
391529,8,10,13,-----1-------,1,21354162
391005,12,11,13,-----1-------,1,38557240
390888,12,13,5,------1------,1,55407367
390133,12,13,9,-----1-------,1,39456258
389998,8,7,13,-------1-----,0,18333570
389965,2,13,8,-------1-----,0,99739956
389575,8,13,9,------1------,1,33415256
389534,2,8,13,------1------,1,21323364
389486,8,6,13,------1------,1,35516244
389441,12,13,9,------1------,1,18213063
388220,2,13,11,-----1-------,1,48457141
388190,12,5,13,-----1-------,1,44507050
388139,9,13,6,-----1-------,1,70427065
387185,2,10,13,-----1-------,1,37486760
386889,8,13,1,------1------,1,36446845
386839,8,13,10,------1------,1,31375143
386796,12,8,13,------1------,1,33415765
386669,8,6,13,-----1-------,1,17312456
385638,8,15,15,------1------,1,22333653
385612,10,13,0,------1------,1,99448550
385568,12,3,13,------1------,1,29435750
385280,10,11,13,-------1-----,1,31415658
383997,8,13,5,-----1-------,1,31435757
383776,9,9,13,-----1-------,1,50518454
383741,12,13,7,-----1-------,1,74739952
383706,12,13,6,-----1-------,1,24374046
382889,8,5,13,-----1-------,1,25444750
382849,8,13,8,-----1-------,1,33405647
382668,2,9,13,-----1-------,1,36506638
382629,9,13,5,-----1-------,1,57547953
382553,8,13,6,------------1,1,21273733
382372,12,13,11,-----1-------,1,42395733
382335,2,13,8,-----1-------,1,58709361
381512,8,13,10,-----1-------,1,47567850
380918,7,13,10,------1------,1,30325033
380887,8,4,13,------1------,1,13261250
380075,8,13,5,-----1-------,1,33385758
380031,9,13,11,-----1-------,1,49618661
379989,12,11,13,-----1-------,1,50688650
379705,3,6,13,------1------,1,18283163
379687,12,11,13,-----1-------,1,37415563
379675,2,4,13,------1------,1,26374450
379473,12,14,16,-----1-------,1,30395150
379424,8,11,13,-----1-------,1,37486090
378522,8,13,7,-----1-------,1,50527438
378489,8,7,13,-----1-------,1,21353650
378268,12,11,13,-----1-------,1,41597848
376755,2,5,13,-----1-------,1,31465581
376734,9,13,9,------------1,1,29304854
376717,3,13,6,-----1-------,1,99619943
376676,9,7,13,-----1-------,1,35335450
376621,12,13,11,-----1-------,1,44577754
376589,8,5,13,-----1-------,1,36375421
375785,8,13,4,-----1-------,1,50507473
375748,12,13,8,-----1-------,1,37486244
375661,8,11,13,-----1-------,1,48577855
375203,8,8,13,-----1-------,1,35536159
374173,8,13,11,-----1-------,1,37445520
374146,12,13,4,-----1-------,0,55639040
374089,8,13,11,1------------,0,62548350
373889,9,6,13,-------1-----,0,59699144
373675,12,9,13,-------1-----,0,53739034
372872,8,8,13,-----1-------,1,17373260
372847,12,13,2,-----1-------,1,99809942
372808,9,10,13,-----1-------,0,38496841
372784,8,13,1,-----1-------,0,99629944
372330,8,13,9,-----1-------,1,62589143
372286,2,13,8,-----1-------,1,75599540
372253,12,13,6,-----1-------,1,33365844
370819,9,8,13,-----1-------,1,31344953
369844,9,6,13,-----1-------,1,31475169
369412,6,13,11,------1------,0,43376345
369385,12,4,13,------1------,1,20212933
368550,12,6,13,-----1-------,1,35436153
368507,8,13,9,-----1-------,1,47507655
367012,12,6,13,-----1-------,1,17282630
366564,9,15,15,------1------,1,41517047
365307,8,13,6,-----1-------,1,66517950
365263,12,13,11,-----1-------,1,28354638
365230,8,5,13,-----1-------,1,26394675
365195,8,7,13,-----1-------,1,20414145
364264,8,10,13,11-----1-----,0,273944572123286037425458
363768,8,13,16,-----1-------,1,33456139
362667,8,5,13,-----1-------,1,22314167
362638,9,13,6,-----1-------,1,61598867
362491,8,13,16,-----1-------,1,44567441
361430,8,13,7,-----1-------,1,28505340
361383,12,13,11,-----1-------,1,31375553
361339,8,13,11,-----1-------,1,42415761
361294,9,13,11,-----1-------,1,33425644
361121,8,8,13,1-----1----1-,0,284749472237367514252457
361077,9,11,13,1-----1----1-,0,374256583536553311222229
360804,12,13,11,-----1-------,1,31344733
360740,3,14,16,-----1-------,1,34445442
359866,9,9,13,-----1-------,1,28364842
359833,12,13,6,-----1-------,1,33395947
358418,9,16,13,-----1-------,1,37536759
358363,7,5,13,-----1-------,1,23294164
358093,12,8,13,-----1-------,1,42497246
358056,12,13,5,-----1-------,1,63498158
356495,12,16,12,------1------,1,30425626
355469,7,4,13,11----1------,0,354560441122206012201567
355432,8,13,9,11-1--1------,0,45587750182633504134602723324023
355289,8,10,13,1------------,0,68859954
355277,2,13,8,-----1-------,1,40436335
355263,10,13,3,1------------,0,99479629
355233,8,8,13,-----1-------,1,24354046
354914,1,8,13,1------1---1-,0,515175392136417729394760
354134,9,13,8,-----1-------,1,29345473
354068,10,13,6,-------1-----,0,61618832
354067,8,13,10,-----1-------,1,25374842
352579,9,15,15,------1------,1,40395341
352543,9,13,7,------1------,1,59357119
352504,3,13,9,------1------,0,66568238
352446,12,13,2,------------1,0,18274317
352423,12,13,8,------1------,1,28344942
352230,8,10,13,-----1-------,1,33405656
352202,8,13,5,1--1-------1-,0,995295432429400925304433
352188,12,13,9,-----1-------,1,42426663
350701,3,10,13,------1------,1,31385136
350666,8,3,13,------1------,1,28424664
349757,8,10,13,-----1-------,1,73579242
349722,10,13,5,-----1-------,1,56648641
349172,6,13,3,------1------,0,73629640
348284,7,2,13,-----1-------,1,33405643
347797,2,14,16,------1------,1,21274173
347761,7,6,13,------1------,1,26294342
346340,8,13,8,------1------,1,20294344
345475,9,13,9,-----1-------,1,55476760
345127,12,13,8,-----1-------,0,21273373
345097,8,13,6,-----1-------,0,68779966
344759,3,10,13,------------1,0,18333582
344267,6,13,5,-------1-----,0,29395285
344125,10,3,13,-----1-------,1,26455355
344073,8,13,6,-----1-------,1,61558859
343706,12,6,13,-----1-------,1,16252263
343675,8,13,6,-----1-------,1,63598762
343409,8,13,2,------1------,0,51557636
342060,7,13,10,------1------,1,40375765
341175,8,13,11,-----1-------,1,83609946
340625,3,13,9,------1------,1,58588561
340586,8,7,13,-----1-------,1,31354846
340362,2,11,13,-------1-----,0,43416648
339734,9,9,13,-----1-------,1,24374254
339680,6,13,8,-------1-----,0,52517936
339670,8,13,5,-----1-------,1,66528470
339650,8,8,13,-------1-----,0,14272775
339214,9,9,13,-----1-------,1,29405050
338285,8,6,13,-----1-------,1,26334242
338249,12,13,5,-----1-------,1,50557767
337738,8,10,13,------1------,1,31425244
336872,2,1,13,-----1-------,1,13181340
336836,8,8,13,-----1-------,1,33486274
336785,12,16,13,-----1-------,1,24374331
335268,12,13,10,-----1-------,1,21344550
335265,12,13,5,------1------,0,70498029
335226,8,13,10,-----1-------,1,33365547
335048,9,13,8,-----1-------,1,55427760
334980,9,13,9,-----1-------,1,39517033
333549,8,14,16,-----1-------,1,55538234
332527,1,3,13,1------1---1-,0,385567443344604304180550
332496,1,2,13,1------1---1-,0,282940801427246713291650
332478,12,15,15,-----1-------,1,47487123
332170,8,7,13,-----1-------,1,31445753
332046,7,10,13,------1------,1,31355467
331993,12,7,13,------1------,1,33425538
331960,8,13,2,------1------,1,47245750
331850,3,13,8,------1------,1,58507843
331034,8,8,13,-----1-------,1,36496567
330546,7,7,13,------1------,0,24333936
329613,8,13,16,-----1-------,1,14343142
325266,8,13,4,-----1-------,1,52659255
325225,8,7,13,------1------,1,35496441
325212,12,13,10,-----1-------,1,33425828
325154,8,13,5,------1------,1,40366058
324794,10,16,13,-----1-------,1,22354338
324762,2,7,13,-----1-------,1,16283150
323820,7,13,9,------1------,1,54417330
323731,8,7,13,-----1-------,1,19333645
323286,3,16,12,------1------,1,39365829
323250,12,13,3,------1------,1,12192850
323215,8,13,5,------1------,1,30314956
322519,2,13,5,-----1-------,1,33426162
322039,12,13,16,-----1-------,1,32375462
321974,2,8,13,-----1-------,1,22404442
321042,8,5,13,-----1-------,0,19333656
320965,8,9,13,-----1-------,0,58709460
320552,1,13,5,------1------,0,62457765
320506,8,3,13,------1------,0,33405850
320476,8,3,13,------1------,0,12261660
319288,8,13,2,--------1----,0,99609963
318923,7,13,11,------1------,1,31355156
318149,8,8,13,-----1-------,0,23424550
318077,9,8,13,-----1-------,1,26364150
315170,8,7,13,------1------,0,33405953
315153,8,13,8,-----1-------,1,31375033
315105,8,15,15,-----1-------,1,32395552
315068,2,13,10,-----1-------,1,41446919
313867,7,9,13,-----1-------,1,23354264
313840,9,1,13,-----1-------,1,05150299
313794,2,13,11,-----1-------,1,30425344
310815,10,8,13,-----1-------,1,11251967
309308,8,13,8,------1------,1,56447141
309212,3,13,6,------1------,1,19313863
307897,12,10,13,-----1-------,1,35516847
306475,2,13,2,1------1-----,0,6646825029274175
306468,12,13,6,-----1-------,1,44406644
306439,8,3,13,11-1---------,0,182931631930332509130675
306410,10,9,13,------1------,1,33445750
306405,9,2,13,11-1---1-1---,0,1736252900120100142917833348545709151399
304673,10,13,5,-------1-----,0,50437220
303912,10,13,4,-----1-------,1,62417847
303865,7,11,13,-----1-------,1,24354350
303838,8,13,4,-----1-------,1,59568533
303804,9,13,8,-----1-------,1,29324833
303772,8,13,4,-----1-------,1,45497040
303723,2,9,13,-----1-------,1,20263745
303690,8,13,8,-----1-------,1,31375238
303668,12,2,13,-----1-------,1,11281960
303376,12,13,11,-----1-------,1,23333950
302050,8,9,13,------1------,1,29395457
302007,3,13,11,------1------,1,37365632
300714,2,7,13,-----1-------,1,27425257
300679,8,5,13,-----1-------,1,26414750
299326,8,6,13,1--1---1--1--,0,47556960222434501218218319333267
299230,8,10,13,------1------,0,17283230
297932,8,11,13,-----1-------,1,50568058
297917,10,16,14,------1------,1,38475957
296201,12,13,6,------1------,1,80437835
296165,8,13,6,------1------,1,44406856
296039,2,13,5,1-----1---1--,0,995488575342704447487465
295003,10,7,13,-----1-------,1,21213440
294961,7,13,10,------1------,0,35405650
294639,9,6,13,-----1-------,1,37506329
294590,12,9,13,-----1-------,1,37436253
292247,9,13,9,-----1-------,1,39566948
290494,7,13,10,------1------,0,42456258
290440,12,14,16,------1------,1,22283850
287747,9,16,12,-----1-------,1,30465443
287711,8,13,8,-----1-------,1,31395571
287542,2,13,3,------1------,1,40375945
286373,12,13,11,-----1-------,1,46446852
286333,12,13,8,-----1-------,1,48407545
286292,8,13,9,-----1-------,1,23324277
284884,12,12,16,-----1-------,1,38446042
283463,8,14,16,-----1-------,1,47547226
283428,9,13,5,-----1-------,1,31355850
283391,8,13,7,-----1-------,1,38345960
282144,8,13,7,-----1-------,1,38345633
281829,3,13,1,------1------,1,99469887
280511,3,9,13,-----1-------,1,48527745
280496,8,8,13,------1------,1,31355640
279197,8,13,3,-----1-------,1,50497639
279142,2,10,13,-----1-------,1,29354863
279036,10,13,10,------1------,1,52406379
278975,7,15,15,------1------,1,29284225
278929,12,13,10,------1------,1,17263360
278812,8,7,13,------1------,1,35485760
277732,1,13,7,------1------,0,44426544
277706,8,13,8,-----1-------,1,37275641
277686,8,13,11,------1------,0,35344853
277626,2,13,7,-----1-------,1,66528658
277589,9,13,4,-----1-------,1,63498337
277578,1,13,3,1--1-------1-,0,924586575655843542396257
276185,10,10,13,------1------,1,20253842
276160,8,13,1,------1------,1,44215838
276159,1,3,13,1--1-------1-,0,192330382031325610181020
276148,8,9,13,-----1-------,1,39475947
276124,1,13,9,1--1-------1-,0,585077672316275721283730
275887,12,5,13,-----1-------,1,44547255
274702,12,13,11,------1------,1,28344817
274418,8,4,13,-------1-----,0,31435231
274377,8,13,7,-------1-----,0,99569959
273461,12,6,13,-----1-------,1,53598863
273459,7,13,10,-1-----1-----,1,2423363048567455
273427,9,13,9,-----1-------,1,39557371
273369,8,11,13,-----1-------,1,43456250
272027,12,13,9,-----1-------,1,43527359
271985,8,10,13,-----1-------,1,35375667
270539,2,7,13,-----1-------,1,55698732
270431,7,13,10,1------1---1-,0,484571322332416912202433
270358,2,7,13,11-1-------1-,0,53548350192428442941542706191167
270275,12,13,8,-----1-------,1,57517954
267515,8,6,13,------1------,1,14272557
266069,8,13,11,1--1--11---1-,0,4046622223304231395274525051696712121917
265742,8,10,13,1--1--1------,0,454872702432445743496552
264574,7,7,13,1-----1------,0,7861996118333225
264444,2,3,13,-----1-------,1,15192457
264415,9,2,13,-----1-------,1,18313357
264379,8,13,6,-----1-------,1,86649946
263562,8,13,11,-----1-------,1,43395652
263422,12,10,13,-----1-------,1,47497163
262842,8,13,5,-----1-------,0,44426331
260463,8,7,13,-----1-------,1,29395038
260425,9,10,13,-----1-------,1,28284147
257316,10,13,9,------1------,1,57356732
257280,8,7,13,------1------,1,21323560
256087,8,13,4,------1------,1,62437973
255936,8,13,7,------1------,1,31466071
254296,2,7,13,-------1-----,1,25414554
251880,12,7,13,-----1-------,1,31425271
251471,7,13,9,-----1-------,1,42447133
251442,8,3,13,-----1-------,1,29445462
250395,12,8,13,-------1-----,1,12241957
250359,8,13,9,-------1-----,0,74579059
247461,3,2,13,1-----11---1-,0,21363667071907332837465509171350
247418,8,13,8,11-1---1-----,0,33305064402854554633646449669052
245971,8,8,13,-----1-------,1,52608348
243156,12,5,13,-----1-------,1,16232450
243121,9,6,13,-----1-------,1,54679069
238849,8,4,13,1--1---1---1-,1,27445343243346402542498314222450
238817,8,13,3,1------1---1-,0,704385414161717318263314
238680,8,7,13,------1------,0,39345471
238652,12,13,5,------1------,0,33345638
237281,9,5,13,------1------,1,29425064
237253,7,2,13,------1------,1,18333063
236004,9,16,12,------1------,1,39405640
235972,9,13,11,-----1-------,1,24344264
235969,8,4,13,------1------,1,26283364
235912,7,13,10,------1------,1,28375040
235509,8,13,8,-----1-------,1,52548341
233215,10,7,13,-----1-------,1,25354446
233127,8,16,12,-----1-------,1,42406252
233077,8,5,13,-----1-------,1,33455660
231722,7,13,10,1-----1------,0,5955833738305538
231688,9,8,13,1-----1------,1,3334516025324231
231183,8,13,10,------1------,0,45437150
230210,12,13,11,-----1-------,1,43396759
225819,8,6,13,-----1-------,1,20303155
225781,10,7,13,-----1-------,1,25313758
225738,8,13,10,-----1-------,1,41506545
224165,12,8,13,-----1-------,1,33405233
224123,8,13,6,-----1-------,1,52547753
224081,8,13,9,-----1-------,1,47456650
223099,8,10,13,-------1-----,0,35395350
223058,8,8,13,-------1-----,0,33405163
223014,8,13,10,-------1-----,0,41506565
223004,7,9,13,------1------,1,24374227
222962,8,13,9,------1------,1,52406742
222847,8,7,13,-----1-------,1,26344383
222807,10,9,13,-----1-------,1,40416545
222773,12,6,13,-----1-------,1,37455828
222730,8,13,8,-----1-------,1,61578250
222656,10,16,13,-----1-------,1,52537547
221268,9,13,4,------1------,1,50426660
221048,7,13,2,------1------,0,77418229
221010,7,6,13,------1------,0,46496439
218702,8,13,6,-----1-------,1,50497367
218666,12,13,8,-----1-------,1,47658452
217272,10,13,11,-----1-------,1,24304257
217235,9,8,13,-----1-------,1,30465471
214368,9,13,9,-----1-------,1,47487552
214340,9,13,4,-----1-------,1,55467153
214307,12,13,4,-----1-------,1,51477235
214207,12,16,14,-----1-------,1,32415464
213022,8,6,13,1------1-----,1,2634506442536861
212994,7,13,3,1------1-1---,0,924583798486993933365367
212968,10,13,1,1------1-1---,0,715690539966996971468660
212859,10,13,10,--------1----,0,40406241
212647,2,13,3,-----1-------,1,53518225
211551,12,13,4,-----1-------,1,33466164
211497,9,11,13,-----1-------,1,33456055
210036,10,13,6,-----1-------,1,33455662
209613,8,13,9,1-----1------,0,4845703147406340
208600,8,10,13,-----1-------,1,33445537
207237,8,13,4,1-----11--1--,0,46436450514972598464987012172150
207181,8,15,15,1-----11--1--,1,39365724525176503341565213232533
207124,9,16,13,-----1-------,1,22314029
207070,8,13,8,-----1-------,1,46547643
207015,8,13,2,-----1-------,1,50376633
205690,8,13,6,-----1-------,1,17394467
204176,9,4,13,-----1-------,1,15231871
204130,8,13,10,-----1-------,1,39486215
204092,9,7,13,-----1-------,1,30395453
204051,9,9,13,-----1-------,1,28425480
202352,2,13,8,-----1-------,1,46426939
199883,10,16,13,-----1-------,1,52567953
199852,12,13,4,-----1-------,1,56538065
199744,7,13,10,------1------,1,58538229
198505,8,10,13,-----1-------,1,39476262
198426,8,10,13,-----1-------,1,33355353
198107,8,9,13,------1------,1,27344421
197117,9,15,15,-----1-------,1,28374835
197082,9,13,9,-----1-------,1,33395473
197046,12,13,8,-----1-------,1,51517660
197044,8,0,13,------1------,1,13261160
197013,2,13,6,------1------,1,45305955
194229,12,1,13,------1------,1,15282533
194189,9,9,13,-----1-------,1,26364253
194158,12,13,4,-----1-------,1,28516245
194054,7,14,16,------1------,1,35476248
193984,8,13,9,-----1-------,1,24344336
193932,8,8,13,-----1-------,1,35485953
193918,12,13,5,1------1--1--,0,785492476645796927254267
193885,7,4,13,11-----1--1--,0,33506167141622334257695006120033
193806,12,1,13,-----1-------,1,21384156
192797,3,10,13,------1------,1,37385450
192538,8,16,13,-----1-------,1,30495954
192502,12,13,5,-----1-------,1,83609832
192464,8,13,11,-----1-------,1,33415547
192415,10,13,10,-----1-------,1,42446647
191782,6,13,4,1------1-----,0,2829441099899967
191745,7,13,3,1------1-----,0,5552857399719961
191501,8,9,13,-----1-------,1,39526530
191440,8,13,9,-----1-------,1,43437052
191400,8,5,13,-----1-------,1,28374442
191347,9,16,14,-----1-------,1,35325345
190816,10,14,16,------1------,1,29415053
188427,8,13,11,------1------,1,39547147
186918,8,13,2,1-----1------,0,5051716744487167
184008,8,5,13,1------1-----,1,1523257126344375
182881,8,16,13,-----1-------,1,35355148
182838,12,13,9,-----1-------,1,41456445
182803,10,7,13,-----1-------,1,24354246
182763,9,9,13,-----1-------,1,33496333
182731,9,13,8,-----1-------,1,59699167
177888,12,13,5,------1------,1,30375640
176871,9,13,8,1-----1------,1,3549655063558848
176297,8,10,13,------1------,0,43486948
175038,8,11,13,------1------,0,27305054
172542,12,6,13,-----1-------,1,27404857
172512,9,13,6,-----1-------,1,99629940
169340,8,14,16,-----1-------,1,33486346
167671,8,9,13,------1------,0,35475761
166892,8,9,13,11-----1-----,1,525277520512069922323158
166460,12,13,10,-----1-------,1,31465744
166422,8,13,7,-----1-------,1,48446838
166380,10,13,10,-----1-------,1,53577842
165407,8,13,8,1------1-----,1,6646793035375638
165376,2,4,13,1--1---1-----,1,314257852131416022303550
164953,8,13,9,------1------,0,45336147
163754,9,9,13,-----1-------,1,23333862
162674,8,11,13,-----1-------,1,37425750
162646,12,13,3,-----1-------,1,46498256
162604,9,13,4,-----1-------,1,56599464
162577,12,13,4,-----1-------,1,84799968
162512,8,16,14,-----1-------,1,35395952
162105,8,13,8,------1------,0,39375638
162065,8,9,13,------1------,0,35385541
158995,8,13,7,------1------,0,46426261
99107,8,13,9,1--1---1-----,1,484169633629455027334669
98863,8,4,13,------------1,0,12271899
98549,8,13,3,------1------,0,62528047
97642,6,13,5,--------1----,0,25324767
