1673331,6,8,13,11------1----,1,,,,,,
1673274,6,13,7,11------1----,1,,,,,,
1673237,9,9,13,11------1----,1,,,,,,
1673197,5,13,8,11-1---------,1,,,,,,
1673140,9,15,15,11-1---------,1,,,,,,
1673098,6,13,6,11-1---------,1,,,,,,
1673089,5,13,6,--------1----,1,,,,,,
1673048,6,9,13,11-1---------,1,,,,,,
1672778,8,7,13,-----1-------,1,,,,,,
1672739,6,13,11,-----1-------,1,,,,,,
1672422,8,13,9,---------1---,0,,,,,,
1671673,8,13,0,--1-1--------,1,,,,,,
1671090,8,15,15,---------1---,0,,,,,,
1670189,6,13,9,-----1-------,1,,,,,,
1670105,7,16,14,-----1-------,1,,,,,,
1670060,5,13,8,-----1-------,1,,,,,,
1668777,8,13,7,--1-1--------,1,,,,,,
1668735,6,13,7,1-1-11-------,1,11,11,7,73,45,1.07
1668455,8,7,13,--------1----,0,,,,,,
1668351,5,13,4,--------1----,1,,,,,,
1667275,8,13,8,1111---------,1,,,,,,
1667254,6,10,13,-----1-------,1,,,,,,
1667239,7,13,8,--------1----,0,,,,,,
1667236,8,9,13,1111---------,1,15,17,1,70,20,0.87
1667209,5,8,13,-----1-------,1,,,,,,
1667191,5,8,13,11-1---------,1,14,19,3,71,71,0.93
1667184,2,13,2,-----1-------,1,,,,,,
1667150,6,4,13,-----1-------,1,,,,,,
1667121,7,3,13,-----1-------,1,,,,,,
1667028,6,6,13,-----1-------,1,,,,,,
1666999,6,13,7,--------1----,0,,,,,,
1666981,8,13,4,-----1-------,1,,,,,,
1666936,9,7,13,-----1-------,1,,,,,,
1666904,7,13,3,-----1-------,1,,,,,,
1665801,2,4,13,11111--------,1,11,13,3,73,45,0.9
1665771,3,2,13,11111--------,1,15,12,1,95,47,1.35
1665395,6,16,13,-----1-------,1,,,,,,
1664206,8,13,3,1------------,1,13,11,5,95,38,1.34
1664179,8,13,4,1------------,1,8,10,2,50,38,0.85
1663921,7,16,14,-----1-------,1,,,,,,
1663245,2,13,7,111-1--------,1,23,12,3,105,57,1.68
1663204,3,6,13,--1-1--------,1,,,,,,
1663175,8,13,3,--1-1--------,1,,,,,,
1663144,6,13,4,--1----------,1,,,,,,
1663091,8,13,1,-----1-------,1,,,,,,
1662890,8,13,9,11-----------,1,16,14,4,87,88,1.15
1662852,3,9,13,111----------,1,11,16,4,64,55,0.83
1662840,6,8,13,-----1-------,1,,,,,,
1662593,8,13,7,-----1-------,1,,,,,,
1662568,5,13,3,-----1-------,1,,,,,,
1662253,8,8,13,--------1----,0,,,,,,
1662191,3,13,8,--------1----,0,,,,,,
1661602,7,14,16,--1-1--------,1,,,,,,
1661539,6,7,13,--------1----,0,,,,,,
1661453,6,6,13,--------1----,0,,,,,,
1661365,6,13,1,--------1----,0,,,,,,
1660210,7,12,16,--------1----,0,,,,,,
1660206,8,13,7,--1-1--------,1,,,,,,
1660164,5,11,13,--------1----,0,,,,,,
1660157,7,11,13,--1-1--------,1,,,,,,
1660124,8,8,13,-----1-------,1,,,,,,
1660122,7,7,13,--------1----,0,,,,,,
1660079,6,13,10,-----1-------,1,,,,,,
1660040,2,10,13,-----1-------,1,,,,,,
1660015,6,2,13,-----1-------,1,,,,,,
1659995,7,11,13,--------1----,0,,,,,,
1659950,9,16,12,-----1-------,1,,,,,,
1659885,8,13,11,--------1----,0,,,,,,
1659776,5,13,10,--------1----,0,,,,,,
1659728,7,8,13,--------1----,0,,,,,,
1659616,6,13,4,-----1-------,1,,,,,,
1659589,8,0,13,-----1-------,1,,,,,,
1658883,8,13,9,--------1----,0,,,,,,
1658815,7,9,13,--------1----,0,,,,,,
1658773,8,13,8,--------1----,0,,,,,,
1658526,8,2,13,-----1-------,1,,,,,,
1658470,8,15,19,--------1----,0,,,,,,
1658349,3,11,13,--------1----,0,,,,,,
1658281,8,13,3,--------1----,0,,,,,,
1658265,5,7,13,-----1-------,1,,,,,,
1658230,8,13,9,--------1----,0,,,,,,
1658157,6,13,7,--------1----,0,,,,,,
1658116,8,8,13,--------1----,0,,,,,,
1657542,8,11,13,--------1----,1,,,,,,
1657361,7,16,14,--------1----,1,,,,,,
1657290,8,13,4,--------1----,1,,,,,,
1657215,8,2,13,-----1-------,1,,,,,,
1657169,6,13,10,-----1-------,1,,,,,,
1657132,6,9,13,-----1-------,1,,,,,,
1657078,6,6,13,-----1-------,1,,,,,,
1656988,6,13,11,--------1----,1,,,,,,
1656048,8,13,11,--------1----,1,,,,,,
1655911,8,13,10,--------1----,1,,,,,,
1655793,3,8,13,1111---------,1,15,19,4,72,33,0.9
1655757,8,7,13,1111---------,1,14,16,2,86,50,1.01
1655359,9,13,5,1-1-1--------,1,19,9,3,103,47,1.75
1655278,2,8,13,1-1-1--------,1,19,15,6,101,37,1.42
1653108,8,11,13,--1-1--------,1,,,,,,
1653100,8,4,13,-----1-------,1,,,,,,
1653078,7,13,1,--111--------,1,,,,,,
1653069,6,3,13,-----1-------,1,,,,,,
1653037,6,13,9,--111--------,1,,,,,,
1653021,5,13,5,-----1-------,1,,,,,,
1652870,6,10,13,-----1-------,1,,,,,,
1652583,6,9,13,--------1----,1,,,,,,
1652513,7,2,13,--------1----,1,,,,,,
1652480,2,13,5,--------1----,1,,,,,,
1651751,8,15,15,--------1----,1,,,,,,
1651723,8,1,13,--------1----,1,,,,,,
1651631,7,0,13,--------1----,1,,,,,,
1651464,8,8,13,--------1----,1,,,,,,
1649947,7,11,13,-----1-------,1,,,,,,
1649913,8,13,3,-----1-------,1,,,,,,
1649655,2,1,13,--------1----,1,,,,,,
1649571,6,9,13,--------1----,1,,,,,,
1648799,5,9,13,--------1----,1,,,,,,
1648761,6,13,9,--------1----,1,,,,,,
1648574,8,11,13,--------1----,1,,,,,,
1648542,9,13,6,--------1----,1,,,,,,
1648526,3,13,11,-----1-------,1,,,,,,
1648498,6,13,5,-----1-------,1,,,,,,
1648397,9,9,13,--------1----,1,,,,,,
1647211,8,13,11,--------1----,1,,,,,,
1647058,6,13,1,-----1-------,1,,,,,,
1646916,9,16,14,1111---------,1,27,23,5,90,48,1.3
1646702,8,13,10,11111--------,1,26,15,3,108,65,1.73
1646643,9,9,13,11-1---------,1,14,14,0,67,36,0.89
1646503,3,13,7,11-1---------,1,21,12,6,111,67,1.7
1645905,2,11,13,11111--------,1,15,15,2,71,60,0.91
1645877,8,4,13,11111--------,1,13,13,1,69,77,0.98
1645831,5,13,11,11111--------,1,18,18,7,93,78,1.25
1645792,3,10,13,11111--------,1,11,16,3,53,64,0.8
1645720,5,5,13,1111---------,1,14,16,3,82,57,1.03
1645663,2,8,13,1111---------,1,19,16,1,96,47,1.21
1644492,2,13,9,--111--------,1,,,,,,
1644461,5,13,3,--111--------,0,,,,,,
1644416,7,9,13,--111--------,1,,,,,,
1644375,3,11,13,--111--------,1,,,,,,
1643962,2,16,12,1--1-1-------,1,22,19,5,90,64,1.27
1643788,7,16,14,--------1----,1,,,,,,
1643104,2,16,13,111-1--------,1,31,16,2,94,42,1.56
1643062,7,13,10,111-1--------,1,21,16,8,105,48,1.43
1643020,5,13,11,111-1--------,1,25,15,8,102,20,1.58
1642974,8,13,9,111-1--------,1,24,12,9,109,42,1.78
1642956,6,13,8,--------1----,1,,,,,,
1642931,2,7,13,111-1--------,1,12,17,7,83,67,0.91
1642888,7,6,13,111-1--------,1,15,15,8,88,47,1.27
1642874,7,13,11,--------1----,1,,,,,,
1642793,9,13,4,11--1--------,1,21,11,5,120,67,1.81
1642751,8,6,13,-----1-------,1,,,,,,
1642744,9,7,13,1-1-1--------,1,9,18,3,53,56,0.56
1642695,6,16,14,-----1-------,1,,,,,,
1642658,9,13,7,------1------,0,,,,,,
1642658,3,13,7,-----1-------,1,,,,,,
1641636,7,15,15,--------1----,1,,,,,,
1641558,5,8,13,--------1----,1,,,,,,
1641532,9,13,3,--------1----,1,,,,,,
1641512,6,9,13,--1-1--------,1,,,,,,
1641480,7,13,5,--1-1--------,1,,,,,,
1641447,9,13,6,--1-1--------,1,,,,,,
1641242,8,13,7,--------1----,1,,,,,,
1641143,7,13,9,--------1----,1,,,,,,
1639856,7,7,13,-----1-------,1,,,,,,
1639785,3,13,8,-----1-------,1,,,,,,
1639567,9,13,9,1------------,1,15,12,5,78,60,1.17
1638434,8,13,5,--1-1--------,0,,,,,,
1638097,2,13,9,1------------,1,14,15,4,60,43,1.1
1638093,6,13,11,--------1----,1,,,,,,
1637083,8,13,4,--------1----,1,,,,,,
1637045,2,13,16,-----1-------,1,,,,,,
1637020,8,3,13,-----1-------,1,,,,,,
1636988,8,13,5,-----1-------,1,,,,,,
1636969,3,13,10,--------1----,1,,,,,,
1636948,6,13,11,-----1-------,1,,,,,,
1636825,7,13,8,--------1----,1,,,,,,
1636720,5,13,11,--------1----,1,,,,,,
1635927,9,10,13,--------1----,0,,,,,,
1635627,9,5,13,11111--------,1,17,15,3,106,47,1.41
1635579,7,10,13,1111---------,1,10,16,5,58,40,0.72
1635541,2,6,13,-111---------,1,,,,,,
1635489,8,11,13,-1-1---------,1,,,,,,
1635314,8,13,3,-----------1-,0,,,,,,
1635280,6,13,16,-----1-------,1,,,,,,
1635278,8,13,10,-----------1-,0,,,,,,
1635248,6,13,7,-----1-------,1,,,,,,
1634108,8,2,13,-----1-------,1,,,,,,
1634071,2,7,13,-----1-------,1,,,,,,
1634031,5,13,8,-----1-------,1,,,,,,
1632836,5,4,13,-----1-------,1,,,,,,
1632833,5,13,11,111-1--------,1,15,15,7,76,40,1.16
1632803,5,13,4,111-1-1------,1,21,10,6,110,43,1.81
1632792,6,9,13,-----1-------,1,,,,,,
1632753,8,13,5,-----1-------,1,,,,,,
1632721,9,6,13,-----1-------,1,,,,,,
1631351,6,11,13,--1-1--------,0,,,,,,
1629965,8,4,13,--1-1--------,0,,,,,,
1629898,7,6,13,--1-1--------,0,,,,,,
1629857,8,13,6,--1-1--------,0,,,,,,
1629461,8,5,13,--------1----,0,,,,,,
1628436,6,13,9,--------1----,0,,,,,,
1628376,8,7,13,11-----------,1,11,14,2,61,55,0.89
1628348,2,13,4,11-----------,1,16,7,2,86,63,1.55
1628224,8,15,15,--------1----,0,,,,,,
1627065,9,4,13,-----1-------,1,,,,,,
1627005,8,11,13,-----1-------,1,,,,,,
1626735,6,15,15,--------1----,0,,,,,,
1625561,2,13,11,11-1-1-------,1,19,15,4,80,42,1.27
1625527,5,6,13,11-1-1-------,1,11,15,3,73,36,0.82
1624163,8,5,13,-----1-------,1,,,,,,
1624122,6,11,13,-----1-------,1,,,,,,
1624086,8,13,3,-----1-------,1,,,,,,
1623858,9,13,9,1------------,1,14,14,4,72,43,1.03
1623822,8,13,7,1------------,1,24,11,1,108,54,1.75
1623800,9,13,1,1------------,1,12,6,0,73,67,1.44
1623711,2,8,13,-----1-------,1,,,,,,
1623672,6,10,13,-----1-------,1,,,,,,
1622809,2,13,7,-11----------,1,,,,,,
1622782,7,13,4,-11----------,1,,,,,,
1622737,8,11,13,1111-------1-,1,15,17,4,65,47,1
1621239,6,16,14,--------1----,0,,,,,,
1620903,8,16,14,--------1----,0,,,,,,
1618325,8,13,9,-----1-------,1,,,,,,
1615427,7,11,13,-----1-------,1,,,,,,
1614026,8,9,13,-----------1-,0,,,,,,
1613734,3,13,5,11-----------,1,17,10,2,83,47,1.52
1613620,6,5,13,-----1-------,1,,,,,,
1612457,8,12,16,11-1---------,1,21,17,3,76,57,1.14
1612419,6,4,13,-----1-------,1,,,,,,
1612413,3,8,13,11-----------,1,23,15,7,126,52,1.77
1612372,9,13,9,-----1-------,1,,,,,,
1612340,6,8,13,-----1-------,1,,,,,,
1612293,5,13,11,-----1-------,1,,,,,,
1611071,9,13,5,-----1-------,1,,,,,,
1611020,8,13,10,-----1-------,1,,,,,,
1609573,8,13,8,-----1-------,1,,,,,,
1608145,3,5,13,-----1-------,0,,,,,,
1608102,6,13,10,-----1-------,0,,,,,,
1608067,6,1,13,-----1-------,1,,,,,,
1606915,6,13,9,-----1-------,1,,,,,,
1606878,3,5,13,-----1-------,1,,,,,,
1606759,5,13,5,-----1-------,1,,,,,,
1606722,6,13,8,-----1-------,1,,,,,,
1606671,8,14,16,-----1-------,1,,,,,,
1606649,9,13,1,-----1-------,1,,,,,,
1605300,9,16,14,11-1---------,1,38,15,3,114,42,1.93
1605056,2,13,5,-----1-------,1,,,,,,
1605020,5,13,7,-----1-------,1,,,,,,
1602567,8,9,13,-----1-------,1,,,,,,
1602511,9,10,13,-----1-------,1,,,,,,
1600978,8,13,8,-----1-------,1,,,,,,
1599680,5,9,13,-----1-------,1,,,,,,
1599646,9,13,6,-----1-------,1,,,,,,
1599357,6,14,16,1------------,0,14,25,7,58,57,0.8
1598196,6,11,13,--------1----,0,,,,,,
1597975,5,13,4,1------------,0,16,7,1,77,56,1.56
1596588,6,13,16,--------1----,0,,,,,,
1596276,8,8,13,--------1----,0,,,,,,
1594893,8,3,13,-----1-------,1,,,,,,
1594844,6,16,13,-----1-------,1,,,,,,
1593555,8,5,13,-----1-------,1,,,,,,
1590823,8,16,19,-----1-------,0,,,,,,
1589567,9,15,15,-----1-------,1,,,,,,
1589508,5,15,15,-----1-------,1,,,,,,
1589474,5,3,13,-----1-------,0,,,,,,
1589430,8,13,11,-----1-------,0,,,,,,
1588052,7,13,10,-----1-------,0,,,,,,
1588004,6,10,13,-----1-------,0,,,,,,
1587971,9,7,13,-----1-------,0,,,,,,
1585186,8,11,13,1111---------,0,21,15,5,79,48,1.31
1585153,3,13,4,1111---------,0,19,7,1,111,42,1.87
1585132,5,4,13,-----1-------,1,,,,,,
1584778,8,11,13,-----1-------,1,,,,,,
1583888,7,2,13,11-1---------,0,6,12,1,69,50,0.5
1582520,5,6,13,-----1-------,1,,,,,,
1582489,8,13,5,-----1-------,1,,,,,,
1582443,9,13,11,-----1-------,1,,,,,,
1582407,5,13,9,-----1-------,1,,,,,,
1582327,6,13,10,-----1-------,1,,,,,,
1582278,2,13,10,-----1-------,1,,,,,,
1582252,8,3,13,-----1-------,1,,,,,,
1580827,8,10,13,-----1-------,1,,,,,,
1580768,9,8,13,-----1-------,1,,,,,,
1579646,9,13,11,-----1-------,1,,,,,,
1579607,8,13,5,-----1-------,1,,,,,,
1579574,6,13,7,-----1-------,1,,,,,,
1579541,7,4,13,-----1-------,1,,,,,,
1578241,3,13,11,-----1-------,1,,,,,,
1578201,6,13,8,-----1-------,1,,,,,,
1578166,8,13,7,-----1-------,1,,,,,,
1578132,6,13,6,-----1-------,1,,,,,,
1578099,8,13,7,-----1-------,1,,,,,,
1578046,5,15,15,-----1-------,1,,,,,,
1578021,3,13,3,-----1-------,1,,,,,,
1577920,6,13,4,-----1-------,1,,,,,,
1576548,8,7,13,11-1---------,0,12,15,3,57,50,0.79
1576527,2,16,13,-----1-------,1,,,,,,
1576507,7,13,5,11-1---------,0,10,12,8,78,60,1.02
1576432,8,10,13,------1------,0,,,,,,
1575137,5,14,16,11-1---------,0,23,21,7,88,65,1.18
1575101,2,13,7,11-1---------,0,16,14,6,83,81,1.2
1574855,5,7,13,-----1-------,1,,,,,,
1574829,6,13,4,-----1-------,1,,,,,,
1574777,8,15,15,-----1-------,1,,,,,,
1574749,3,13,1,-----1-------,1,,,,,,
1574710,7,5,13,-1-----------,0,,,,,,
1574674,7,13,4,-1-----------,0,,,,,,
1573972,9,13,5,-----1-------,1,,,,,,
1573940,5,13,5,-----1-------,1,,,,,,
1573902,8,13,10,-----1-------,1,,,,,,
1573831,8,11,13,-----1-------,1,,,,,,
1573800,2,7,13,-----1-------,1,,,,,,
1573472,8,6,13,11-1---------,0,16,16,4,81,56,1.28
1573416,5,10,13,-----1-------,1,,,,,,
1573369,8,11,13,-----1-------,1,,,,,,
1573328,9,13,10,11-----------,0,20,16,2,79,65,1.25
1572367,5,16,12,-----1-------,1,,,,,,
1572312,2,6,13,-----1-------,1,,,,,,
1572252,8,9,13,-----1-------,1,,,,,,
1572247,5,13,7,11-----------,0,22,11,4,117,59,1.78
1572218,2,13,8,-----1-------,1,,,,,,
1572188,9,13,4,-----1-------,1,,,,,,
1572066,5,7,13,-----------1-,0,,,,,,
1572031,5,13,4,-----------1-,0,,,,,,
1571990,6,8,13,-----1-------,1,,,,,,
1570891,3,13,10,------1------,0,,,,,,
1570858,7,1,13,------1------,0,,,,,,
1570754,3,11,13,-----1-------,1,,,,,,
1570719,9,13,8,-----1-------,1,,,,,,
1570658,6,7,13,-----1-------,1,,,,,,
1570633,8,7,13,11-----------,0,7,15,1,39,71,0.54
1570627,5,5,13,-----1-------,1,,,,,,
1570608,7,13,1,11-----------,0,11,7,5,83,18,1.52
1570568,2,10,13,11-----------,0,14,18,4,58,29,0.89
1570539,6,13,5,-----1-------,1,,,,,,
1570509,5,13,4,-----1-------,1,,,,,,
1570479,2,8,13,-----1-------,0,,,,,,
1570446,9,13,9,-----1-------,0,,,,,,
1569239,9,6,13,11----1------,0,10,17,3,61,40,0.64
1564864,8,14,16,-----1-------,0,,,,,,
1564830,2,7,13,-----1-------,0,,,,,,
1564800,6,5,13,-----1-------,0,,,,,,
1564764,7,13,7,-----1-------,0,,,,,,
1564720,8,11,13,-----1-------,0,,,,,,
1564694,9,13,4,-----1-------,0,,,,,,
1564635,6,15,15,-----1-------,0,,,,,,
1564602,8,13,6,-----1-------,0,,,,,,
1563242,5,10,13,11-1---------,0,20,19,4,104,80,1.24
1563199,5,13,8,11-1---------,0,27,12,5,120,52,1.98
1562366,7,7,13,-----1-------,0,,,,,,
1562321,8,13,11,-----1-------,0,,,,,,
1562235,2,16,12,-----1-------,0,,,,,,
1562202,5,13,7,-----1-------,0,,,,,,
1562153,9,11,13,-----1-------,0,,,,,,
1562118,5,13,7,-----1-------,0,,,,,,
1562087,8,6,13,-----1-------,0,,,,,,
1562050,5,13,7,-----1-------,0,,,,,,
1560704,8,13,9,1111---------,0,19,15,5,98,42,1.32
1560674,5,4,13,1111---------,0,8,14,5,62,63,0.78
1554541,7,11,13,-----1-------,1,,,,,,
1554502,6,13,9,-----1-------,1,,,,,,
1553493,6,16,12,-----1-------,1,,,,,,
1553452,8,13,10,-----1-------,1,,,,,,
1552275,3,3,13,-----1-------,1,,,,,,
1552234,2,8,13,-----1-------,1,,,,,,
1552186,2,15,15,-----1-------,1,,,,,,
1552154,8,13,4,-----1-------,1,,,,,,
1547853,3,10,13,-----1-------,1,,,,,,
1547795,2,10,13,-----1-------,1,,,,,,
1547438,8,8,13,------------1,0,,,,,,
1547201,8,7,13,------------1,0,,,,,,
1543695,8,3,13,-----1-------,1,,,,,,
1543662,9,13,6,-----1-------,1,,,,,,
1543623,3,6,13,-----1-------,1,,,,,,
1543591,10,13,5,-----1-------,1,,,,,,
1543282,8,6,13,11-1---------,1,7,15,5,55,57,0.55
1543260,8,13,5,-----1-------,1,,,,,,
1543238,8,11,13,11-1---------,1,25,15,5,103,52,1.6
1543218,8,13,11,-----1-------,1,,,,,,
1543187,10,8,13,11-----------,1,13,14,3,80,54,1
1543183,6,6,13,-----1-------,1,,,,,,
1539182,9,13,8,------------1,0,,,,,,
1539149,8,7,13,------------1,0,,,,,,
1536267,8,13,10,-----1-------,1,,,,,,
1536231,9,11,13,-----1-------,1,,,,,,
1533084,7,13,9,-----1-------,1,,,,,,
1533049,8,9,13,-----1-------,1,,,,,,
1533025,9,13,0,-----1-------,1,,,,,,
1532980,11,13,10,-----1-------,0,,,,,,
1532959,9,16,14,11-1---------,1,20,23,4,72,30,0.94
1532944,3,6,13,-----1-------,0,,,,,,
1532907,8,15,15,11-1---------,1,20,22,13,81,50,1.14
1530492,11,3,13,111--1-------,0,9,15,1,68,56,0.5
1530463,7,2,13,111--1-------,1,6,15,7,68,17,0.58
1530417,8,13,10,11-----------,1,23,17,8,113,52,1.51
1529025,2,8,13,--1----------,0,,,,,,
1524738,10,13,10,1111---------,1,27,15,7,112,37,1.73
1524701,10,8,13,1111---------,1,15,19,4,85,47,0.91
1520364,9,6,13,11-1---------,1,20,17,3,98,55,1.41
1513033,5,13,6,-----1-------,0,,,,,,
1511867,9,13,6,11-1---------,1,19,10,4,105,58,1.66
1511822,7,6,13,11-1---------,1,22,15,1,102,59,1.56
1511383,10,9,13,-----1-------,1,,,,,,
1511340,8,8,13,-----1-------,1,,,,,,
1510136,8,13,11,-----1-------,1,,,,,,
1510079,9,13,7,-----1-------,1,,,,,,
1510044,2,6,13,-----1-------,1,,,,,,
1509847,2,10,13,11-1---------,1,19,16,3,89,47,1.25
1509795,7,13,6,11-1---------,1,23,10,5,116,48,1.85
1509740,9,13,10,-1-----------,1,,,,,,
1504585,7,9,13,-----1-------,1,,,,,,
1504549,10,13,6,-----1-------,1,,,,,,
1504519,8,13,6,-----1-------,1,,,,,,
1504270,9,13,16,-----1-------,1,,,,,,
1502925,2,13,10,11-1---------,1,11,19,7,70,45,0.8
1502887,3,13,9,11-1---------,1,18,16,4,99,33,1.32
1502843,2,4,13,11-----------,1,4,14,1,41,25,0.22
1498897,2,13,11,-----1-------,1,,,,,,
1498860,3,9,13,-----1-------,1,,,,,,
1498814,7,13,9,-----1-------,1,,,,,,
1497429,9,9,13,11---1-------,1,21,14,2,82,48,1.29
1497386,9,4,13,11-1-1-------,1,14,15,2,83,50,0.97
1496851,2,16,14,11-----------,1,28,22,7,96,64,1.38
1496758,8,13,2,11-----------,1,11,5,7,72,36,1.48
1495711,7,2,13,-1-----------,1,,,,,,
1495680,7,2,13,-1-----------,1,,,,,,
1495595,9,8,13,-1-----------,1,,,,,,
1494375,7,13,3,11-----------,1,16,3,1,83,44,1.75
1494248,10,13,4,11-----------,1,17,8,4,109,24,1.7
1494204,3,6,13,11-----------,1,16,14,3,81,50,1.18
1493932,6,2,13,11-----------,1,6,14,5,63,50,0.64
1492924,7,15,15,11-----------,1,25,21,13,103,68,1.4
1492763,10,13,7,11-----------,1,26,12,6,128,69,1.97
1490051,10,16,13,11-1---------,1,17,23,10,74,59,0.98
1490011,8,8,13,11-1---------,1,17,17,2,88,82,1.12
1489757,2,13,1,-----1-------,0,,,,,,
1488813,6,11,13,-----1-------,0,,,,,,
1488787,8,2,13,-----1-------,0,,,,,,
1488664,5,13,11,1------------,0,16,17,4,84,63,1.04
1488507,2,4,13,-----1-------,0,,,,,,
1485405,8,13,8,------1------,1,,,,,,
1483804,2,13,16,11-----------,1,19,21,7,62,53,1.03
1483034,3,13,6,11-1---------,1,23,9,3,126,57,1.94
1483000,2,13,8,11-1---------,1,27,12,2,118,56,1.89
1482313,7,13,11,11-1---------,1,31,15,4,121,48,1.87
1482277,2,13,4,11-1---------,1,15,7,4,90,67,1.57
1481665,10,7,13,11-1---------,1,19,15,5,93,42,1.36
1480080,9,11,13,11-----------,1,14,21,9,75,57,0.9
1480043,8,13,6,11-----------,1,19,12,5,94,42,1.62
1479994,7,13,11,11-----------,1,22,17,6,93,64,1.39
1478447,5,13,9,1------------,0,13,16,2,66,46,0.81
1478422,5,13,3,1------------,0,11,4,1,76,27,1.42
1477192,7,15,15,-----1-------,0,,,,,,
1477160,8,4,13,-----1-------,0,,,,,,
1477121,8,9,13,-----1-------,0,,,,,,
1476774,8,13,9,-1-----------,1,,,,,,
1474327,7,11,13,11-1---------,1,22,17,10,111,41,1.49
1474285,10,13,11,11-1---------,1,24,13,8,101,46,1.67
1473908,7,16,14,-1-----------,1,,,,,,
1473693,8,13,7,11-----------,1,16,8,6,96,56,1.51
1471515,8,13,11,-1-1---------,1,,,,,,
1464192,10,13,16,11-1---------,1,17,23,11,76,35,0.99
1464144,9,10,13,11-----------,1,23,17,2,98,22,1.34
1464040,2,13,9,11-1---------,1,20,13,6,91,50,1.46
1461261,7,7,13,-----1-------,1,,,,,,
1461214,10,13,5,11-----------,1,16,10,2,87,63,1.44
1461188,8,3,13,11-----------,1,8,16,3,67,63,0.56
1460083,9,13,5,11-1---------,1,21,10,4,108,67,1.8
1460041,7,13,11,11-1---------,1,18,20,8,84,44,1.09
1460005,2,8,13,-----1-------,1,,,,,,
1459999,5,13,11,11-1---------,0,18,18,8,86,33,1.21
1459968,7,13,7,-----1-------,1,,,,,,
1459920,8,9,13,-----1-------,1,,,,,,
1459881,2,13,9,-----1-------,1,,,,,,
1459844,9,13,7,-----1-------,1,,,,,,
1458100,5,13,9,-----------1-,0,,,,,,
1457240,5,13,9,------1------,0,,,,,,
1457151,9,9,13,-----1-------,1,,,,,,
1457113,2,13,11,-----1-------,1,,,,,,
1457070,3,9,13,-----1-------,1,,,,,,
1455563,8,13,10,-----1-------,1,,,,,,
1455251,2,3,13,-----1-------,1,,,,,,
1455216,9,13,5,-----1-------,1,,,,,,
1455157,8,14,16,-----1-------,1,,,,,,
1453564,2,10,13,-1-----------,1,,,,,,
1453535,8,13,2,-1-----------,1,,,,,,
1452325,7,13,9,11--------1--,1,16,15,7,94,81,1.27
1452246,2,13,8,11-----------,1,16,10,2,82,50,1.27
1451363,7,13,10,-----1-------,1,,,,,,
1451328,2,6,13,-----1-------,1,,,,,,
1451326,6,6,13,-------1-----,0,,,,,,
1451142,8,4,13,1--1---------,1,7,15,1,50,86,0.46
1450930,11,13,10,------1------,0,,,,,,
1450885,6,13,4,------1------,0,,,,,,
1450856,8,13,4,------1------,0,,,,,,
1450848,6,8,13,------------1,0,,,,,,
1449831,3,11,13,11-----------,1,14,17,6,72,36,0.97
1449773,7,13,9,11-----------,1,28,13,5,120,43,1.86
1449670,8,9,13,-1-----------,1,,,,,,
1449426,8,15,15,-----------1-,0,,,,,,
1446793,10,13,9,-----1-------,1,,,,,,
1446769,2,13,2,-----1-------,0,,,,,,
1445664,8,13,11,11-1---------,1,18,16,4,82,28,1.1
1445622,3,13,9,11-1---------,1,25,13,2,109,48,1.66
1445225,2,15,15,-1-1---------,1,,,,,,
1444091,10,13,11,11-1---------,1,25,15,4,110,72,1.62
1443470,9,16,14,-1-----------,1,,,,,,
1442471,9,13,10,-1-----------,1,,,,,,
1442441,2,4,13,-1-----------,1,,,,,,
1437911,7,13,5,------1------,1,,,,,,
1437885,2,1,13,------1------,0,,,,,,
1437839,6,10,13,------1------,0,,,,,,
1433954,8,6,13,11-1---------,1,8,17,5,62,38,0.56
1433725,8,13,11,-1-----------,1,,,,,,
1433591,3,13,5,-1-----------,1,,,,,,
1433514,6,11,13,-1-----------,1,,,,,,
1432689,3,6,13,-1-----------,1,,,,,,
1432636,8,7,13,-----1-------,0,,,,,,
1430890,8,10,13,-1-----------,1,,,,,,
1430783,2,13,9,-1-----------,1,,,,,,
1430745,8,3,13,-1-----------,1,,,,,,
1427592,6,8,13,-1-----------,1,,,,,,
1426443,8,15,15,-1-----------,1,,,,,,
1426394,8,13,11,-1-----------,1,,,,,,
1426322,3,13,7,-1-----------,1,,,,,,
1426294,8,13,2,-1-----------,1,,,,,,
1426201,8,13,10,-1-----------,1,,,,,,
1423893,10,13,7,11-1---------,1,26,10,3,117,50,1.86
1420778,3,13,10,-------1-----,0,,,,,,
1420750,6,13,8,-------1-----,0,,,,,,
1419936,8,8,13,11-------1---,1,18,17,3,85,33,1.15
1419600,10,14,16,11-------1---,1,28,22,1,93,43,1.32
1418279,6,11,13,------1------,0,,,,,,
1418242,3,8,13,------1------,0,,,,,,
1418213,2,13,8,------1------,0,,,,,,
1413849,8,4,13,11-1---------,1,11,16,4,59,73,0.81
1413810,9,7,13,11-1---------,1,14,15,6,81,64,1.08
1413779,8,8,13,------1------,0,,,,,,
1413763,7,11,13,11-1---------,1,19,21,8,105,47,1.21
1413711,3,13,7,-1-----------,1,,,,,,
1413337,10,10,13,-1-----------,1,,,,,,
1413266,2,3,13,-1-----------,1,,,,,,
1413223,9,10,13,-1-----------,1,,,,,,
1412372,9,13,10,------1------,0,,,,,,
1412347,7,5,13,------1------,0,,,,,,
1412263,6,13,2,1------------,1,13,10,6,97,38,1.4
1410999,6,7,13,11-1---------,1,14,16,5,93,64,1.01
1410950,7,13,11,11-----------,1,19,14,9,82,58,1.35
1410926,8,13,1,11-1---------,1,11,4,0,74,45,1.57
1409515,2,9,13,11-----------,1,17,19,3,68,59,0.97
1409473,8,10,13,11-----------,1,15,18,6,70,27,1
1409431,8,13,9,11-----------,1,12,14,5,65,42,0.96
1405127,7,10,13,-1-1---------,1,,,,,,
1403760,10,13,4,11-----------,1,13,9,0,66,54,1.13
1403717,2,13,9,11-----------,1,23,11,3,105,61,1.66
1402382,6,5,13,-----1-------,0,,,,,,
1397841,7,3,13,-----------1-,1,,,,,,
1397814,6,13,2,-----------1-,1,,,,,,
1393708,6,13,9,-----1-------,0,,,,,,
1393705,2,13,7,-1-1---------,1,,,,,,
1393670,8,13,4,-1-1---------,1,,,,,,
1393538,8,7,13,-1-1---------,1,,,,,,
1393529,6,9,13,-----------1-,1,,,,,,
1392239,6,7,13,------1------,0,,,,,,
1391841,7,4,13,-----1-------,0,,,,,,
1391815,3,4,13,-----1-------,0,,,,,,
1391771,6,13,4,-----1-------,0,,,,,,
1390827,8,13,9,11-1---------,1,21,13,5,99,62,1.62
1390786,10,11,13,11-1---------,1,20,18,3,86,55,1.19
1390751,6,2,13,11-1---------,1,8,12,1,58,50,0.63
1389362,7,6,13,11-----------,1,8,17,2,42,50,0.44
1389310,8,16,13,11-----------,1,18,15,5,59,50,1.09
1389050,6,13,10,-----------1-,1,,,,,,
1387779,6,4,13,-----------1-,0,,,,,,
1387748,9,1,13,-----------1-,0,,,,,,
1386397,8,13,5,1------------,1,16,6,1,80,75,1.57
1386392,6,2,13,-----------1-,0,,,,,,
1386362,8,13,5,-----------1-,0,,,,,,
1386071,8,13,7,-----1-------,0,,,,,,
1384665,9,13,11,-----------1-,0,,,,,,
1384624,3,13,2,-----------1-,0,,,,,,
1384584,9,8,13,-----------1-,0,,,,,,
1383596,8,16,14,-----1-------,0,,,,,,
1383586,10,10,13,1111---------,1,10,21,11,78,50,0.7
1383545,3,10,13,1111---------,1,21,19,5,87,67,1.26
1383458,7,16,14,1--1---------,1,25,20,4,82,64,1.32
1383458,6,11,13,-----------1-,0,25,20,4,82,64,1.32
1383424,8,13,4,-----------1-,0,,,,,,
1383231,9,13,5,-----1-------,0,,,,,,
1382995,3,13,16,11-----------,1,22,21,4,76,45,1.07
1380888,9,9,13,--11---------,0,,,,,,
1380379,8,16,14,------1------,1,,,,,,
1380340,6,9,13,------1------,1,,,,,,
1380297,9,11,13,------1------,1,,,,,,
1379281,2,13,16,11-----------,1,18,21,6,74,72,0.95
1379222,10,14,16,11-----------,1,27,19,6,93,56,1.34
1379000,8,8,13,-----------1-,0,,,,,,
1376426,9,13,7,11-----------,1,17,11,3,78,65,1.4
1376374,8,16,13,11-----------,1,16,20,2,53,50,0.83
1376336,10,13,5,11-----------,1,13,13,7,75,46,1.2
1374800,8,8,13,-----------1-,0,,,,,,
1374544,9,11,13,-----1-------,0,,,,,,
1371869,11,13,11,-------1-----,0,,,,,,
1371832,11,13,6,-------1-----,0,,,,,,
1371635,7,16,14,-----------1-,0,,,,,,
1370784,2,10,13,--1----------,0,,,,,,
1370664,9,16,13,11-1---------,1,16,21,8,60,50,0.88
1370640,6,13,11,------1------,1,,,,,,
1370614,9,13,11,11-----------,1,28,14,5,111,57,1.75
1370600,2,10,13,------1------,0,,,,,,
1370222,6,13,10,-----1-------,0,,,,,,
1370040,6,13,11,------1------,1,,,,,,
1369044,6,10,13,-----------1-,0,,,,,,
1369007,7,13,6,-----------1-,0,,,,,,
1367157,3,13,8,------1------,0,,,,,,
1366161,9,6,13,-----------1-,0,,,,,,
1364882,8,16,13,------1------,1,,,,,,
1364749,2,13,10,-----------1-,0,,,,,,
1363429,10,7,13,11-1---------,1,11,15,3,63,73,0.83
1361879,8,6,13,11-1---------,1,13,16,4,68,54,0.91
1361825,7,6,13,11-1---------,1,16,15,4,102,69,1.18
1361788,10,9,13,11-----------,1,12,18,7,66,50,0.95
1360660,9,15,15,11-1---------,1,30,23,7,110,57,1.51
1360601,10,16,12,11-1---------,1,22,23,4,71,55,1.07
1360544,8,16,14,11-1---------,1,21,21,11,74,62,1.11
1359146,8,14,16,11-1-----1---,1,25,19,6,82,52,1.2
1359114,10,4,13,11-1-----1---,1,11,13,2,78,73,0.95
1359083,9,2,13,11-1-----1---,1,12,14,2,79,50,0.97
1358959,8,11,13,------1------,1,,,,,,
1358919,7,7,13,------1------,1,,,,,,
1358624,3,16,12,------1------,1,,,,,,
1358584,6,9,13,------1------,1,,,,,,
1358525,8,13,11,------1------,1,,,,,,
1356449,8,13,10,------------1,0,,,,,,
1355753,6,13,9,------1------,0,,,,,,
1355728,9,13,2,------1------,0,,,,,,
1354801,10,13,7,11--------1--,1,16,9,3,62,38,1.28
1354761,3,13,9,11-----------,1,14,17,9,73,36,0.98
1354721,9,13,7,11-----------,1,17,10,5,92,76,1.37
1354402,12,13,9,------1------,0,,,,,,
1353341,8,13,7,11-----------,1,18,10,3,85,28,1.38
1353332,6,13,5,----------1--,0,,,,,,
1353297,8,4,13,----------1--,0,,,,,,
1351434,6,10,13,-------1-----,0,,,,,,
1350588,2,4,13,1-1----------,1,17,14,2,88,71,1.39
1350567,1,13,8,------1------,0,,,,,,
1350547,8,7,13,111--------1-,1,18,16,2,89,50,1.23
1350502,9,13,9,11---------1-,1,18,14,8,90,61,1.43
1349008,2,13,11,11-1---------,1,27,15,5,103,37,1.7
1348963,8,10,13,1--1---------,1,16,18,4,79,44,0.97
1347125,8,7,13,------1------,1,,,,,,
1346193,6,13,3,------1------,0,,,,,,
1346193,7,13,4,-----1-------,0,,,,,,
1346142,2,10,13,11-1-----1---,1,23,16,5,97,39,1.47
1346099,8,13,8,1--1-----1---,1,29,10,2,122,55,2.11
1344757,8,7,13,--1----------,0,,,,,,
1343397,1,1,13,------1------,0,,,,,,
1343368,8,4,13,------1------,0,,,,,,
1343332,3,11,13,------1------,0,,,,,,
1343195,2,13,7,11-1------1--,1,21,13,6,103,43,1.58
1343154,2,8,13,-1-1------1--,1,,,,,,
1339901,8,13,7,------1------,1,,,,,,
1338476,6,11,13,------1------,1,,,,,,
1337548,6,13,10,------1------,0,,,,,,
1337510,7,13,9,------1------,0,,,,,,
1337476,6,8,13,1111---------,1,21,17,3,99,43,1.25
1337431,9,13,9,11-1---------,1,31,12,1,131,65,2.05
1337403,9,3,13,11-1---------,0,16,14,1,82,50,1.19
1336129,9,13,10,--1---------1,0,,,,,,
1336044,2,13,8,11-1---------,0,23,11,5,120,65,1.84
1334622,9,13,8,11-1---------,0,22,11,7,110,68,1.68
1334145,8,13,10,------1------,1,,,,,,
1333201,8,13,7,--1----------,0,,,,,,
1331687,6,13,5,------1------,1,,,,,,
1331644,10,8,13,------1------,0,,,,,,
1331613,6,6,13,------1------,0,,,,,,
1331551,8,15,15,------1------,0,,,,,,
1331479,9,13,7,------1------,0,,,,,,
1331414,6,11,13,------1------,0,,,,,,
1331181,8,13,5,------1------,0,,,,,,
1329848,2,13,10,------1------,0,,,,,,
1329804,6,10,13,------1------,0,,,,,,
1329778,7,1,13,------1------,0,,,,,,
1328901,9,13,3,11-1---------,0,23,6,3,131,39,2.19
1328840,8,16,14,11-----------,0,18,21,8,75,44,0.99
1328808,10,5,13,11-----------,0,14,13,3,82,36,1.04
1328746,9,13,7,-----1-------,0,,,,,,
1327209,10,5,13,------1------,0,,,,,,
1325998,6,10,13,11-----------,0,10,18,1,46,50,0.49
1325960,3,2,13,11-1---------,0,10,12,1,57,50,0.89
1325561,6,8,13,------1------,0,,,,,,
1325434,6,13,10,------1------,0,,,,,,
1324708,6,10,13,------1------,0,,,,,,
1324625,8,13,5,------1------,0,,,,,,
1324470,10,13,10,11-1---------,0,16,17,3,70,56,1.02
1324429,7,9,13,11-1---------,0,20,15,3,70,55,1.26
1324260,8,13,6,------1------,0,,,,,,
1324225,6,13,6,------1------,0,,,,,,
1324190,8,13,5,------1------,0,,,,,,
1324109,9,15,15,------1------,0,,,,,,
1324074,3,13,5,------1------,0,,,,,,
1321513,3,5,13,11-1-------1-,0,11,16,1,68,45,0.92
1321466,8,7,13,11-1-------1-,0,25,15,5,127,48,1.73
1320124,6,9,13,11-----------,0,9,18,7,69,67,0.74
1320084,6,13,6,11-----------,0,12,12,5,68,50,1.02
1320054,8,13,5,11-----------,0,13,7,5,71,46,1.31
1318820,6,13,7,11-1---------,0,25,11,3,121,40,1.88
1318790,6,13,3,11-1---------,0,10,6,5,72,40,1.31
1318240,8,7,13,------1------,0,,,,,,
1317371,6,13,5,------1------,0,,,,,,
1316795,1,13,4,------1------,0,,,,,,
1316749,1,11,13,------1------,0,,,,,,
1315338,11,6,13,------1------,0,,,,,,
1314436,8,13,7,11-1---------,1,21,11,11,119,48,1.78
1314381,11,12,16,11-1---------,1,26,21,9,91,62,1.34
1313951,10,10,13,------1------,0,,,,,,
1313063,10,13,4,1111-------1-,1,30,7,2,163,47,2.64
1313019,9,10,13,1111---------,1,21,17,2,92,86,1.34
1312990,2,4,13,11-1---------,1,5,15,1,30,60,0.25
1312885,2,4,13,------1------,1,,,,,,
1312637,8,13,1,-----1-------,1,,,,,,
1311538,9,15,15,------1------,1,,,,,,
1311525,8,9,13,11-1-------1-,1,24,17,5,112,58,1.65
1311499,6,13,9,------1------,1,,,,,,
1311493,6,5,13,11-1-------1-,1,18,14,2,97,50,1.33
1311461,8,8,13,------1------,1,,,,,,
1311406,10,13,11,------1------,1,,,,,,
1311093,8,13,7,------1------,1,,,,,,
1309857,10,15,15,------1------,1,,,,,,
1308215,6,10,13,------1------,1,,,,,,
1308175,8,13,8,------1------,1,,,,,,
1307286,10,13,9,11-1---------,1,19,14,6,101,63,1.36
1307246,2,13,7,11-1---------,1,15,13,4,84,73,1.24
1307242,7,13,9,------1------,1,,,,,,
1307204,8,7,13,------1------,1,22,12,3,96,45,1.38
1307204,2,13,10,11-1---------,1,22,12,3,96,45,1.38
1307009,6,6,13,------1------,1,,,,,,
1306973,8,13,5,------1------,1,,,,,,
1305841,7,13,6,1--1---------,1,21,12,6,115,71,1.71
1305394,8,12,16,------1------,1,,,,,,
1305351,8,13,8,------1------,1,,,,,,
1305275,2,16,13,------1------,1,,,,,,
1304411,2,13,7,1111-------1-,1,26,10,6,132,42,1.97
1304364,11,13,7,11-1-------1-,1,19,11,5,98,79,1.45
1302958,2,13,5,11-1---------,1,15,9,1,84,80,1.37
1302913,10,7,13,11-----------,1,11,13,7,73,91,0.87
1300150,9,11,13,-----1-------,1,,,,,,
1300036,9,15,15,11-----------,1,34,21,8,111,50,1.62
1298437,11,11,13,-----1-------,1,,,,,,
1298228,6,13,9,-----1-------,1,,,,,,
1298222,9,10,13,------1------,1,,,,,,
1298183,10,7,13,------1------,1,,,,,,
1298147,8,7,13,------1------,1,,,,,,
1297203,11,13,9,11-1---------,1,26,10,5,106,77,1.84
1297174,10,13,3,11-1---------,1,11,5,3,60,45,1.35
1297123,10,13,8,11-1---------,1,19,12,5,93,58,1.39
1297052,8,13,11,-----1-------,0,,,,,,
1296837,2,5,13,------1------,1,,,,,,
1296800,8,13,7,------1------,1,,,,,,
1295803,8,10,13,-111---------,1,,,,,,
1295735,2,13,9,11-1---------,1,18,15,4,77,61,1.18
1295719,6,13,9,-----1-------,1,,,,,,
1294271,9,3,13,11-1---------,1,13,14,2,80,15,1.03
1294218,10,13,11,11-1-------1-,1,29,15,4,117,52,1.75
1294166,11,13,5,------1------,0,,,,,,
1294136,11,8,13,------1------,0,,,,,,
1292694,8,13,7,-1-----------,1,,,,,,
1291689,6,13,4,1--1---------,1,13,10,2,69,69,1.21
1291149,11,12,16,1-1----------,1,25,20,3,84,40,1.21
1291120,2,5,13,1-11---------,1,15,16,4,87,53,1.15
1290174,9,11,13,1111-------1-,1,28,15,2,84,36,1.6
1290142,2,7,13,1111-------1-,1,19,15,4,101,74,1.38
1289966,8,5,13,11-----------,1,16,14,2,89,63,1.16
1289934,9,13,5,11-----------,1,28,10,1,134,68,2.2
1286942,7,8,13,11-----------,1,14,15,5,78,50,1.16
1286869,11,14,16,1-11---------,1,22,13,4,65,36,1.11
1285566,6,13,11,11-1-------1-,1,20,16,4,107,55,1.4
1285524,8,6,13,11-----------,1,18,16,3,109,78,1.27
1284053,8,9,13,------1------,0,,,,,,
1282441,8,7,13,-----1-------,0,,,,,,
1281523,9,11,13,-111---------,1,,,,,,
1281488,9,13,4,-111---------,1,,,,,,
1281447,8,13,10,-1-1---------,1,,,,,,
1281198,6,13,2,-------1-----,0,,,,,,
1278541,10,13,9,-111---------,1,,,,,,
1278501,2,13,9,-111---------,1,,,,,,
1278472,2,6,13,-111---------,1,,,,,,
1275709,8,13,10,--11---------,1,,,,,,
1273673,12,13,1,-------1-----,0,,,,,,
1272234,10,13,10,-1-1---------,1,,,,,,
1271137,11,13,4,-------1-----,0,,,,,,
1271038,10,13,5,-------1-----,0,,,,,,
1269656,7,4,13,--------1----,1,,,,,,
1268362,6,8,13,-------1-----,0,,,,,,
1267985,8,3,13,--------1----,1,,,,,,
1267908,8,13,7,--------1----,1,,,,,,
1267833,7,5,13,------1------,0,,,,,,
1267126,8,13,6,--------1----,1,,,,,,
1266952,8,13,16,--------1----,1,,,,,,
1266622,10,13,6,--------1----,1,,,,,,
1265687,8,13,3,--------1----,1,,,,,,
1265564,10,8,13,11-----------,1,16,17,0,84,38,1.02
1265530,9,5,13,11-----------,1,18,14,3,101,56,1.35
1265495,6,5,13,11-----------,1,18,16,2,105,44,1.25
1265216,7,5,13,--------1----,1,,,,,,
1264958,8,13,11,--------1----,1,,,,,,
1264911,8,13,9,--------1----,1,,,,,,
1264110,8,7,13,-111---------,1,,,,,,
1264059,8,13,5,--------1----,0,,,,,,
1264041,10,13,9,-111---------,1,,,,,,
1263872,8,16,12,--------1----,1,,,,,,
1262924,10,9,13,--------1----,1,,,,,,
1262716,11,13,8,--------1----,1,,,,,,
1262687,8,13,5,--------1----,1,,,,,,
1262592,6,13,9,--------1----,1,,,,,,
1261253,11,11,13,--11---------,1,,,,,,
1260904,8,6,13,--------1----,1,,,,,,
1259850,10,15,15,111----------,1,22,23,7,83,41,1.07
1259806,8,13,7,-----1-------,1,,,,,,
1259779,8,6,13,-----1-------,1,,,,,,
1259305,8,13,7,--------1----,1,,,,,,
1258380,2,13,11,1111---------,1,18,15,2,80,50,1.13
1258331,8,10,13,11-1---------,1,27,15,7,118,70,1.72
1258267,2,2,13,11-----------,1,8,15,4,66,50,0.62
1258242,11,13,2,11-----------,1,15,5,6,107,53,1.82
1256760,6,15,15,-----1-------,1,,,,,,
1256697,7,16,14,-----1-------,1,,,,,,
1256663,8,2,13,-----1-------,1,,,,,,
1255464,7,3,13,11-1---------,1,7,15,1,48,43,0.56
1255421,6,3,13,-----1-------,1,,,,,,
1255385,2,6,13,--------1----,1,,,,,,
1255384,9,7,13,-----1-------,1,,,,,,
1255378,7,9,13,11-1---------,1,4,12,6,30,25,0.38
1255325,9,13,11,11-1---------,1,17,17,1,77,59,1.04
1252497,8,16,13,-----1-------,1,,,,,,
1252441,11,15,15,-----1-------,1,,,,,,
1252415,9,13,2,-----1-------,1,,,,,,
1252375,8,13,11,-----1-------,1,,,,,,
1250965,10,11,13,11-----------,1,21,19,3,93,71,1.23
1249810,7,13,10,1--1-----11--,1,24,13,4,104,42,1.53
1249765,10,6,13,11-1-----11--,1,14,18,5,94,79,1.03
1249681,10,7,13,11-1---------,1,15,15,7,98,60,1.21
1248227,10,16,12,--1----------,1,,,,,,
1246866,9,9,13,11-1---------,1,23,15,4,98,57,1.44
1246823,10,13,8,11-----------,1,25,14,5,101,52,1.75
1246378,10,13,5,--------1----,1,,,,,,
1246344,11,11,13,-----1-------,1,,,,,,
1243973,8,11,13,1-11---------,1,17,17,3,68,24,1.14
1243934,2,13,9,1--1---------,1,20,13,4,71,55,1.38
1242496,11,13,10,1111---------,1,23,13,7,112,70,1.66
1242468,8,3,13,1111---------,1,13,13,4,96,54,1.27
1242432,6,5,13,1111---------,1,17,15,2,78,59,1.23
1242371,8,9,13,-----1-------,1,,,,,,
1242309,2,13,9,-----1-------,1,,,,,,
1242268,8,9,13,-----1-------,0,,,,,,
1242222,9,10,13,-----1-------,0,,,,,,
1240873,7,13,4,--------1----,1,,,,,,
1240834,8,13,6,--------1----,1,,,,,,
1239807,1,13,2,--------1----,0,,,,,,
1237844,8,4,13,-----1-------,0,,,,,,
1237808,1,11,13,-----1-------,0,,,,,,
1236813,2,13,8,1--1---------,1,14,14,5,62,50,1
1236779,9,7,13,1--1---------,1,10,15,4,66,60,0.73
1236308,1,8,13,-----1-------,0,,,,,,
1232113,2,13,11,-1-1----11---,1,,,,,,
1232046,8,15,15,-1-1----11---,1,,,,,,
1230585,10,9,13,1--1----1--1-,1,15,19,2,80,73,0.89
1230528,2,16,13,1--1----11---,1,30,20,9,112,57,1.59
1230448,6,13,10,--------1----,1,,,,,,
1229743,8,13,4,--------1----,1,,,,,,
1229697,10,13,10,--------1----,1,,,,,,
1229209,2,10,13,-----1-------,1,,,,,,
1227932,8,13,3,-----1-------,1,,,,,,
1227681,10,3,13,-----1-------,1,,,,,,
1227646,2,7,13,-----1-------,1,,,,,,
1226887,2,13,9,--------1----,1,,,,,,
1226754,8,13,10,11-1---------,1,23,16,3,92,57,1.44
1226720,10,13,2,11-1---------,1,22,4,4,151,59,2.44
1226150,8,1,13,--------1----,1,,,,,,
1226035,10,6,13,-----------1-,0,,,,,,
1224678,8,16,12,--------1----,1,,,,,,
1223449,10,13,8,--------1----,0,,,,,,
1222305,6,10,13,1111-----1---,1,22,17,3,82,50,1.32
1222250,9,16,12,11-----------,1,28,21,5,106,61,1.47
1222235,8,5,13,--------1----,0,,,,,,
1222207,10,13,8,11-----------,1,22,11,3,103,59,1.63
1222167,10,7,13,-----1-------,1,,,,,,
1222123,9,13,11,-----1-------,1,,,,,,
1222098,8,13,0,--------1----,0,,,,,,
1222091,2,5,13,-----1-------,0,,,,,,
1222060,6,1,13,--------1----,0,,,,,,
1221949,8,7,13,--------1----,0,,,,,,
1221920,8,6,13,--------1----,0,,,,,,
1221851,8,13,6,--------1----,0,,,,,,
1220473,6,9,13,------1------,0,,,,,,
1220357,6,13,9,------------1,1,,,,,,
1219548,10,13,8,1111---------,1,18,12,5,71,67,1.38
1219505,2,10,13,1111---------,1,23,15,4,98,57,1.58
1219454,8,6,13,11-1---------,1,11,15,1,60,55,0.69
1218075,9,13,10,1111---------,1,26,19,4,108,46,1.61
1218021,2,11,13,11-----------,1,16,16,5,76,56,1.04
1217977,6,11,13,11-----------,1,20,18,4,89,70,1.24
1215861,9,13,3,-----------1-,1,,,,,,
1215825,6,13,8,-----------1-,1,,,,,,
1215106,9,13,1,-----1-------,0,,,,,,
1215072,6,4,13,-----1-------,0,,,,,,
1208957,8,13,4,-----1-------,0,,,,,,
1207869,2,13,10,11-----------,1,19,13,2,73,42,1.23
1207837,8,13,1,11-----------,1,22,3,2,128,41,2.47
1207566,8,13,3,-----1-------,0,,,,,,
1207531,6,13,7,-----1-------,0,,,,,,
1207133,11,11,13,-----------1-,0,,,,,,
1202170,2,11,13,11-1---------,1,23,17,4,79,78,1.31
1199129,9,10,13,-----------1-,0,,,,,,
1197808,10,11,13,11-1---------,1,20,16,7,99,55,1.39
1197761,2,16,14,11-1---------,1,22,19,6,80,50,1.18
1197714,10,13,2,11-1---------,1,15,6,5,100,27,1.76
1196158,7,13,7,1------------,1,19,12,6,92,47,1.59
1194835,8,13,3,1------------,1,12,8,7,94,33,1.44
1193145,8,16,14,------1------,0,,,,,,
1192079,10,13,8,-----1-------,1,,,,,,
1192047,2,13,5,-----1-------,1,,,,,,
1192029,10,3,13,1111---------,1,7,13,1,53,71,0.64
1192013,9,6,13,-----1-------,1,,,,,,
1191990,2,8,13,111----------,1,19,17,6,105,42,1.34
1191937,9,13,5,-111---------,1,,,,,,
1191775,8,16,19,-----1-------,0,,,,,,
1190438,8,13,9,-----1-------,0,,,,,,
1190195,6,9,13,11-1--1------,1,19,18,3,91,58,1.15
1190156,8,6,13,1--1--1------,1,14,13,1,83,50,1.11
1190101,2,14,16,1--1--1------,1,22,22,5,65,36,1.02
1189329,8,10,13,1111---------,1,16,18,7,82,38,1.02
1189289,9,13,7,1111---------,1,19,13,6,104,58,1.49
1189233,10,16,14,1111---------,1,24,19,7,78,58,1.3
1189206,8,3,13,1111---------,1,9,14,3,83,33,0.87
1188798,9,13,4,--1----------,1,,,,,,
1187759,9,5,13,1-11---------,1,13,14,4,81,62,1
1187719,10,13,7,1-11---------,1,26,8,3,130,46,2.07
1187658,6,3,13,-----1-------,1,,,,,,
1187606,8,13,8,-----1-------,0,,,,,,
1186349,6,13,11,-----1-------,0,,,,,,
1186303,6,13,9,-----1-------,0,,,,,,
1186277,9,13,8,11-----------,1,23,14,5,90,48,1.57
1186260,2,13,4,-----1-------,0,,,,,,
1186177,6,13,9,-----1-------,0,,,,,,
1185909,12,7,13,-----------1-,0,,,,,,
1185882,12,4,13,-----------1-,0,,,,,,
1185847,12,9,13,-----------1-,0,,,,,,
1181943,8,6,13,-----1-------,1,,,,,,
1181894,9,13,11,-----1-------,1,,,,,,
1181874,8,4,13,11-1---------,1,9,15,1,72,67,0.76
1180581,9,13,8,-1-1---------,1,,,,,,
1180446,9,13,2,11-----------,1,12,7,4,94,58,1.52
1180410,8,13,10,-------1-----,0,,,,,,
1180163,10,11,13,11-----------,1,16,22,10,87,69,1
1177727,6,13,8,--11---------,1,,,,,,
1177689,10,7,13,--11---------,1,,,,,,
1176253,6,12,16,-----1-------,1,,,,,,
1176176,6,13,9,-----1-------,0,,,,,,
1176133,10,13,5,-----1-------,0,,,,,,
1175994,9,5,13,-----------1-,1,,,,,,
1174600,8,9,13,-----1-------,0,,,,,,
1174557,10,14,16,------------1,0,,,,,,
1173331,6,11,13,-----1-------,0,,,,,,
1173289,6,13,6,-----1-------,0,,,,,,
1173217,2,8,13,1--1---------,1,17,17,2,69,47,1.16
1173152,9,11,13,-----1-------,0,,,,,,
1173115,8,9,13,-----1-------,0,,,,,,
1171935,10,6,13,11-1---------,1,17,14,2,88,71,1.28
1171901,8,13,7,11-1---------,1,19,8,5,104,74,1.66
1171892,6,13,11,-----1-------,1,,,,,,
1171855,11,13,7,11-1---------,1,15,13,4,71,80,1.09
1171853,2,13,10,-----1-------,1,,,,,,
1171824,11,3,13,-----1-------,0,,,,,,
1171815,2,13,8,-111---------,1,,,,,,
1171776,9,9,13,-111---------,1,,,,,,
1171745,8,16,14,-----1-------,0,,,,,,
1171560,8,13,8,-----1-------,0,,,,,,
1171474,8,13,11,-----1-------,0,,,,,,
1170282,10,16,14,-----1-------,0,,,,,,
1170052,6,13,9,-----1-------,0,,,,,,
1169991,8,11,13,1--1---------,1,23,18,5,103,70,1.46
1169209,8,13,9,-----1-------,0,,,,,,
1169174,9,13,6,-----1-------,0,,,,,,
1169150,9,7,13,1111---------,1,24,16,4,125,46,1.65
1169096,8,14,16,1111---------,1,33,20,3,92,30,1.46
1169067,2,13,3,11-1---------,1,14,11,5,93,57,1.52
1169035,8,13,5,11-1---------,1,11,10,1,58,55,0.9
1168558,6,13,6,-----1-------,1,,,,,,
1168540,8,13,16,-----------1-,1,,,,,,
1167436,8,10,13,1------------,0,22,15,5,92,59,1.44
1166155,2,13,11,-----1-------,0,,,,,,
1166110,11,11,13,-----1-------,0,,,,,,
1165744,10,5,13,-----------1-,1,,,,,,
1165701,6,13,3,-----------1-,1,,,,,,
1164476,10,11,13,1------------,1,17,17,8,86,41,1.13
1164364,6,13,11,-----1-------,0,,,,,,
1161839,8,1,13,-----1-------,0,,,,,,
1161666,2,13,8,111----------,1,17,14,6,89,65,1.39
1161617,2,10,13,-11----------,1,,,,,,
1161473,7,5,13,-1-----------,1,,,,,,
1160085,8,13,8,11-------1---,1,15,14,6,97,67,1.23
1160040,7,9,13,11-------1---,1,19,15,4,87,58,1.14
1159120,7,13,9,11-1---------,1,24,17,2,103,33,1.5
1159081,9,13,7,11-1---------,1,15,12,4,76,67,1.21
1158942,8,11,13,-----1-------,0,,,,,,
1158794,2,8,13,-----1-------,0,,,,,,
1158752,9,13,8,-----1-------,0,,,,,,
1158686,9,13,11,111----------,1,23,16,8,113,61,1.46
1158588,7,19,16,-----1-------,0,,,,,,
1158576,8,13,5,-11----------,1,,,,,,
1158518,11,10,13,-----1-------,0,,,,,,
1158509,6,7,13,-11----------,1,,,,,,
1158478,9,3,13,-11--------1-,1,,,,,,
1157546,2,4,13,-----1-------,0,,,,,,
1157453,6,13,11,-----1-------,0,,,,,,
1157390,8,7,13,-----1-------,0,,,,,,
1157274,6,6,13,-----1-------,0,,,,,,
1157189,8,13,2,-----1-------,0,,,,,,
1157139,6,4,13,-----1-------,0,,,,,,
1157061,9,13,9,-----1-------,0,,,,,,
1156873,9,2,13,-----------1-,1,,,,,,
1156131,6,8,13,--1----------,0,,,,,,
1156081,6,11,13,-----1-------,1,,,,,,
1155889,6,12,16,-----1-------,0,,,,,,
1155847,8,7,13,-----1-------,0,,,,,,
1155778,2,9,13,-----1-------,0,,,,,,
1155657,10,13,6,-----1-------,0,,,,,,
1155599,7,13,10,-----1-------,0,,,,,,
1155534,9,9,13,-----------1-,1,,,,,,
1155508,1,5,13,-----------1-,0,,,,,,
1155490,1,13,1,-----------1-,0,,,,,,
1154753,6,16,14,--1----------,1,,,,,,
1154711,7,13,6,--1----------,1,,,,,,
1154676,2,13,8,--1----------,1,,,,,,
1154616,10,14,16,--1----------,1,,,,,,
1154601,8,13,5,-----1-------,0,,,,,,
1154508,6,13,8,-----1-------,0,,,,,,
1154462,8,7,13,-----1-------,0,,,,,,
1154411,6,13,10,-----1-------,1,,,,,,
1154309,6,13,6,-----1-------,1,,,,,,
1154273,2,13,6,-----1-------,1,,,,,,
1154206,8,11,13,-----1-------,0,,,,,,
1154149,7,16,12,-----1-------,0,,,,,,
1153276,6,10,13,--1----------,0,,,,,,
1153236,6,11,13,--1----------,0,,,,,,
1152992,6,7,13,-----1-------,0,,,,,,
1152802,7,7,13,-----1-------,0,,,,,,
1152729,6,22,19,-----1-------,0,,,,,,
1152531,7,13,6,-----1-------,0,,,,,,
1151811,6,8,13,-----1-------,0,,,,,,
1151672,6,14,16,-----1-------,0,,,,,,
1151636,9,13,2,-----1-------,0,,,,,,
1151561,11,9,13,11-----------,1,20,17,4,89,55,1.24
1151532,8,6,13,-----1-------,0,,,,,,
1151509,9,13,16,11-----------,1,28,20,5,102,46,1.38
1151305,8,13,10,-----1-------,0,,,,,,
1151260,6,13,9,-----1-------,0,,,,,,
1151084,9,9,13,-----1-------,0,,,,,,
1150313,8,11,13,-----1-------,0,,,,,,
1150222,8,13,9,-----1-------,0,,,,,,
1149897,8,9,13,111----------,1,15,18,8,89,47,1.11
1149894,8,13,11,-----1-------,0,,,,,,
1149867,11,6,13,111----------,1,12,13,2,82,58,0.83
1149853,6,13,9,-----1-------,0,,,,,,
1149015,7,0,13,-111---------,1,,,,,,
1148997,8,0,13,-----1-------,0,,,,,,
1148975,8,0,13,-----1-------,0,,,,,,
1148964,7,16,12,-111---------,1,,,,,,
1148918,10,13,11,-111---------,1,,,,,,
1148788,9,3,13,-----1-------,0,,,,,,
1148743,6,9,13,-----1-------,0,,,,,,
1148649,2,13,11,-----1-------,0,,,,,,
1148484,6,13,2,-----1-------,0,,,,,,
1148383,7,10,13,-1-----------,1,,,,,,
1147412,6,9,13,11-----------,1,9,18,9,64,67,0.69
1147379,7,13,2,11-----------,1,13,7,4,104,92,1.51
1146970,9,11,13,-----1-------,0,,,,,,
1146063,8,11,13,-----1-------,0,,,,,,
1146024,6,5,13,-----1-------,0,,,,,,
1145907,6,16,14,-----1-------,0,,,,,,
1145864,6,13,5,-----1-------,0,,,,,,
1145820,8,13,11,-----1-------,0,,,,,,
1144505,6,8,13,-----1-------,0,,,,,,
1144403,8,13,11,-----1-------,0,,,,,,
1144355,8,16,12,-----1-------,0,,,,,,
1144306,8,3,13,-----1-------,0,,,,,,
1142991,6,11,13,-----------1-,1,,,,,,
1142962,6,13,3,-----------1-,1,,,,,,
1142894,8,13,7,-----1-------,0,,,,,,
1141764,7,13,8,-----1-------,0,,,,,,
1141712,8,16,13,-----1-------,0,,,,,,
1141669,9,13,9,-----1-------,0,,,,,,
1141666,8,7,13,-111---------,1,,,,,,
1141609,9,13,6,1111---------,1,18,9,3,102,56,1.55
1141571,2,13,7,111----------,1,19,12,3,102,42,1.5
1141546,8,15,15,-----------1-,1,,,,,,
1141523,6,8,13,11-1---------,1,31,15,3,141,58,2.09
1141522,9,13,11,--1----------,1,,,,,,
1141516,9,13,3,-----------1-,1,,,,,,
1140087,7,13,6,------------1,1,,,,,,
1138942,10,8,13,11-1---------,1,21,15,5,97,52,1.48
1138910,6,13,4,11-1---------,1,12,6,3,57,50,1.38
1138885,2,13,2,11-1---------,1,22,4,1,129,50,2.3
1138635,6,13,16,-----1-------,0,,,,,,
1138578,8,15,15,11-----------,1,23,23,5,89,65,1.11
1137151,8,13,9,-----1-------,0,,,,,,
1137051,6,13,11,-----1-------,0,,,,,,
1136893,6,13,11,-----1-------,0,,,,,,
1136835,6,2,13,-----------1-,1,,,,,,
1135857,9,13,8,-----1-------,0,,,,,,
1135779,2,9,13,-----1-------,0,,,,,,
1135752,8,7,13,-----------1-,1,,,,,,
1135718,8,13,7,-----1-------,0,,,,,,
1135658,9,8,13,-----1-------,1,,,,,,
1135624,8,13,4,-----1-------,1,,,,,,
1135577,8,5,13,-----------1-,1,,,,,,
1134383,6,13,6,-----1-------,0,,,,,,
1134309,6,13,10,-----1-------,1,,,,,,
1134302,6,13,4,-----------1-,1,,,,,,
1134280,6,13,2,-----1-------,1,,,,,,
1134057,10,7,13,--1----------,1,,,,,,
1133046,6,10,13,--1----------,1,,,,,,
1132989,10,14,16,--1----------,1,,,,,,
1132953,6,13,4,-----1-------,0,,,,,,
1132919,9,13,3,-----1-------,0,,,,,,
1132892,6,13,10,-----------1-,1,,,,,,
1132867,6,11,13,-----1-------,0,,,,,,
1132819,6,13,4,-----1-------,0,,,,,,
1132813,10,13,11,1------------,1,15,14,6,77,47,1.02
1132646,8,7,13,-----1-------,0,,,,,,
1132603,8,9,13,-----1-------,0,,,,,,
1132541,7,13,16,-----1-------,0,,,,,,
1131518,2,13,11,-----1-------,0,,,,,,
1131475,6,8,13,-----------1-,1,,,,,,
1131448,11,0,13,1111---------,1,8,13,3,93,38,0.84
1131432,9,13,10,-----------1-,1,,,,,,
1131407,8,13,11,-----1-------,0,,,,,,
1131359,7,13,7,-----1-------,0,,,,,,
1131320,8,13,6,-----1-------,0,,,,,,
1131287,9,13,7,11-----------,1,17,13,5,91,59,1.36
1131257,12,4,13,------------1,0,,,,,,
1131244,2,13,11,11-1---------,1,27,19,5,115,56,1.56
1131137,8,16,12,-----1-------,0,,,,,,
1131120,2,10,13,------------1,0,,,,,,
1131107,8,13,4,-----1-------,0,,,,,,
1131093,6,6,13,------------1,0,,,,,,
1130932,8,13,7,-----1-------,0,,,,,,
1130252,8,13,16,-----1-------,0,,,,,,
1130215,6,13,4,-----1-------,0,,,,,,
1130155,8,16,14,111----------,1,36,20,8,130,33,1.76
1130111,8,15,15,-----------1-,1,,,,,,
1130071,9,9,13,-----------1-,1,,,,,,
1129951,6,4,13,-----1-------,0,,,,,,
1129817,6,13,3,-----1-------,0,,,,,,
1129731,6,13,9,-----1-------,0,,,,,,
1129654,7,8,13,-----1-------,0,,,,,,
1129435,8,8,13,-----1-------,0,,,,,,
1128915,6,13,6,-----1-------,0,,,,,,
1128871,8,13,10,-----1-------,0,,,,,,
1128808,2,4,13,-1-1---------,1,,,,,,
1128790,6,13,3,-----1-------,0,,,,,,
1128753,6,13,2,-----1-------,0,,,,,,
1128701,7,5,13,-----1-------,0,,,,,,
1128581,8,16,12,11-----------,1,27,16,8,103,52,1.56
1128520,2,9,13,-----1-------,1,,,,,,
1128471,8,11,13,-----1-------,1,,,,,,
1128461,2,13,9,1-1----------,1,15,14,8,84,53,1.22
1128429,6,13,8,-----1-------,1,,,,,,
1128309,10,13,5,-----1-------,0,,,,,,
1128269,9,13,7,-----1-------,0,,,,,,
1128066,6,6,13,-----1-------,0,,,,,,
1127061,6,13,2,-----1-------,1,,,,,,
1127013,9,16,13,-----1-------,1,,,,,,
1126978,8,4,13,-----1-------,1,,,,,,
1126937,8,13,7,-----1-------,1,,,,,,
1126897,8,13,8,-----1-------,0,,,,,,
1126849,7,13,3,-----1-------,0,,,,,,
1126798,9,13,6,--1----------,1,,,,,,
1126791,9,16,14,-----1-------,0,,,,,,
1126623,8,14,16,-----1-------,1,,,,,,
1125986,8,13,10,-----1-------,1,,,,,,
1125950,6,13,7,-----1-------,1,,,,,,
1125842,8,6,13,-----1-------,1,,,,,,
1125781,7,16,14,-----1-------,1,,,,,,
1125717,8,10,13,-----1-------,1,,,,,,
1125712,6,8,13,-----------1-,1,,,,,,
1125679,2,6,13,-----------1-,1,,,,,,
1125664,6,13,5,-----1-------,1,,,,,,
1125638,8,10,13,-----------1-,1,,,,,,
1125625,2,13,8,-----1-------,1,,,,,,
1125605,7,2,13,1------------,1,6,14,4,60,50,0.48
1125207,8,8,13,-----1-------,1,,,,,,
1124454,2,8,13,--1----------,0,,,,,,
1124424,6,13,7,--1----------,0,,,,,,
1124402,9,13,8,-----1-------,1,,,,,,
1124387,7,4,13,--1----------,1,,,,,,
1124363,8,2,13,-----1-------,1,,,,,,
1124351,8,13,4,--1----------,1,,,,,,
1124323,6,13,10,-----1-------,1,,,,,,
1124279,6,13,10,-----1-------,1,,,,,,
1124227,8,3,13,-----1-------,0,,,,,,
1124176,8,13,9,-----1-------,1,,,,,,
1124160,8,13,2,1------------,1,17,6,2,92,41,1.83
1124104,7,13,8,-----1-------,1,,,,,,
1122920,8,6,13,--------1----,0,,,,,,
1121539,10,13,8,1111---------,1,15,12,2,64,67,1.19
1121509,8,13,6,1111---------,1,21,11,2,99,57,1.66
1121478,9,6,13,1111---------,1,16,18,5,93,44,1.12
1121427,8,5,13,-----1-------,1,,,,,,
1121296,8,13,2,------------1,1,,,,,,
1121117,9,4,13,-----1-------,0,,,,,,
1120901,9,13,6,------------1,1,,,,,,
1120130,2,13,9,-----1-------,1,,,,,,
1120099,8,13,4,-----1-------,1,,,,,,
1119924,8,11,13,-----1-------,0,,,,,,
1119861,7,13,11,11-----------,1,32,15,9,124,69,1.93
1118648,6,7,13,11-----------,1,16,16,3,84,69,1.09
1118593,10,8,13,11-----------,1,21,15,7,104,57,1.48
1118431,6,11,13,-----1-------,1,,,,,,
1118394,8,13,8,-----1-------,1,,,,,,
1118162,9,13,9,-----1-------,0,,,,,,
1116974,6,17,19,-----1-------,0,,,,,,
1116762,6,13,11,-----1-------,0,,,,,,
1115608,2,16,14,-----1-------,1,,,,,,
1115555,6,13,9,-----1-------,1,,,,,,
1115503,10,13,8,------------1,1,,,,,,
1115393,7,13,9,-----1-------,1,,,,,,
1115358,9,13,6,-----1-------,1,,,,,,
1114304,7,13,1,-----1-------,1,,,,,,
1114284,6,16,14,----1--------,0,,,,,,
1114184,7,6,13,-----------1-,1,,,,,,
1113844,2,10,13,-----1-------,1,,,,,,
1112901,7,13,11,--1----------,0,,,,,,
1112653,8,13,3,1------------,1,18,10,4,108,61,1.63
1112395,6,7,13,-----1-------,1,,,,,,
1111508,9,8,13,1111---------,1,15,18,5,83,60,1.11
1111458,2,9,13,1111---------,1,20,16,6,100,40,1.31
1111446,8,4,13,------1------,0,,,,,,
1111408,6,13,10,------1------,0,,,,,,
1109752,2,0,13,------------1,1,,,,,,
1109498,7,13,3,------1------,0,,,,,,
1109461,8,11,13,------1------,0,,,,,,
1108756,11,13,6,111----------,1,13,12,4,77,46,1.09
1108532,6,13,6,11-----------,1,17,12,3,98,53,1.41
1108490,8,13,7,11---------1-,1,17,9,6,95,35,1.48
1108297,6,15,15,-----1-------,1,,,,,,
1108164,6,15,15,-----------1-,0,,,,,,
1106699,10,13,7,-----------1-,0,,,,,,
1105727,8,7,13,-----1-------,1,,,,,,
1105659,7,13,7,11-----------,1,,,,,,
1105620,11,10,13,11-----------,1,18,18,8,86,72,1.21
1104078,2,13,6,11-----------,1,17,14,7,83,47,1.29
1104045,8,6,13,11---------1-,1,20,13,3,100,65,1.53
1102845,8,8,13,1-1----------,1,13,19,4,71,46,0.75
1102820,2,4,13,1-1----------,1,12,16,1,87,92,0.85
1102431,10,13,1,------1------,0,,,,,,
1101354,9,13,9,-111---------,1,,,,,,
1100932,6,3,13,-----1-------,1,,,,,,
1099793,10,4,13,------------1,1,,,,,,
1099784,8,13,7,-----1-------,1,,,,,,
1099718,10,2,13,------------1,1,,,,,,
1099678,6,3,13,-----1-------,0,,,,,,
1099508,9,8,13,1--1---------,1,24,14,3,99,63,1.66
1099457,7,10,13,11-----------,1,29,16,3,123,31,1.77
1098271,2,13,3,-----1-------,1,,,,,,
1097153,8,8,13,--1----------,0,,,,,,
1097119,7,4,13,--1----------,0,,,,,,
1097095,6,5,13,--1----------,0,,,,,,
1096848,8,13,9,1------------,1,19,17,5,101,53,1.25
1095630,10,13,10,--11---------,1,,,,,,
1095601,2,1,13,--11---------,1,,,,,,
1091287,8,10,13,------1------,0,,,,,,
1091247,7,5,13,111----------,1,14,13,6,93,57,1.18
1091193,2,16,14,111----------,1,37,22,7,127,41,1.83
1091083,9,13,10,1-11---------,1,16,17,1,59,38,0.88
1091079,10,9,13,------------1,1,,,,,,
1091061,12,13,9,------1------,0,,,,,,
1091042,6,8,13,1-11---------,1,22,15,6,117,64,1.56
1089624,2,8,13,-----1-------,1,,,,,,
1088377,7,2,13,------1------,0,,,,,,
1088336,8,13,7,------1------,0,,,,,,
1088117,7,13,5,------------1,1,,,,,,
1088079,2,6,13,------------1,1,,,,,,
1085480,8,13,7,-----1-------,0,,,,,,
1085444,11,7,13,-----1-------,0,,,,,,
1081216,7,10,13,1111---------,1,18,15,6,114,50,1.33
1081168,11,6,13,1111---------,1,0,1,0,0,0,0.03
1081136,2,13,7,1111---------,1,26,9,5,118,46,2.05
1081008,8,7,13,1-1----------,1,8,18,9,69,88,0.64
1079581,8,13,6,-----1-------,1,,,,,,
1079543,10,8,13,-----1-------,1,,,,,,
1079503,2,13,11,-----1-------,1,,,,,,
1079485,7,13,3,---------1---,0,,,,,,
1078454,7,13,8,-----1-------,1,,,,,,
1078412,8,11,13,-----1-------,1,,,,,,
1078406,7,10,13,------1------,0,,,,,,
1078369,2,13,10,------1------,0,,,,,,
1078264,2,13,8,11-----------,1,11,13,4,57,36,0.92
1078237,11,13,2,11-----------,1,23,5,4,145,43,2.39
1078113,2,6,13,1----1-------,1,22,14,0,97,59,1.41
1078048,9,13,9,1-1----------,1,25,13,4,108,60,1.73
1077014,10,9,13,------------1,0,,,,,,
1076703,6,9,13,1------------,1,12,14,3,63,25,0.81
1076666,8,13,6,1------------,1,18,10,3,86,67,1.55
1075553,9,11,13,-----1-------,0,,,,,,
1075506,8,13,11,-----1-------,0,,,,,,
1075360,11,13,7,-----1-------,0,,,,,,
1073603,7,13,11,-----1-------,1,,,,,,
1071129,9,11,13,1111---------,1,22,17,6,103,45,1.3
1071100,10,13,9,-----1-------,1,,,,,,
1071088,8,13,10,1111---------,1,27,13,3,107,52,1.77
1071086,6,13,10,------1------,0,,,,,,
1071069,6,13,7,-----1-------,1,,,,,,
1071038,2,13,4,-----1-------,1,,,,,,
1071037,10,10,13,------1------,0,,,,,,
1070997,8,5,13,1111-------1-,1,18,15,6,128,44,1.5
1070762,8,13,5,-----1-------,1,,,,,,
1070723,9,13,8,-----1-------,1,,,,,,
1069688,7,13,4,------1------,0,,,,,,
1069654,8,6,13,------1------,0,,,,,,
1069399,10,13,10,1--1---------,1,22,14,6,84,23,1.44
1069345,11,13,10,111----------,1,20,16,7,97,60,1.36
1069195,6,13,11,-----1-------,1,,,,,,
1068478,8,13,7,-111---------,1,,,,,,
1068434,2,11,13,-111---------,1,,,,,,
1068403,7,5,13,-----1-------,1,,,,,,
1068399,9,13,7,-111---------,1,,,,,,
1068356,10,6,13,-11--------1-,1,,,,,,
1068348,8,13,16,-----1-------,1,,,,,,
1068273,6,3,13,-111-------1-,1,,,,,,
1068242,6,13,4,-111-------1-,1,,,,,,
1068239,6,7,13,------1------,0,,,,,,
1068204,8,13,4,------1------,0,,,,,,
1068038,6,1,13,11-----------,1,12,13,1,75,25,1.03
1067992,6,11,13,--1----------,1,,,,,,
1067920,10,16,14,-----------1-,0,,,,,,
1067851,6,9,13,--1----------,1,,,,,,
1067798,2,13,6,------1------,0,,,,,,
1067788,8,9,13,--1----------,1,,,,,,
1067746,8,13,11,-----1-------,1,,,,,,
1067582,6,10,13,--1----------,1,,,,,,
1066973,9,13,6,-----1-------,1,,,,,,
1066938,2,13,6,-----1-------,0,,,,,,
1066896,7,11,13,-----1-------,0,,,,,,
1066797,8,9,13,1111---------,1,26,17,5,115,54,1.67
1066756,6,8,13,1111---------,1,13,16,2,65,77,0.9
1066713,7,6,13,1111---------,1,19,15,4,112,53,1.47
1066526,7,16,14,-----1-------,0,,,,,,
1066433,6,13,16,-----1-------,0,,,,,,
1066402,6,13,5,-----1-------,0,,,,,,
1066329,7,11,13,-----1-------,0,,,,,,
1066301,6,1,13,------1------,0,,,,,,
1066298,6,5,13,-----1-------,0,,,,,,
1065297,6,11,13,-----------1-,0,,,,,,
1065270,8,8,13,------1------,0,,,,,,
1065256,9,13,10,-----------1-,0,,,,,,
1065098,8,13,10,-----1-------,0,,,,,,
1064946,8,16,14,-----1-------,0,,,,,,
1063875,6,6,13,1111---------,1,11,14,3,66,36,0.86
1063832,8,10,13,-----------1-,0,,,,,,
1063831,11,11,13,1111---------,1,29,17,3,110,41,1.59
1063817,11,10,13,------------1,0,,,,,,
1063756,6,7,13,111----------,1,15,16,3,84,53,1.05
1063719,2,7,13,111----------,1,13,16,2,79,62,0.91
1063692,6,13,3,-----1-------,0,,,,,,
1063645,9,11,13,-----1-------,0,,,,,,
1063490,8,10,13,------1------,0,,,,,,
1062494,10,6,13,1-11--1----1-,1,16,15,3,86,75,1.32
1062453,11,13,11,1-11---------,1,18,16,9,93,61,1.18
1062428,9,13,5,1-11---------,1,14,10,2,85,71,1.34
1062389,6,13,8,1-11---------,1,17,10,4,91,47,1.42
1062016,6,14,16,-----1-------,0,,,,,,
1061970,9,11,13,-----1-------,0,,,,,,
1061057,9,13,11,1-11---------,1,20,18,7,96,70,1.27
1061023,10,13,4,1-11---------,1,18,7,5,101,44,1.85
1060980,10,9,13,1-11-------1-,1,18,14,4,75,44,1.29
1060944,6,7,13,-----1-------,0,,,,,,
1060821,10,3,13,-111---------,1,,,,,,
1060790,11,4,13,-111---------,1,,,,,,
1059343,10,3,13,1-11---------,1,19,13,2,118,63,1.65
1059315,9,13,3,1-1----------,1,22,7,2,131,59,2.14
1059287,8,2,13,1-1----------,1,10,13,2,67,80,0.85
1058297,9,9,13,1111---------,1,17,19,5,76,65,1.11
1058258,11,13,10,1111---------,1,29,15,8,145,69,1.98
1058203,10,6,13,1111---------,1,25,15,2,132,52,1.84
1058167,10,13,7,11-1---------,1,12,12,8,80,58,1.11
1058137,2,13,3,11-----------,0,7,10,3,59,43,0.96
1057883,9,13,8,------------1,0,,,,,,
1057750,7,8,13,------------1,0,,,,,,
1056741,2,13,16,------1------,0,,,,,,
1056680,6,4,13,1111---------,0,13,12,1,67,69,0.92
1056654,9,1,13,1111---------,0,6,14,1,53,67,0.39
1056619,10,7,13,1-1----------,0,14,15,7,92,64,1.04
1055320,2,4,13,--11---------,0,,,,,,
1055283,6,4,13,--11---------,1,,,,,,
1055240,10,7,13,--11---------,1,,,,,,
1055181,7,1,13,-111---------,0,,,,,,
1054855,8,13,4,-----1-------,0,,,,,,
1053862,8,13,10,----1--------,0,,,,,,
1053844,6,10,13,1-11---------,0,15,16,4,83,73,1.02
1053814,10,13,4,1-11---------,0,16,10,3,90,38,1.52
1053756,6,13,10,--11---------,1,,,,,,
1053728,6,2,13,--11---------,0,,,,,,
1052398,8,13,5,------1------,0,,,,,,
1052345,6,12,16,-111---------,0,,,,,,
1052308,6,13,8,1-11---------,0,14,10,4,70,36,1.19
1050960,6,9,13,1111---------,0,23,13,2,110,61,1.58
1050919,8,7,13,1111---------,0,16,14,2,90,31,1.16
1050885,8,8,13,-111---------,0,,,,,,
1050816,10,6,13,-------1-----,0,,,,,,
1050769,7,13,9,-------1-----,0,,,,,,
1050692,8,11,13,-----1-------,0,,,,,,
1049723,10,9,13,------------1,0,,,,,,
1049419,7,7,13,-----1-------,0,,,,,,
1049410,9,13,11,11-1---------,0,29,15,3,129,72,1.79
1049377,9,13,8,-----1-------,0,,,,,,
1049233,8,3,13,------------1,0,,,,,,
1049140,9,7,13,11-----------,0,14,15,4,78,64,1.09
1048296,6,13,10,1-1----------,0,20,15,6,85,75,1.34
1048097,10,7,13,111----------,0,12,15,3,67,67,0.93
1048044,9,3,13,111----------,0,10,15,2,66,40,0.6
1047997,10,5,13,1-11---------,0,16,14,5,102,63,1.26
1047830,8,4,13,1-1----------,0,8,15,2,62,63,0.69
1047620,2,5,13,------1------,0,,,,,,
1047592,8,3,13,------1------,0,,,,,,
1046638,9,9,13,--11---------,0,,,,,,
1046585,6,13,11,--11---------,0,,,,,,
1046293,7,8,13,------------1,0,,,,,,
1045287,10,6,13,------------1,0,,,,,,
1045277,9,13,7,1111---------,0,18,17,6,99,39,1.29
1045252,8,13,4,------------1,0,,,,,,
1045233,10,13,7,1111---------,0,24,12,7,134,54,1.84
1045195,6,13,8,1111---------,0,19,9,1,78,63,1.5
1045138,6,7,13,--1----------,0,,,,,,
1045068,6,13,8,-----------1-,0,,,,,,
1043781,10,13,10,1111---------,0,21,15,5,102,43,1.4
1043674,8,12,16,-111---------,0,,,,,,
1042331,6,3,13,1111---------,0,15,14,1,103,53,1.11
1042211,6,16,13,1111---------,1,33,19,10,126,73,1.8
1040925,9,13,11,11-1---------,1,20,18,9,100,70,1.33
1040890,6,13,6,1111---------,1,18,9,3,86,50,1.54
1040849,3,13,11,1111---------,1,31,16,4,125,58,1.64
1040796,8,10,13,1-11---------,1,18,17,5,101,50,1.14
1040795,8,8,13,------1------,0,,,,,,
1040750,8,5,13,1-11---------,1,17,15,2,104,59,1.27
1039422,9,6,13,-----1-------,1,,,,,,
1039291,6,13,7,11-1---------,1,28,12,7,144,50,2.08
1039210,11,5,13,11-----------,1,7,16,7,64,57,0.74
1039001,9,16,13,111----------,1,34,19,7,117,59,1.82
1038960,6,9,13,111----------,1,19,16,6,97,53,1.26
1038177,2,5,13,1111---------,1,14,15,3,93,71,1.18
1038149,8,3,13,1111---------,1,7,15,3,56,86,0.51
1038120,11,3,13,1111--------1,1,11,14,3,85,55,1.04
1038070,6,3,13,1111--------1,1,14,14,5,102,43,1.13
1038066,7,13,4,-----1-------,1,,,,,,
1038034,8,13,9,-----1-------,1,,,,,,
1038028,8,13,9,111----------,1,14,15,5,74,21,1.18
1037990,9,13,8,111----------,1,19,15,9,99,26,1.53
1037888,3,13,6,------1------,0,,,,,,
1037859,6,3,13,------1------,0,,,,,,
1037799,8,13,9,11-----------,1,24,13,7,97,54,1.61
1037738,6,4,13,111----------,1,15,14,2,93,60,1.22
1036577,2,10,13,-11----------,1,,,,,,
1036548,2,13,9,-----1-------,1,,,,,,
1035135,9,13,11,1111---------,1,17,18,8,80,29,1.24
1035123,8,13,6,-----1-------,0,,,,,,
1035087,6,13,11,1111---------,1,12,19,11,83,42,0.91
1035075,8,11,13,-----1-------,0,,,,,,
1035032,3,6,13,1-11---------,1,11,14,5,63,73,0.9
1035012,6,10,13,-----------1-,1,,,,,,
1034991,9,8,13,1-11--------1,1,20,17,5,96,65,1.24
1033807,6,13,6,--1---------1,1,,,,,,
1033773,8,5,13,--1---------1,1,,,,,,
1033716,11,16,14,-11---------1,1,,,,,,
1033673,9,13,9,111---------1,1,19,12,6,109,63,1.43
1033625,6,13,7,111----------,1,20,15,4,108,30,1.48
1032230,2,13,4,111--------1-,1,18,7,5,110,56,1.88
1032222,3,13,6,-----1-------,0,,,,,,
1032188,3,11,13,111--------11,1,21,17,4,93,86,1.31
1032152,9,13,6,111----------,1,21,12,7,125,57,1.82
1030805,3,13,7,111----------,1,21,13,6,115,52,1.65
1030775,6,7,13,111----------,1,24,15,4,123,58,1.63
1030737,11,13,9,111----------,1,21,13,5,108,43,1.51
1030569,2,13,11,-----1-------,1,,,,,,
1029252,6,16,14,-----------1-,1,,,,,,
1029212,6,13,11,-----------1-,1,,,,,,
1029137,2,8,13,11----1----11,1,15,14,2,67,47,0.97
1029084,11,15,15,11----1-----1,1,28,19,5,87,46,1.35
1029001,8,14,16,11----1------,1,31,20,4,98,55,1.57
1028944,8,14,16,11-----------,1,22,23,8,81,41,1.07
1028902,6,13,7,11-----------,1,21,16,6,119,57,1.47
1028072,7,10,13,111----------,1,26,14,4,118,54,1.66
1028033,3,9,13,111----------,1,,,,,,
1027965,11,13,6,1111---------,1,14,7,2,79,64,1.31
1026549,8,7,13,------1------,1,,,,,,
1026500,9,11,13,1-1----------,1,25,17,3,98,60,1.5
1026439,9,13,10,------1------,1,,,,,,
1026407,7,13,5,------1------,1,,,,,,
1026377,6,13,6,------1------,1,,,,,,
1025076,6,13,8,111----------,1,22,13,4,106,59,1.56
1025031,3,13,5,11-----------,1,16,10,2,78,63,1.33
1024995,6,13,4,11-----------,1,19,7,3,90,47,1.77
1024925,8,10,13,----1--------,0,,,,,,
1023631,6,16,14,111----------,1,23,21,8,87,70,1.25
1023576,6,13,7,-----1-------,0,,,,,,
1023567,2,11,13,111----------,1,18,16,5,75,50,1.11
1023338,6,15,15,----1--------,0,,,,,,
1023314,11,1,13,----1--------,0,,,,,,
1023275,9,9,13,----1--------,0,,,,,,
1023164,6,9,13,----1--------,0,,,,,,
1022269,9,9,13,111----------,1,17,15,4,87,47,1.2
1022223,3,13,11,111----------,1,16,15,8,81,44,1.15
1022187,11,9,13,111----------,1,23,17,5,113,83,1.51
1022088,6,6,13,-11----------,1,,,,,,
1022080,2,19,16,-----1-------,0,,,,,,
1020733,8,16,13,-----1-------,0,,,,,,
1020724,3,10,13,111---------1,1,20,18,4,84,45,1.26
1020691,11,3,13,111----------,1,11,15,3,73,45,0.87
1020651,2,9,13,111---------1,1,21,15,5,111,52,1.37
1020620,8,11,13,------1------,0,,,,,,
1020609,11,11,13,111---------1,1,12,14,4,66,50,0.84
1020277,2,9,13,-----1-------,1,,,,,,
1020233,3,13,4,-----1-------,0,,,,,,
1020134,6,16,12,-----------1-,1,,,,,,
1019248,9,10,13,-11----------,1,,,,,,
1019069,8,13,9,-----1-------,0,,,,,,
1018995,7,13,8,11-----------,1,15,10,6,77,53,1.34
1018887,3,10,13,-----1-------,1,,,,,,
1018868,2,13,8,11-----------,1,20,13,2,93,35,1.36
1017962,11,13,11,11-----------,1,12,14,4,66,83,0.87
1017936,8,8,13,-----1-------,0,,,,,,
1017913,2,16,12,11-----------,1,36,14,5,115,56,1.9
1017864,2,16,13,111---------1,1,29,18,2,91,66,1.41
1017821,8,8,13,-----1-------,0,,,,,,
1016437,8,13,10,111----------,1,25,12,6,114,60,1.76
1016425,6,13,8,-----1-------,0,,,,,,
1016398,11,13,9,111----------,1,22,16,11,115,55,1.63
1016346,7,16,12,111----------,1,32,20,6,115,59,1.59
1016179,3,13,9,------1------,1,,,,,,
1016142,2,10,13,-----1-------,1,,,,,,
1016141,8,13,8,------1------,1,,,,,,
1016062,2,13,4,------1------,1,,,,,,
1016033,8,3,13,------1------,1,,,,,,
1015989,8,13,7,------1------,1,,,,,,
1015863,3,13,4,-----------1-,0,,,,,,
1013523,3,13,6,111----------,1,13,10,7,83,31,1.3
1013483,8,13,7,111---------1,1,18,11,8,109,56,1.57
1013448,11,13,6,111---------1,1,23,10,2,115,61,1.83
1013398,8,13,6,1-1----------,1,25,10,1,110,56,1.9
1013348,2,6,13,1-1----------,1,21,15,1,96,38,1.42
1013105,2,13,5,------1------,1,,,,,,
1013069,8,7,13,------1------,1,,,,,,
1012154,8,13,7,1-1----------,1,20,12,5,118,30,1.6
1012120,3,13,3,1-1----------,1,16,7,7,122,56,1.78
1012080,7,13,7,1-1----------,1,14,13,3,81,50,1.19
1012015,3,15,15,1-1----------,1,34,21,7,120,53,1.65
1010602,2,13,11,111---------1,1,26,20,8,120,73,1.59
1010533,6,11,13,-----1-------,1,,,,,,
1010531,11,15,15,11----------1,1,32,19,4,95,25,1.48
1010407,2,5,13,-----1-------,1,,,,,,
1010368,11,7,13,11----------1,1,16,16,3,66,44,1.04
1010330,7,13,10,-----1-------,1,,,,,,
1010327,3,8,13,111---------1,1,21,13,3,81,52,1.43
1010299,9,13,0,11----------1,1,16,4,4,129,81,2.15
1010289,8,11,13,-----1-------,1,,,,,,
1010231,8,8,13,-----1-------,0,,,,,,
1010120,8,15,15,-----1-------,1,,,,,,
1009995,8,10,13,-----1-------,1,,,,,,
1009967,9,13,2,-----1-------,1,,,,,,
1009221,6,13,7,-----1-------,0,,,,,,
1009186,8,3,13,-----1-------,1,,,,,,
1008969,6,13,5,-----1-------,0,,,,,,
1008703,8,13,10,-----1-------,1,,,,,,
1007495,6,11,13,1------------,1,16,18,2,89,25,1
1006007,11,6,13,111---------1,1,19,16,4,110,58,1.36
1005971,2,7,13,1111--------1,1,16,15,1,78,69,1.13
1005936,9,13,7,1111--------1,1,20,13,5,112,45,1.59
1005872,8,13,10,-----1-------,1,,,,,,
1005114,9,13,8,1111--------1,1,15,16,5,74,67,1.06
1005063,7,11,13,1111--------1,1,29,18,4,118,55,1.66
1005026,9,13,8,1111--------1,1,16,11,6,90,50,1.32
1004978,6,9,13,11-----------,1,17,17,5,86,41,1.09
1004805,8,13,4,-----1-------,0,,,,,,
1004672,8,8,13,------1------,1,,,,,,
1004636,3,19,16,-----1-------,0,,,,,,
1004596,8,7,13,-----1-------,1,,,,,,
1004566,6,3,13,-----1-------,1,,,,,,
1004394,8,13,2,-----1-------,1,,,,,,
1004241,6,13,11,-----1-------,1,,,,,,
1003679,7,8,13,------1------,0,,,,,,
1003257,9,13,16,11-----------,1,28,20,8,111,54,1.45
1002981,8,15,15,-----------1-,1,,,,,,
1002934,6,13,11,-----------1-,1,,,,,,
1000579,9,14,16,1111---------,1,39,21,4,133,49,1.82
1000540,8,5,13,1111--------1,1,14,13,2,88,64,1.14
1000508,9,13,6,1111---------,1,22,9,8,130,41,2.01
1000470,11,6,13,111----------,1,16,14,2,80,44,1.21
1000355,8,16,12,-----1-------,1,,,,,,
1000269,6,11,13,-----1-------,1,,,,,,
1000166,8,6,13,-----1-------,1,,,,,,
1000105,8,16,13,-----1-------,1,,,,,,
999312,11,11,13,111----------,1,27,19,6,123,48,1.68
999279,8,4,13,111---------1,1,14,15,6,97,57,1.22
999246,11,13,8,111---------1,1,25,13,5,122,56,1.78
999172,9,16,12,111----------,1,27,19,5,91,52,1.43
999128,9,13,5,-----1-------,1,,,,,,
999119,6,16,13,1-1---------1,1,28,20,7,100,57,1.38
999090,2,5,13,-----1-------,0,,,,,,
999066,8,13,11,1-1---------1,1,19,14,2,79,16,1.28
997682,11,13,7,-----1-------,1,,,,,,
997666,7,11,13,--1---------1,1,,,,,,
997474,8,9,13,-----1-------,0,,,,,,
997422,8,13,11,1-1----------,1,22,16,8,110,59,1.47
996364,8,2,13,------1------,0,,,,,,
996327,3,13,5,1-1----------,1,16,8,3,91,56,1.48
996269,7,15,15,1-1----------,1,26,21,6,84,46,1.27
996156,6,13,11,-----1-------,0,,,,,,
994866,7,9,13,111----------,1,17,15,4,77,35,1.13
994834,3,13,5,1111---------,1,21,10,8,103,29,1.81
994800,9,6,13,1111---------,1,17,15,2,99,59,1.29
994777,8,11,13,-----1-------,1,,,,,,
994758,2,10,13,11-1---------,1,26,17,5,112,46,1.58
994730,9,16,12,-----1-------,1,,,,,,
994698,2,13,7,-----1-------,1,,,,,,
993390,3,11,13,111---1------,1,20,16,8,98,65,1.33
993355,3,6,13,111---1------,1,11,16,2,70,18,0.82
993320,8,13,3,111----------,1,18,7,2,128,56,1.92
993104,8,13,11,-----1-------,1,,,,,,
991870,9,13,11,1------------,1,24,17,5,108,38,1.53
991718,8,13,10,-----1-------,1,,,,,,
990405,11,11,13,1-1---------1,1,17,15,3,71,53,1.14
990328,6,13,1,--1---------1,1,,,,,,
990301,8,1,13,--1---------1,1,,,,,,
990123,3,13,10,-----1-------,1,,,,,,
990080,8,13,8,-----1-------,1,,,,,,
990010,8,8,13,-----------1-,1,,,,,,
988866,2,13,10,--1---------1,1,,,,,,
988853,2,13,4,-----1-------,1,,,,,,
988813,2,13,8,-----1-------,1,,,,,,
988759,6,10,13,-------1-----,0,,,,,,
987784,7,13,8,--1---------1,1,,,,,,
987753,9,5,13,--1---------1,1,,,,,,
987406,9,10,13,-----1-------,1,,,,,,
987355,9,13,7,-----1-------,1,,,,,,
987182,6,13,7,------1------,0,,,,,,
986194,2,13,11,1-1----------,1,23,18,8,97,26,1.45
986101,3,8,13,-----1-------,1,,,,,,
984678,11,13,5,111----------,1,16,11,5,91,44,1.48
984626,7,13,8,------1------,1,,,,,,
984584,2,13,10,-----1-------,1,,,,,,
984582,9,13,4,-----------1-,1,,,,,,
984543,3,9,13,-----------1-,1,,,,,,
983268,8,16,14,11-----------,1,32,19,7,115,31,1.66
983228,7,13,6,11-----------,1,22,10,5,99,18,1.79
982911,6,6,13,------1------,0,,,,,,
981788,11,13,16,-----1-------,1,,,,,,
980444,2,16,12,111---------1,1,28,20,6,110,50,1.42
980091,2,13,6,-----1-------,1,,,,,,
980061,8,13,5,-----1-------,1,,,,,,
979118,6,13,5,-----1-------,1,,,,,,
974591,6,13,4,-----1-------,1,,,,,,
974514,6,13,10,-----1-------,1,,,,,,
974191,8,10,13,-----------1-,1,,,,,,
974150,6,13,9,-----------1-,1,,,,,,
971808,8,13,8,111----------,1,36,9,7,147,56,2.49
971758,6,13,16,111----------,1,34,22,10,115,53,1.66
971712,7,13,9,111----------,1,27,12,4,113,59,1.85
971381,2,13,9,11----------1,1,28,15,3,132,39,1.74
971314,11,4,13,11----------1,1,8,17,5,77,63,0.65
971285,9,13,4,11----------1,1,20,6,6,122,50,2.06
971168,3,2,13,11-----------,1,11,14,7,90,45,1.03
970112,8,9,13,-----1-------,1,,,,,,
970037,8,13,11,-----1-------,1,,,,,,
970004,6,1,13,--1----------,1,,,,,,
968914,2,9,13,-----1-------,1,,,,,,
968909,6,7,13,--1---------1,1,,,,,,
968842,11,10,13,-----1-------,1,,,,,,
968505,9,13,9,11----1-----1,1,22,14,4,96,32,1.45
968451,3,15,15,11----1-----1,1,29,20,6,91,52,1.4
968418,7,13,4,11----1-----1,1,16,8,4,85,44,1.53
967536,8,6,13,111---------1,1,17,14,5,105,59,1.35
967511,11,13,4,111---------1,1,20,9,2,100,35,1.7
967461,9,11,13,11----------1,1,21,19,4,92,38,1.23
967400,3,13,10,11----------1,1,21,15,8,93,29,1.45
967350,11,13,8,11----------1,1,27,8,4,115,22,2.06
967282,8,13,4,1-----------1,1,25,6,1,127,24,2.21
967250,9,8,13,-----1-------,1,,,,,,
967222,2,13,11,11----------1,1,28,16,5,117,32,1.73
965855,8,13,6,-----1-------,1,,,,,,
965822,8,13,4,-----1-------,1,,,,,,
965793,8,8,13,-----------1-,1,,,,,,
964582,7,8,13,11-----------,1,15,17,4,80,67,0.91
964507,8,13,4,11-----------,1,18,7,8,134,50,1.89
964189,9,13,6,-----------1-,1,,,,,,
964150,9,13,5,-----------1-,1,,,,,,
964112,2,13,4,-----------1-,1,,,,,,
963089,2,13,7,11-----------,1,17,12,10,102,65,1.45
963083,11,5,13,-----------1-,1,,,,,,
963042,8,13,11,11-----------,1,29,16,5,114,41,1.72
963039,8,10,13,-----------1-,1,,,,,,
963012,9,7,13,-----1-------,1,,,,,,
962736,7,13,4,------1------,1,,,,,,
961693,8,6,13,111----------,1,12,15,2,74,67,0.86
961653,8,9,13,111----------,1,15,16,5,83,53,1.02
961609,9,13,10,11-----------,1,22,13,5,90,32,1.51
961548,3,10,13,-----------1-,1,,,,,,
961512,8,13,3,-----------1-,1,,,,,,
960243,9,13,9,-----1-------,1,,,,,,
960212,9,13,9,-----1-------,1,,,,,,
960173,9,10,13,-----1-------,1,,,,,,
960031,6,8,13,-----1-------,1,,,,,,
958843,12,1,13,--1---------1,0,,,,,,
958805,12,11,13,--1----------,0,,,,,,
958781,3,1,13,--1----------,0,,,,,,
958770,7,16,14,-----1-------,1,,,,,,
958614,8,11,13,-----1-------,1,,,,,,
958461,11,14,16,11-----------,1,45,23,8,158,60,2.13
957246,6,16,14,------1------,1,,,,,,
957209,8,13,9,------1------,1,,,,,,
955897,7,7,13,111----------,1,17,15,5,103,59,1.34
955690,11,13,8,-----1-------,1,,,,,,
954513,8,1,13,--1---------1,0,,,,,,
954441,6,6,13,-----1-------,1,,,,,,
954412,8,3,13,-----1-------,1,,,,,,
954016,2,11,13,-----------1-,1,,,,,,
952476,6,13,7,------1------,1,,,,,,
952439,9,13,6,------1------,1,,,,,,
952416,8,0,13,------1------,0,,,,,,
951587,9,7,13,-----1-------,1,,,,,,
951561,8,13,2,-----1-------,1,,,,,,
951485,8,9,13,-----1-------,1,,,,,,
951452,7,6,13,-----------1-,1,,,,,,
950149,8,13,10,-----1-------,1,,,,,,
950030,12,13,2,--1----------,0,,,,,,
949937,3,9,13,-----1-------,0,,,,,,
949763,3,13,8,-----1-------,1,,,,,,
948863,8,4,13,111----------,1,8,15,5,64,63,0.62
948855,8,11,13,-----1-------,1,,,,,,
948831,11,5,13,111----------,1,14,15,3,104,57,1.05
948811,3,13,9,-----1-------,1,,,,,,
948789,6,10,13,111----------,1,14,19,4,60,71,0.81
948648,11,13,9,111----------,1,25,13,5,111,64,1.71
948610,2,13,9,111----------,1,26,15,4,109,38,1.66
948470,2,13,7,-----1-------,1,,,,,,
948435,6,9,13,-----1-------,1,,,,,,
947573,8,13,11,-----1-------,1,,,,,,
947524,8,13,11,-----1-------,1,,,,,,
947500,6,13,2,-----1-------,1,,,,,,
947480,3,8,13,111----------,1,21,16,6,103,52,1.55
947450,9,14,16,-----1-------,1,,,,,,
947428,2,15,15,1111---------,1,39,23,9,129,51,1.86
947420,8,13,5,-----1-------,1,,,,,,
947206,8,8,13,11-----------,1,16,15,6,84,31,1.24
947168,2,13,4,11-----------,1,20,11,4,119,50,1.75
947134,9,13,7,11-----------,1,26,11,6,132,50,1.98
945901,6,9,13,111----------,1,21,17,5,106,57,1.38
944240,3,10,13,-----------1-,1,,,,,,
942781,3,9,13,-----------1-,1,,,,,,
942466,3,13,8,-----1-------,0,,,,,,
941474,8,13,2,11-----------,1,18,8,6,131,39,2.02
941331,8,13,7,-----1-------,0,,,,,,
941040,8,11,13,------1------,0,,,,,,
940077,8,11,13,------1------,0,,,,,,
940061,2,4,13,-----1-------,0,,,,,,
939985,6,15,15,-----------1-,1,,,,,,
939944,9,9,13,-----------1-,1,,,,,,
939918,2,3,13,-----------1-,1,,,,,,
939579,2,13,5,-----1-------,0,,,,,,
938838,8,13,11,-----1-------,0,,,,,,
938827,7,13,8,1-----------1,0,,,,,,
938794,9,13,11,-----1-------,0,,,,,,
938757,2,11,13,-----1-------,0,,,,,,
938667,7,13,10,1-----------1,1,20,13,9,104,65,1.46
938605,8,19,16,-----1-------,0,,,,,,
938447,9,13,9,-----1-------,0,,,,,,
938405,6,13,9,-----1-------,0,,,,,,
938165,8,13,2,-----1-------,0,,,,,,
935850,6,10,13,------1------,0,,,,,,
935815,8,0,13,111---------1,1,5,13,0,55,60,0.32
935783,8,15,15,------1------,0,,,,,,
935616,8,13,9,-----1-------,0,,,,,,
935598,7,13,3,11----------1,1,16,9,6,100,56,1.63
935563,3,6,13,111--------11,1,22,14,1,111,55,1.54
935520,7,8,13,11----------1,1,14,16,3,81,50,0.89
935464,8,7,13,11---------11,1,9,14,3,62,78,0.73
935428,2,13,7,11---------1-,1,19,13,7,110,53,1.52
935391,6,8,13,11-------1--1,1,13,18,3,77,62,0.82
934501,9,13,6,-------1-----,0,,,,,,
932826,4,6,13,11---------1-,0,15,16,0,77,47,0.89
932784,8,8,13,11-----------,1,23,16,7,124,65,1.63
929997,9,5,13,1-1---------1,1,12,14,3,95,67,0.83
929960,3,8,13,1-----------1,1,21,16,5,105,43,1.51
929904,9,13,6,1-----------1,1,16,10,5,91,44,1.45
929870,8,10,13,-----------1-,1,,,,,,
929850,8,13,11,--1---------1,1,,,,,,
929813,9,8,13,--1---------1,1,,,,,,
929790,8,14,16,-----1-------,0,,,,,,
928734,2,4,13,--1---------1,1,,,,,,
928689,6,13,7,--1---------1,1,,,,,,
928474,11,3,13,-------1-----,0,,,,,,
928388,9,13,4,-------1-----,0,,,,,,
928298,9,10,13,11---------1-,1,13,19,5,64,38,0.79
927403,6,13,11,------1------,0,,,,,,
927290,2,11,13,--1---------1,1,,,,,,
927240,3,13,11,--1---------1,1,,,,,,
921390,6,8,13,------1------,0,,,,,,
921351,8,8,13,------1------,0,,,,,,
921329,3,9,13,1-1---------1,1,33,15,5,125,39,1.99
921281,8,13,11,1-1---------1,1,21,14,6,89,43,1.47
921205,2,11,13,--1---------1,1,,,,,,
921160,6,14,16,-----------1-,1,,,,,,
921127,11,6,13,-----------1-,1,,,,,,
918703,8,13,8,111---------1,1,22,13,11,124,36,1.79
918662,3,13,11,111---------1,1,16,18,5,69,56,0.91
918626,8,13,8,111---------1,1,21,9,6,110,67,1.64
918503,9,13,10,--1---------1,1,,,,,,
917228,8,13,7,--1---------1,0,,,,,,
916913,7,13,4,-------1-----,0,,,,,,
916876,6,11,13,-------1-----,0,,,,,,
916804,8,13,11,11----------1,1,23,16,5,98,48,1.33
916622,12,7,13,11---------1-,0,22,16,5,115,68,1.54
916592,10,4,13,11---------1-,0,15,13,5,95,20,1.27
915816,7,1,13,111---------1,1,6,13,4,61,17,0.48
915773,8,10,13,111---------1,1,19,21,6,100,47,1.02
915707,11,2,13,111--------11,1,16,12,4,126,38,1.53
915625,9,9,13,111--------11,1,24,17,5,133,46,1.65
915602,6,1,13,111--------11,1,16,12,1,106,44,1.47
915508,9,13,3,1-1---------1,1,13,11,4,78,46,1.27
915471,8,4,13,11----------1,1,10,14,2,68,30,0.75
915391,2,8,13,1-1----------,1,14,17,3,73,36,0.84
914182,8,6,13,1-1----------,1,23,14,1,100,43,1.7
914152,11,13,4,1-1----------,1,18,10,6,120,44,1.65
912513,9,8,13,-----------1-,1,,,,,,
912485,9,13,2,-----------1-,1,,,,,,
911172,9,11,13,-----------1-,1,,,,,,
911135,8,7,13,-----------1-,1,,,,,,
909825,11,9,13,-----1-------,0,,,,,,
909794,9,3,13,-----1-------,0,,,,,,
909741,6,13,8,1-1---------1,1,26,9,3,126,73,1.96
909692,11,16,14,1-1---------1,1,21,21,10,80,67,1.1
909644,2,11,13,1-1---------1,1,19,17,4,102,58,1.3
907952,6,13,7,-------1-----,0,,,,,,
906597,2,10,13,1-1---------1,1,21,18,3,95,48,1.17
906536,8,13,11,1-1----------,1,15,13,6,74,47,1.16
905489,8,7,13,--1---------1,0,,,,,,
903923,6,4,13,-----------1-,1,,,,,,
902479,6,7,13,-----------1-,1,,,,,,
902441,11,13,1,-----------1-,1,,,,,,
900990,9,0,13,-----------1-,1,,,,,,
900957,6,13,8,-----------1-,1,,,,,,
900928,11,13,3,-----------1-,1,,,,,,
899711,6,13,8,1-1----------,1,24,9,6,111,33,1.88
899677,8,13,7,1-1----------,1,21,14,5,91,33,1.54
899649,3,4,13,-----------1-,1,,,,,,
899615,9,13,7,-----------1-,1,,,,,,
899391,7,13,9,-----1-------,0,,,,,,
899357,8,13,9,-----1-------,0,,,,,,
899341,9,13,11,-----------1-,1,,,,,,
898471,8,11,13,--1----------,0,,,,,,
898168,8,13,16,-----------1-,1,,,,,,
898129,9,10,13,-----------1-,1,,,,,,
898050,8,13,11,111---------1,0,38,15,6,136,47,2.24
898012,6,6,13,111--------11,0,20,14,6,108,65,1.46
897984,8,13,7,-------1-----,0,,,,,,
897983,2,3,13,11-1-------11,0,14,15,7,110,64,1.27
897916,12,13,4,-------1-----,0,,,,,,
897076,8,15,15,1-1----------,0,27,22,4,91,44,1.3
897045,9,3,13,1-1----------,0,14,14,2,87,57,1.2
897007,8,13,8,1-1----------,0,13,13,4,72,38,1.01
896972,8,13,7,1-1----------,0,10,12,4,60,50,0.83
896325,8,13,9,1-----------1,0,18,13,2,83,33,1.27
896280,7,13,10,1-----------1,0,17,13,6,68,53,1.13
895424,11,10,13,-----------1-,1,,,,,,
895372,6,16,13,-----------1-,1,,,,,,
895319,6,10,13,-----------1-,1,,,,,,
890989,6,16,14,-----------1-,1,,,,,,
889696,9,10,13,------1------,1,,,,,,
889660,9,4,13,-----1-------,0,,,,,,
889579,9,8,13,-----------1-,1,,,,,,
889547,11,6,13,-----------1-,1,,,,,,
889298,6,11,13,-----1-------,0,,,,,,
889287,2,14,16,-----------1-,1,,,,,,
889061,3,7,13,-----------1-,1,,,,,,
888200,9,7,13,-----------1-,1,,,,,,
888156,6,13,11,-----------1-,1,,,,,,
888124,11,13,6,-----------1-,1,,,,,,
887891,7,11,13,1----------1-,0,23,14,3,89,35,1.4
886583,2,11,13,1----------1-,0,21,15,3,90,52,1.28
885323,9,7,13,-----------1-,1,,,,,,
883858,9,6,13,-----------1-,1,,,,,,
883817,2,13,11,-----------1-,1,,,,,,
883605,2,10,13,-----------1-,1,,,,,,
882466,11,4,13,-----------1-,1,,,,,,
882426,9,9,13,-----------1-,1,,,,,,
882388,9,8,13,-----------1-,1,,,,,,
882357,9,13,5,-----------1-,1,,,,,,
882201,7,11,13,-----------1-,1,,,,,,
880960,9,5,13,-----------1-,1,,,,,,
880918,7,8,13,-----------1-,1,,,,,,
880882,2,13,9,-----------1-,1,,,,,,
880837,8,13,3,-----------1-,1,,,,,,
879564,6,13,10,------1------,1,,,,,,
879528,8,13,8,------1------,0,,,,,,
879294,8,10,13,---------1---,0,,,,,,
879272,9,13,11,-----1-------,0,,,,,,
879185,11,15,15,-----1-------,0,,,,,,
878248,8,3,13,------1------,0,,,,,,
878219,9,4,13,------1------,0,,,,,,
875257,3,13,11,-----------1-,1,,,,,,
875222,9,13,6,-----------1-,1,,,,,,
875169,9,16,13,-----------1-,1,,,,,,
873837,11,13,10,-----------1-,1,,,,,,
873788,3,13,11,-----------1-,1,,,,,,
873755,3,13,6,-----------1-,1,,,,,,
873724,11,13,4,-----------1-,1,,,,,,
873501,6,13,7,-----------1-,1,,,,,,
873465,9,13,6,-----------1-,1,,,,,,
873424,6,13,9,-----------1-,1,,,,,,
872402,3,4,13,-----------1-,1,,,,,,
872344,11,16,14,-----------1-,1,,,,,,
872310,7,5,13,-----------1-,1,,,,,,
870917,3,3,13,-----------1-,1,,,,,,
870869,9,8,13,-----------1-,1,,,,,,
869529,2,2,13,-----------1-,1,,,,,,
869476,8,16,12,-----------1-,1,,,,,,
869437,9,13,10,-----------1-,1,,,,,,
869393,6,11,13,-----------1-,1,,,,,,
868135,2,13,9,-----------1-,1,,,,,,
868099,11,7,13,-----------1-,1,,,,,,
867915,8,11,13,-----1-------,0,,,,,,
866705,7,3,13,-----------1-,1,,,,,,
866651,6,13,11,-----------1-,1,,,,,,
866605,9,10,13,-----------1-,1,,,,,,
866561,2,11,13,-----------1-,1,,,,,,
865202,11,8,13,-----------1-,1,,,,,,
865146,9,16,14,-----------1-,1,,,,,,
865096,9,16,14,-----------1-,1,,,,,,
865044,3,16,13,-----------1-,1,,,,,,
863727,3,13,16,-----------1-,1,,,,,,
863689,9,13,6,-----------1-,1,,,,,,
863656,3,13,5,-----------1-,1,,,,,,
863621,11,4,13,-----------1-,1,,,,,,
863585,3,6,13,-----------1-,1,,,,,,
862287,8,9,13,-----------1-,1,,,,,,
862231,9,16,13,-----------1-,1,,,,,,
862191,6,13,9,-----------1-,1,,,,,,
860745,8,11,13,-----------1-,1,,,,,,
860704,3,11,13,-----------1-,1,,,,,,
860658,11,13,3,-----------1-,1,,,,,,
859436,2,4,13,-----------1-,1,,,,,,
859402,11,8,13,-----------1-,1,,,,,,
859359,9,13,11,-----------1-,1,,,,,,
859319,2,13,11,-----------1-,1,,,,,,
859061,2,2,13,-----------1-,1,,,,,,
859038,3,13,6,-----1-------,0,,,,,,
859016,8,13,1,-----1-------,0,,,,,,
859016,3,16,13,-----------1-,1,,,,,,
858977,9,9,13,-----------1-,1,,,,,,
858130,11,8,13,-----------1-,1,,,,,,
858090,9,13,10,-----------1-,1,,,,,,
858055,9,13,3,-----------1-,1,,,,,,
858013,3,10,13,-----------1-,1,,,,,,
857983,11,13,3,-----------1-,1,,,,,,
857930,9,13,7,-----------1-,1,,,,,,
857891,8,13,8,-----------1-,1,,,,,,
857854,11,13,8,-----------1-,1,,,,,,
857812,6,4,13,------1------,1,,,,,,
857409,9,13,9,11-----------,0,14,12,3,73,64,1.07
856224,6,13,10,1----------1-,0,21,12,3,80,67,1.49
856195,2,13,3,1----------1-,0,,,,,,
855024,3,12,16,-----------1-,1,,,,,,
854986,2,9,13,-----------1-,1,,,,,,
854963,3,13,1,-----------1-,1,,,,,,
853690,11,2,13,-----------1-,1,,,,,,
853646,6,11,13,-----------1-,1,,,,,,
853611,9,13,6,-----------1-,1,,,,,,
853572,3,9,13,-----------1-,1,,,,,,
851987,9,7,13,11---------1-,0,13,15,2,64,77,0.92
848915,9,13,4,-------1-----,0,,,,,,
847373,9,13,10,11---------1-,0,30,19,6,130,57,1.77
847337,1,7,13,11---------1-,0,23,16,2,91,57,1.45
846504,6,13,4,-------1-----,0,,,,,,
846398,9,13,4,-----------1-,1,,,,,,
846190,6,11,13,11---------1-,0,38,17,3,140,37,2.13
846051,7,13,4,--------1----,0,,,,,,
843609,7,7,13,-----------1-,1,,,,,,
843571,9,13,10,-----------1-,1,,,,,,
843540,9,13,4,-----------1-,1,,,,,,
843501,11,13,9,-----------1-,1,,,,,,
842184,6,10,13,------1------,1,,,,,,
842170,9,15,15,-----------1-,0,,,,,,
842156,11,4,13,1--1---------,0,12,14,1,77,58,0.88
842144,3,5,13,------1------,1,,,,,,
842130,2,9,13,-----------1-,0,,,,,,
840783,8,15,15,------1------,1,,,,,,
840738,9,13,11,------1------,1,,,,,,
840714,6,8,13,-----------1-,0,,,,,,
840712,7,13,11,1--1---------,0,14,19,4,61,50,0.88
840689,9,13,1,1--1---------,0,19,7,4,147,68,2.1
840675,2,9,13,-----------1-,0,,,,,,
840637,6,9,13,-----------1-,0,,,,,,
840595,9,13,10,-----------1-,0,,,,,,
838827,8,4,13,-----------1-,0,,,,,,
837858,7,13,8,-----------1-,0,,,,,,
837478,2,8,13,1----------1-,0,13,16,4,62,77,0.93
837437,8,13,11,1----------1-,0,17,14,2,74,47,0.95
837377,8,15,15,-----1-------,0,,,,,,
836458,8,13,1,-----------1-,0,,,,,,
836390,6,7,13,-------1-----,0,,,,,,
836306,6,13,8,------1------,0,,,,,,
835993,9,6,13,1----------1-,0,,,,,,
835986,8,13,8,-----1-------,0,,,,,,
834967,8,6,13,------1------,0,,,,,,
833467,3,8,13,-----------1-,0,,,,,,
833435,4,6,13,-----------1-,0,,,,,,
833405,8,7,13,-----------1-,0,,,,,,
830770,6,13,10,------1------,0,,,,,,
830723,11,13,11,------1------,0,,,,,,
830670,9,16,12,------1------,0,,,,,,
830647,6,13,0,------1------,0,,,,,,
830591,10,11,13,-----------1-,0,,,,,,
830552,11,13,9,-----------1-,0,,,,,,
830517,7,13,5,-----------1-,0,,,,,,
830484,8,9,13,-----------1-,0,,,,,,
829237,8,3,13,-----------1-,0,,,,,,
826391,7,13,6,------1------,0,,,,,,
826356,6,13,7,------1------,0,,,,,,
826317,8,9,13,------1------,0,,,,,,
824931,1,13,4,-----------1-,0,,,,,,
824773,2,13,7,-----1-------,0,,,,,,
823453,8,7,13,-----------1-,0,,,,,,
823387,8,13,3,-----------1-,0,,,,,,
820517,9,6,13,------1------,0,,,,,,
820474,2,9,13,------1------,0,,,,,,
820431,3,13,8,------1------,0,,,,,,
819229,9,11,13,------1------,0,,,,,,
816303,8,16,13,-------1-----,0,,,,,,
814494,8,13,9,------1------,0,,,,,,
814450,9,11,13,------1------,0,,,,,,
808897,7,6,13,-----------1-,0,,,,,,
806150,8,13,6,------1------,0,,,,,,
804542,9,7,13,------1------,0,,,,,,
801859,11,14,16,------1------,0,,,,,,
801825,11,5,13,------1------,0,,,,,,
800555,10,9,13,------1------,0,,,,,,
797271,8,13,5,-------1-----,1,,,,,,
796120,6,9,13,------1------,0,,,,,,
796113,8,4,13,-------1-----,0,,,,,,
796068,7,13,11,------1------,1,,,,,,
786218,6,13,7,------1------,0,,,,,,
782991,8,13,8,------1------,1,,,,,,
782954,6,13,8,------1------,0,,,,,,
777362,9,13,3,-------1-----,0,,,,,,
769729,12,4,13,------1------,1,,,,,,
769697,8,2,13,------1------,1,,,,,,
769660,8,13,6,------1------,1,,,,,,
768651,6,10,13,-----1-------,1,,,,,,
765840,8,13,10,------1------,0,,,,,,
765801,10,13,5,------1------,0,,,,,,
763006,6,4,13,------1------,0,,,,,,
757161,8,13,5,-------1-----,0,,,,,,
757091,8,7,13,-------1-----,1,,,,,,
751111,12,13,10,-------1-----,1,,,,,,
748095,9,11,13,-------1-----,0,,,,,,
741404,9,13,8,-----1-------,1,,,,,,
737043,8,8,13,------1------,0,,,,,,
736804,8,13,9,-----1-------,1,,,,,,
736764,9,7,13,--------1----,0,,,,,,
736751,12,13,11,-----1-------,1,,,,,,
736725,7,7,13,1------1-----,1,16,15,3,71,56,1.08
736668,2,11,13,1------1-----,1,17,16,3,82,59,1
735668,11,13,2,11-----1-----,0,19,7,5,141,42,2.08
735631,11,11,13,11-----------,0,27,18,9,117,63,1.69
735152,3,14,16,-----1-------,0,,,,,,
733904,8,7,13,-----1-------,0,,,,,,
732090,12,13,11,------------1,1,,,,,,
729852,8,2,13,--------1----,0,,,,,,
729698,8,13,7,1--------1---,1,20,14,4,82,55,1.43
725798,8,13,7,--------1----,0,,,,,,
716716,11,3,13,1--1-----1---,0,10,11,0,74,70,0.8
713384,8,9,13,------------1,1,,,,,,
710911,0,0,13,1--------1---,0,12,12,1,85,50,0.99
708321,6,13,10,1-----------1,1,20,12,4,94,45,1.46
708287,6,5,13,1-----------1,1,11,14,3,73,55,0.88
708167,12,13,16,1-1----1----1,1,15,22,6,60,47,0.8
706595,6,13,8,1------1----1,1,13,15,3,54,62,0.9
703633,4,6,13,1--------1---,0,18,19,2,110,67,1.14
703592,12,10,13,1--------1--1,1,12,18,0,50,92,0.61
703561,8,13,6,1--------1---,1,22,7,5,106,36,1.86
702463,11,10,13,1-11-----1---,0,15,19,5,84,67,0.96
696388,6,16,14,-------1-----,1,,,,,,
696352,8,8,13,-------1-----,0,,,,,,
696318,8,13,10,-------1-----,0,,,,,,
696289,11,13,4,-------1-----,0,,,,,,
694173,9,5,13,1--------1---,1,10,16,2,69,50,0.63
694130,6,13,5,1--------1---,1,19,9,3,80,47,1.64
678999,0,10,13,------------1,0,,,,,,
662060,7,9,13,------1------,0,,,,,,
661679,12,14,16,1------------,1,18,22,6,73,56,0.91
660485,2,13,11,1------------,1,15,18,6,82,60,0.95
651658,7,7,13,------------1,0,,,,,,
646087,8,10,13,1------------,0,12,20,3,54,50,0.65
638672,7,9,13,1--1---------,0,17,17,5,74,47,1.08
631530,8,14,16,1-----------1,0,27,22,7,94,59,1.34
627566,2,10,13,-----1-------,1,,,,,,
627523,9,13,6,-----1-------,1,,,,,,
624919,12,13,7,-----1-------,1,,,,,,
624382,8,13,9,-----1-------,1,,,,,,
624256,9,15,15,-----1-------,1,,,,,,
623275,8,13,6,-----1-------,1,,,,,,
623066,8,13,10,-----1-------,0,,,,,,
614612,8,13,9,-----1-------,1,,,,,,
614272,2,13,6,-----1-------,1,,,,,,
614233,12,13,8,-----1-------,1,,,,,,
608828,6,6,13,------1------,0,,,,,,
605971,8,13,5,-----1-------,0,,,,,,
605932,2,13,9,-----1-------,0,,,,,,
604568,3,1,13,-------1-----,1,,,,,,
604510,7,13,7,-------1-----,1,,,,,,
604489,12,13,2,-------1-----,1,,,,,,
604155,12,6,13,-----1-------,1,,,,,,
600282,12,13,8,-----1-------,1,,,,,,
595988,9,10,13,-----1-------,0,,,,,,
594665,12,11,13,-----1-------,0,,,,,,
594638,8,13,3,-----1-------,0,,,,,,
594610,9,6,13,-----1-------,0,,,,,,
594572,3,9,13,-----1-------,1,,,,,,
588388,8,8,13,-----1-------,1,,,,,,
587075,12,7,13,-----1-------,1,,,,,,
585878,7,13,10,-----1-------,0,,,,,,
585837,3,13,10,-----1-------,0,,,,,,
585499,6,8,13,-------1-----,1,,,,,,
584587,6,7,13,-------1-----,0,,,,,,
584550,2,9,13,-------1-----,1,,,,,,
583913,8,5,13,-----1-------,1,,,,,,
581534,12,8,13,-----1-------,1,,,,,,
581085,2,8,13,--1---------1,1,,,,,,
578161,2,0,13,--1---------1,1,,,,,,
577073,3,16,13,1-1---------1,1,21,18,7,68,29,1.13
577023,12,13,16,1-1---------1,1,24,22,10,105,46,1.28
575782,8,2,13,-----1-------,1,,,,,,
575472,8,13,11,-----1-------,1,,,,,,
575388,8,13,10,------1------,0,,,,,,
574340,9,13,4,-----1-------,1,,,,,,
574268,7,11,13,-------1-----,1,,,,,,
574229,8,9,13,-------1-----,0,,,,,,
573891,9,13,8,1-1---------1,1,33,13,4,143,36,2.28
573851,12,10,13,1-1---------1,1,17,15,7,78,65,1.18
571454,9,13,3,-----1-------,1,,,,,,
571368,8,8,13,-----1-------,1,,,,,,
571317,9,9,13,-----1-------,1,,,,,,
571043,8,8,13,-----1-------,1,,,,,,
570710,8,7,13,-----1-------,1,,,,,,
569531,12,11,13,1-1----------,1,22,15,7,102,45,1.46
568139,12,9,13,1-1---------1,1,16,15,5,76,63,1.03
568102,8,6,13,1-1---------1,1,23,13,1,111,65,1.65
566923,8,9,13,-----1-------,1,,,,,,
566889,12,13,8,-----1-------,1,,,,,,
566707,8,7,13,--1---------1,1,,,,,,
565787,8,6,13,--1---------1,1,,,,,,
565463,9,3,13,-------1-----,0,,,,,,
565045,7,11,13,-----1-------,1,,,,,,
564383,9,13,7,-----1-------,1,,,,,,
564343,2,2,13,-----1-------,1,,,,,,
564302,12,8,13,-----1-------,1,,,,,,
563788,6,13,7,1-1---------1,1,27,11,4,119,41,2
563753,8,13,4,1-1---------1,1,18,7,2,103,67,1.71
562391,8,9,13,1-1---------1,1,25,16,2,110,48,1.59
562335,2,14,16,1-1---------1,1,25,18,3,81,52,1.27
561063,8,13,6,1-1----------,1,20,8,1,102,35,1.63
560892,2,8,13,1-1----------,1,14,14,0,66,43,0.85
559853,8,13,9,-----1-------,1,,,,,,
559505,7,9,13,1-1---------1,1,24,16,1,103,46,1.49
559464,12,13,7,1-1---------1,1,22,11,2,109,59,1.64
558387,8,14,16,-----1-------,1,,,,,,
558337,8,10,13,-----1-------,1,,,,,,
558307,9,13,2,-----1-------,1,,,,,,
558225,6,13,7,------1------,1,,,,,,
558087,8,13,10,1-1---------1,1,18,13,2,84,39,1.26
558045,12,11,13,1-1---------1,1,31,17,3,115,45,1.71
556971,2,13,11,1-1---------1,1,20,14,4,88,35,1.35
556922,8,13,11,1-1---------1,1,12,16,7,67,50,0.85
556652,8,16,14,-----1-------,1,,,,,,
556617,2,13,8,-----1-------,1,,,,,,
555402,8,11,13,1-1---------1,1,29,14,5,109,41,1.78
555326,7,4,13,-------1-----,0,,,,,,
555279,10,13,11,-------1-----,0,,,,,,
554083,8,13,2,-----1-------,1,,,,,,
554047,9,13,7,-----1-------,1,,,,,,
553883,12,13,10,-----1-------,1,,,,,,
553699,8,7,13,-----1-------,1,,,,,,
553668,12,13,11,1-1---------1,1,16,13,5,65,19,1.1
553634,7,7,13,--1---------1,1,,,,,,
552567,8,13,5,-----1-------,1,,,,,,
552516,12,16,12,-----1-------,1,,,,,,
552457,9,11,13,-----1-------,1,,,,,,
552420,12,13,0,1-1----------,1,15,5,1,109,40,1.84
552373,8,13,10,1-1----------,1,14,12,4,66,50,1.12
552351,8,5,13,-----1-------,1,,,,,,
551162,8,9,13,-----1-------,1,,,,,,
551113,9,7,13,-----1-------,1,,,,,,
550968,9,13,9,-----1-------,1,,,,,,
550807,8,13,16,-----1-------,1,,,,,,
549959,8,10,13,-----1-------,1,,,,,,
549912,8,13,10,-----1-------,1,,,,,,
549815,2,15,15,1-1----------,1,17,19,6,67,29,0.99
549777,10,13,7,1-11---------,0,13,11,3,61,23,1.02
549606,8,13,10,-----1-------,1,,,,,,
549577,2,10,13,1-1----------,1,26,14,5,110,46,1.73
549563,8,13,9,-----1-------,1,,,,,,
549534,8,10,13,1-1---------1,1,25,18,3,118,68,1.49
549498,9,13,4,1-1----------,1,27,7,1,141,56,2.37
549496,6,11,13,-----1-------,1,,,,,,
549461,8,13,8,-----1-------,1,,,,,,
549376,12,9,13,-----1-------,1,,,,,,
549344,6,13,6,-----1-------,1,,,,,,
549321,12,5,13,--1---------1,1,,,,,,
548149,7,13,10,1-1----------,1,12,10,7,76,33,1.13
547943,8,11,13,-----1-------,1,,,,,,
547899,8,4,13,1-1---------1,1,12,15,4,80,67,1.05
547867,9,7,13,1-1---------1,1,17,17,4,102,29,1.28
546993,2,11,13,1-1---------1,1,15,17,5,71,27,1
546960,8,13,3,1-1---------1,1,18,7,3,105,44,1.85
546899,6,13,8,------1------,0,,,,,,
546892,9,2,13,--1---------1,1,,,,,,
546862,8,5,13,--1---------1,1,,,,,,
545328,6,3,13,-----1-------,1,,,,,,
545288,3,8,13,-----1-------,1,,,,,,
545086,6,13,9,-----1-------,1,,,,,,
545046,6,10,13,-----1-------,1,,,,,,
544263,2,10,13,-----1-------,1,,,,,,
544202,8,13,6,-------1-----,1,,,,,,
544200,2,13,7,1-1---------1,1,15,12,6,80,53,1.27
544195,12,15,15,-----1-------,1,,,,,,
544088,2,13,9,1-1---1-----1,1,15,13,7,85,67,1.25
544044,12,13,9,1-1---1-----1,1,23,13,6,113,52,1.58
543788,12,7,13,1-1----------,1,11,16,5,62,36,0.71
543733,8,9,13,1-1----------,1,20,14,2,84,60,1.29
541204,8,7,13,-----1-------,1,,,,,,
539680,12,11,13,-----1-------,1,,,,,,
539608,9,5,13,-----1-------,1,,,,,,
539579,8,13,4,-----1-------,1,,,,,,
539227,7,13,16,------1------,1,,,,,,
539152,8,13,6,------1------,1,,,,,,
538366,8,13,10,-----1-------,1,,,,,,
538324,8,5,13,1-1---------1,1,19,14,1,99,63,1.42
538266,6,13,9,1111--------1,0,25,11,7,127,52,1.86
538004,8,6,13,------1------,0,,,,,,
536915,9,13,10,-----1-------,1,,,,,,
536589,2,13,5,-----1-------,1,,,,,,
536467,12,16,13,1-1---------1,1,28,18,5,105,61,1.53
535534,3,13,7,1-1---------1,1,23,11,4,128,57,1.82
535493,9,10,13,1-1---------1,1,20,16,5,97,60,1.39
535349,8,16,12,1-1---------1,1,37,15,3,128,51,1.98
535294,12,13,8,1-1---------1,1,25,10,7,113,44,1.83
535229,8,8,13,-----1-------,1,,,,,,
535228,2,15,15,1-1---------1,1,21,19,6,72,43,1.12
535107,6,10,13,-------1-----,0,,,,,,
535078,9,13,7,-------1-----,0,,,,,,
533986,12,13,11,--1---------1,1,,,,,,
533952,6,6,13,--1---------1,1,,,,,,
533785,3,8,13,--1---------1,1,,,,,,
533760,2,8,13,-----1-------,1,,,,,,
533748,8,13,5,--1---------1,1,,,,,,
533710,9,13,11,-----1-------,1,,,,,,
533666,3,13,8,-----1-------,1,,,,,,
532162,6,10,13,-----1-------,1,,,,,,
532131,2,6,13,-----1-------,1,,,,,,
532128,12,6,13,--1----------,1,,,,,,
531064,8,13,8,-----1-------,1,,,,,,
531034,2,13,3,-----1-------,1,,,,,,
530999,12,9,13,-----1-------,1,,,,,,
530734,8,9,13,-----1-------,1,,,,,,
530680,12,13,9,-----1-------,1,,,,,,
530621,8,13,11,-----1-------,1,,,,,,
529404,12,10,13,1-1---------1,1,20,16,4,82,50,1.27
529366,9,13,9,1-1---------1,1,13,15,4,69,69,0.95
529326,8,9,13,1-1---------1,1,15,14,6,66,53,1.16
529299,8,13,8,-----1-------,1,,,,,,
529265,8,13,3,-----1-------,1,,,,,,
528298,8,7,13,-----1-------,1,,,,,,
528260,2,9,13,-----1-------,1,,,,,,
528213,7,14,16,1-1---------1,1,31,22,9,106,58,1.55
528172,12,13,10,1-1---------1,1,20,15,6,94,50,1.34
528013,2,9,13,-----1-------,1,,,,,,
527973,8,13,11,-----1-------,1,,,,,,
527930,9,7,13,-----1-------,1,,,,,,
527807,2,13,10,-----1-------,1,,,,,,
527777,12,13,0,-----1-------,1,,,,,,
526796,8,13,7,1-1---------1,1,24,11,3,102,63,1.78
526761,8,15,15,-----1-------,1,,,,,,
526760,12,13,8,1-1---------1,1,16,14,6,88,81,1.28
526730,6,13,7,-----1-------,1,,,,,,
526695,8,8,13,-----1-------,1,,,,,,
526594,8,16,13,-----1-------,1,,,,,,
526589,6,13,9,-------1-----,1,,,,,,
526554,12,13,5,-----1-------,1,,,,,,
525563,8,9,13,--1---------1,0,,,,,,
525529,2,13,6,--1---------1,0,,,,,,
525492,8,13,10,--1---------1,0,,,,,,
525304,8,13,9,-----1-------,1,,,,,,
525262,9,12,16,--1---------1,1,,,,,,
525101,8,13,5,--1---------1,1,,,,,,
523710,8,13,7,------------1,1,,,,,,
523551,8,5,13,--1---------1,1,,,,,,
522477,8,4,13,--1---------1,0,,,,,,
521135,8,4,13,-----1-------,1,,,,,,
521086,12,16,13,-----1-------,1,,,,,,
520821,8,13,6,-----1-------,1,,,,,,
519814,8,1,13,--1---------1,0,,,,,,
519679,9,13,10,-----1-------,1,,,,,,
519644,12,13,10,-----1-------,1,,,,,,
519365,8,5,13,1-1---------1,1,15,13,0,91,60,1.06
519329,2,13,4,1-1---------1,1,17,9,4,103,59,1.69
518245,12,11,13,-----1-------,1,,,,,,
518205,9,10,13,-----1-------,1,,,,,,
517930,8,14,16,-----1-------,1,,,,,,
516499,9,13,6,-------1-----,1,,,,,,
516231,8,4,13,-----1-------,1,,,,,,
515306,2,13,4,1-1----------,1,11,11,5,77,55,1.07
515266,8,13,8,1-1----------,1,27,11,4,118,56,1.96
515233,7,13,4,1-1----------,1,18,10,5,107,33,1.69
514977,9,13,9,-----1-------,1,,,,,,
514943,12,9,13,-----1-------,1,,,,,,
514872,8,10,13,-----1-------,1,,,,,,
513879,7,6,13,-----1-------,1,,,,,,
512452,8,15,15,-----1-------,1,,,,,,
512421,8,6,13,-----1-------,1,,,,,,
511884,6,6,13,--1---------1,1,,,,,,
510984,8,4,13,1-1---------1,1,12,14,2,86,33,1.04
510952,8,13,3,------1------,0,,,,,,
510941,12,9,13,1-1---------1,1,27,15,1,111,67,1.73
510742,6,16,13,--1---------1,1,,,,,,
510367,7,9,13,--1---------1,1,,,,,,
509555,8,13,9,--1---------1,1,,,,,,
509461,2,13,8,--1---------1,1,,,,,,
509401,12,16,14,--1----------,1,,,,,,
508023,8,5,13,--1----------,1,,,,,,
507922,9,13,7,--1----------,1,,,,,,
507807,7,3,13,------1------,0,,,,,,
507745,3,13,3,------1------,0,,,,,,
507557,7,7,13,------1------,0,,,,,,
507519,8,13,5,------1------,0,,,,,,
507481,6,10,13,------1------,0,,,,,,
504948,12,9,13,-----1-------,1,,,,,,
503495,8,10,13,------1------,0,,,,,,
499470,9,13,7,-----1-------,1,,,,,,
498056,8,8,13,--1---------1,1,,,,,,
498026,12,5,13,--1---------1,1,,,,,,
497970,12,15,15,--1---------1,1,,,,,,
497416,8,10,13,--1---------1,1,,,,,,
496197,8,13,11,-----1-------,1,,,,,,
496164,2,13,8,-----1-------,1,,,,,,
496085,6,2,13,1-1---------1,1,13,14,0,87,77,1.04
496075,8,13,7,------1------,0,,,,,,
496047,8,13,5,------1------,0,,,,,,
495988,12,11,13,1-1---------1,1,26,15,4,101,38,1.53
494997,6,13,11,-----1-------,1,,,,,,
493672,8,1,13,------1------,0,,,,,,
493669,8,5,13,-----1-------,1,,,,,,
492163,8,15,15,-----1-------,1,,,,,,
490847,6,11,13,--1---------1,1,,,,,,
490806,8,13,11,--1---------1,1,,,,,,
490482,2,13,4,--1---------1,0,,,,,,
488045,7,9,13,-----1-------,1,,,,,,
488021,12,2,13,-----1-------,1,,,,,,
483333,1,10,13,------1------,0,,,,,,
483293,9,13,4,------1------,0,,,,,,
483265,6,9,13,------------1,1,,,,,,
483186,8,13,3,------1------,0,,,,,,
482223,9,8,13,-----1-------,1,,,,,,
480763,12,2,13,-----1-------,1,,,,,,
479348,8,7,13,-----1-------,1,,,,,,
479316,6,13,7,-----1-------,1,,,,,,
479239,8,13,8,------------1,1,,,,,,
477797,2,6,13,-----1-------,1,,,,,,
477606,12,13,6,-----1-------,1,,,,,,
477570,9,13,9,-----1-------,1,,,,,,
476495,2,11,13,-----1-------,1,,,,,,
476040,2,13,7,-----1-------,1,,,,,,
474591,2,7,13,-----1-------,1,,,,,,
474559,8,13,2,-----1-------,1,,,,,,
473590,8,7,13,-----1-------,1,,,,,,
473195,7,13,5,------------1,0,,,,,,
473187,8,10,13,-----1-------,1,,,,,,
473157,12,6,13,-----1-------,1,,,,,,
473151,12,13,10,------------1,0,,,,,,
472898,7,9,13,------------1,0,,,,,,
472156,12,13,8,-----1-------,1,,,,,,
471707,6,11,13,------------1,0,,,,,,
471592,12,13,3,-----1-------,1,,,,,,
470223,9,10,13,-----1-------,1,,,,,,
470176,8,13,11,-----1-------,1,,,,,,
469238,2,5,13,-----1-------,1,,,,,,
469205,8,7,13,-----1-------,1,,,,,,
468974,12,16,14,-----1-------,1,,,,,,
468949,8,13,3,-----1-------,1,,,,,,
468923,9,13,3,-----1-------,1,,,,,,
468750,2,13,9,-----1-------,1,,,,,,
467863,9,13,8,-----1-------,1,,,,,,
467824,8,13,9,-----1-------,1,,,,,,
466280,9,9,13,-----1-------,1,,,,,,
466251,8,13,4,-----1-------,1,,,,,,
466213,2,7,13,-----1-------,1,,,,,,
466179,8,13,6,-----1-------,1,,,,,,
466153,7,13,1,-------1-----,0,,,,,,
465866,8,13,7,-------1-----,0,,,,,,
465852,2,13,6,-----1-------,1,,,,,,
464921,12,13,8,-----1-------,1,,,,,,
464887,8,8,13,-----1-------,1,,,,,,
463530,8,13,4,-----1-------,1,,,,,,
462145,12,13,9,-----1-------,1,,,,,,
462120,9,13,3,-----1-------,1,,,,,,
462087,12,13,6,-----1-------,1,,,,,,
460668,8,10,13,-----1-------,1,,,,,,
460628,8,7,13,-----1-------,1,,,,,,
460345,9,8,13,------1------,1,,,,,,
459238,8,13,8,-----1-------,1,,,,,,
459198,2,13,10,-----1-------,1,,,,,,
459167,12,13,7,-----1-------,1,,,,,,
457788,8,5,13,-----1-------,1,,,,,,
457764,8,13,2,-----1-------,1,,,,,,
457742,9,13,2,-----1-------,1,,,,,,
456208,8,16,14,------1------,1,,,,,,
456141,12,10,13,------1------,1,,,,,,
456140,12,11,13,-----1-------,1,,,,,,
456103,9,13,6,-----1-------,1,,,,,,
454943,8,7,13,-----1-------,1,,,,,,
454914,2,13,2,-----1-------,1,,,,,,
454873,6,11,13,-----1-------,1,,,,,,
452101,8,13,6,-----1-------,1,,,,,,
451985,8,9,13,------1------,1,,,,,,
450629,6,10,13,-------1-----,0,,,,,,
450590,8,11,13,-------1-----,0,,,,,,
449102,8,10,13,-------1-----,0,,,,,,
448839,12,7,13,-----1-------,1,,,,,,
447619,7,13,7,-------1-----,0,,,,,,
447486,8,2,13,------1------,1,,,,,,
446216,9,11,13,-------1-----,0,,,,,,
446113,6,13,4,------1------,1,,,,,,
446010,2,13,7,-----1-------,1,,,,,,
445971,9,13,8,-----1-------,1,,,,,,
444651,2,6,13,-----1-------,1,,,,,,
444612,8,10,13,-----1-------,1,,,,,,
444391,8,13,11,-----1-------,1,,,,,,
443332,2,6,13,-----1-------,1,,,,,,
443293,9,10,13,-----1-------,1,,,,,,
443260,8,2,13,--1----------,0,,,,,,
442770,8,13,10,------1------,1,,,,,,
441848,8,5,13,------1------,1,,,,,,
441804,12,13,7,------1------,0,,,,,,
441746,6,8,13,------1------,1,,,,,,
441380,9,13,5,-----1-------,1,,,,,,
441351,12,2,13,-----1-------,1,,,,,,
440486,8,13,8,-----1-------,1,,,,,,
439988,7,5,13,-----1-------,1,,,,,,
439943,9,12,16,-----1-------,1,,,,,,
438541,6,13,4,------1------,0,,,,,,
437535,10,13,2,-------1-----,0,,,,,,
436086,9,13,16,-----1-------,1,,,,,,
436058,10,2,13,------1------,0,,,,,,
436043,8,13,9,-----1-------,1,,,,,,
434696,9,6,13,-----1-------,1,,,,,,
434658,12,13,8,-----1-------,1,,,,,,
434609,8,11,13,-----1-------,1,,,,,,
434563,12,6,13,-----1-------,1,,,,,,
433487,8,1,13,-----1-------,1,,,,,,
433334,12,4,13,-----1-------,1,,,,,,
433305,8,4,13,-----1-------,1,,,,,,
431862,2,11,13,-----1-------,1,,,,,,
431832,12,5,13,-----1-------,1,,,,,,
431759,12,13,4,-------1-----,0,,,,,,
430425,12,13,5,-----1-------,1,,,,,,
430390,8,13,6,-----1-------,1,,,,,,
430091,9,13,5,-----1-------,1,,,,,,
428967,9,15,15,-----1-------,1,,,,,,
428942,2,13,1,-----1-------,1,,,,,,
428904,8,13,9,-----1-------,1,,,,,,
427565,12,8,13,-----1-------,1,,,,,,
427047,8,8,13,------1------,0,,,,,,
426850,8,5,13,------------1,0,,,,,,
426092,9,13,11,------1------,1,,,,,,
426029,7,6,13,------1------,1,,,,,,
424265,6,7,13,------1------,0,,,,,,
423152,2,13,6,-------1-----,0,,,,,,
423016,12,8,13,------------1,0,,,,,,
415599,8,10,13,------------1,0,,,,,,
414464,7,11,13,------1------,0,,,,,,
414462,12,12,16,------------1,0,,,,,,
413133,7,14,16,-----1-------,1,,,,,,
405652,6,13,6,------1------,1,,,,,,
405364,12,13,6,-------1-----,0,,,,,,
404407,3,1,13,------1------,0,,,,,,
402685,7,13,8,------------1,0,,,,,,
401146,8,6,13,------1------,1,,,,,,
398722,3,3,13,-----1-------,1,,,,,,
397277,8,9,13,-----1-------,1,,,,,,
395760,9,15,15,-----1-------,1,,,,,,
394112,8,13,6,-----1-------,1,,,,,,
394037,2,13,6,-----1-------,1,,,,,,
392638,8,10,13,-----1-------,1,,,,,,
392315,8,10,13,------1------,1,,,,,,
391529,8,10,13,-----1-------,1,,,,,,
391005,12,11,13,-----1-------,1,,,,,,
390888,12,13,5,------1------,1,,,,,,
390133,12,13,9,-----1-------,1,,,,,,
389998,8,7,13,-------1-----,0,,,,,,
389965,2,13,8,-------1-----,0,,,,,,
389575,8,13,9,------1------,1,,,,,,
389534,2,8,13,------1------,1,,,,,,
389486,8,6,13,------1------,1,,,,,,
389441,12,13,9,------1------,1,,,,,,
388220,2,13,11,-----1-------,1,,,,,,
388190,12,5,13,-----1-------,1,,,,,,
388139,9,13,6,-----1-------,1,,,,,,
387185,2,10,13,-----1-------,1,,,,,,
386889,8,13,1,------1------,1,,,,,,
386839,8,13,10,------1------,1,,,,,,
386796,12,8,13,------1------,1,,,,,,
386669,8,6,13,-----1-------,1,,,,,,
385638,8,15,15,------1------,1,,,,,,
385612,10,13,0,------1------,1,,,,,,
385568,12,3,13,------1------,1,,,,,,
385280,10,11,13,-------1-----,0,,,,,,
383997,8,13,5,-----1-------,1,,,,,,
383776,9,9,13,-----1-------,1,,,,,,
383741,12,13,7,-----1-------,1,,,,,,
383706,12,13,6,-----1-------,1,,,,,,
382889,8,5,13,-----1-------,1,,,,,,
382849,8,13,8,-----1-------,1,,,,,,
382668,2,9,13,-----1-------,1,,,,,,
382629,9,13,5,-----1-------,1,,,,,,
382553,8,13,6,------------1,0,,,,,,
382372,12,13,11,-----1-------,1,,,,,,
382335,2,13,8,-----1-------,1,,,,,,
381512,8,13,10,-----1-------,1,,,,,,
381144,9,7,13,-----1-------,1,,,,,,
380918,7,13,10,------1------,1,,,,,,
380887,8,4,13,------1------,1,,,,,,
380075,8,13,5,-----1-------,1,,,,,,
380031,9,13,11,-----1-------,1,,,,,,
379989,12,11,13,-----1-------,1,,,,,,
379705,3,6,13,------1------,1,,,,,,
379687,12,11,13,-----1-------,1,,,,,,
379675,2,4,13,------1------,1,,,,,,
379473,12,14,16,-----1-------,1,,,,,,
379424,8,11,13,-----1-------,1,,,,,,
378522,8,13,7,-----1-------,1,,,,,,
378489,8,7,13,-----1-------,1,,,,,,
378268,12,11,13,-----1-------,1,,,,,,
376755,2,5,13,-----1-------,1,,,,,,
376734,9,13,9,------------1,0,,,,,,
376717,3,13,6,-----1-------,1,,,,,,
376676,9,7,13,-----1-------,1,,,,,,
376621,12,13,11,-----1-------,1,,,,,,
376589,8,5,13,-----1-------,1,,,,,,
375785,8,13,4,-----1-------,1,,,,,,
375748,12,13,8,-----1-------,1,,,,,,
375661,8,11,13,-----1-------,1,,,,,,
375203,8,8,13,-----1-------,1,,,,,,
374173,8,13,11,-----1-------,1,,,,,,
374146,12,13,4,-----1-------,0,,,,,,
374089,8,13,11,1------------,0,28,15,2,108,50,1.65
373889,9,6,13,-------1-----,0,,,,,,
373675,12,9,13,-------1-----,0,,,,,,
372872,8,8,13,-----1-------,1,,,,,,
372847,12,13,2,-----1-------,1,,,,,,
372808,9,10,13,-----1-------,0,,,,,,
372784,8,13,1,-----1-------,0,,,,,,
372330,8,13,9,-----1-------,1,,,,,,
372286,2,13,8,-----1-------,1,,,,,,
372253,12,13,6,-----1-------,1,,,,,,
370819,9,8,13,-----1-------,1,,,,,,
369844,9,6,13,-----1-------,1,,,,,,
369412,6,13,11,------1------,0,,,,,,
369385,12,4,13,------1------,1,,,,,,
368550,12,6,13,-----1-------,1,,,,,,
368507,8,13,9,-----1-------,1,,,,,,
367012,12,6,13,-----1-------,1,,,,,,
366564,9,15,15,------1------,1,,,,,,
365307,8,13,6,-----1-------,1,,,,,,
365263,12,13,11,-----1-------,1,,,,,,
365230,8,5,13,-----1-------,1,,,,,,
365195,8,7,13,-----1-------,1,,,,,,
364264,8,10,13,11-----1-----,0,14,17,3,78,57,0.87
363768,8,13,16,-----1-------,1,,,,,,
362667,8,5,13,-----1-------,1,,,,,,
362638,9,13,6,-----1-------,1,,,,,,
362491,8,13,16,-----1-------,1,,,,,,
361430,8,13,7,-----1-------,1,,,,,,
361383,12,13,11,-----1-------,1,,,,,,
361339,8,13,11,-----1-------,1,,,,,,
361294,9,13,11,-----1-------,1,,,,,,
361121,8,8,13,1-----1----1-,0,15,18,4,94,47,0.97
361077,9,11,13,1-----1----1-,0,19,17,6,83,58,1.12
360804,12,13,11,-----1-------,1,,,,,,
360740,3,14,16,-----1-------,1,,,,,,
359866,9,9,13,-----1-------,1,,,,,,
359833,12,13,6,-----1-------,1,,,,,,
358418,9,16,13,-----1-------,1,,,,,,
358363,7,5,13,-----1-------,1,,,,,,
358093,12,8,13,-----1-------,1,,,,,,
358056,12,13,5,-----1-------,1,,,,,,
356495,12,16,12,------1------,1,,,,,,
355469,7,4,13,11----1------,0,16,15,2,90,44,1.19
355432,8,13,9,11-1--1------,0,22,16,6,116,50,1.54
355289,8,10,13,1------------,0,35,17,9,170,54,2.15
355277,2,13,8,-----1-------,1,,,,,,
355263,10,13,3,1------------,0,17,4,4,94,29,1.91
355233,8,8,13,-----1-------,1,,,,,,
354914,1,8,13,1------1---1-,0,23,15,3,101,39,1.49
354134,9,13,8,-----1-------,1,,,,,,
354068,10,13,6,-------1-----,0,,,,,,
354067,8,13,10,-----1-------,1,,,,,,
352579,9,15,15,------1------,1,,,,,,
352543,9,13,7,------1------,1,,,,,,
352504,3,13,9,------1------,0,,,,,,
352446,12,13,2,------------1,0,,,,,,
352423,12,13,8,------1------,1,,,,,,
352230,8,10,13,-----1-------,1,,,,,,
352202,8,13,5,1--1-------1-,0,21,5,4,104,43,1.89
352188,12,13,9,-----1-------,1,,,,,,
350701,3,10,13,------1------,1,,,,,,
350666,8,3,13,------1------,1,,,,,,
349757,8,10,13,-----1-------,1,,,,,,
349722,10,13,5,-----1-------,1,,,,,,
349172,6,13,3,------1------,0,,,,,,
348284,7,2,13,-----1-------,1,,,,,,
347797,2,14,16,------1------,1,,,,,,
347761,7,6,13,------1------,1,,,,,,
346340,8,13,8,------1------,1,,,,,,
345510,8,13,3,-----1-------,1,,,,,,
345475,9,13,9,-----1-------,1,,,,,,
345127,12,13,8,-----1-------,0,,,,,,
345097,8,13,6,-----1-------,0,,,,,,
344759,3,10,13,------------1,0,,,,,,
344267,6,13,5,-------1-----,0,,,,,,
344125,10,3,13,-----1-------,1,,,,,,
344073,8,13,6,-----1-------,1,,,,,,
343706,12,6,13,-----1-------,1,,,,,,
343675,8,13,6,-----1-------,1,,,,,,
343409,8,13,2,------1------,0,,,,,,
342060,7,13,10,------1------,1,,,,,,
341175,8,13,11,-----1-------,1,,,,,,
340625,3,13,9,------1------,1,,,,,,
340586,8,7,13,-----1-------,1,,,,,,
340362,2,11,13,-------1-----,0,,,,,,
339734,9,9,13,-----1-------,1,,,,,,
339680,6,13,8,-------1-----,0,,,,,,
339670,8,13,5,-----1-------,1,,,,,,
339650,8,8,13,-------1-----,0,,,,,,
339214,9,9,13,-----1-------,1,,,,,,
338285,8,6,13,-----1-------,1,,,,,,
338249,12,13,5,-----1-------,1,,,,,,
337738,8,10,13,------1------,1,,,,,,
336872,2,1,13,-----1-------,1,,,,,,
336836,8,8,13,-----1-------,1,,,,,,
336785,12,16,13,-----1-------,1,,,,,,
335268,12,13,10,-----1-------,1,,,,,,
335265,12,13,5,------1------,0,,,,,,
335226,8,13,10,-----1-------,1,,,,,,
335048,9,13,8,-----1-------,1,,,,,,
334980,9,13,9,-----1-------,1,,,,,,
333549,8,14,16,-----1-------,1,,,,,,
332527,1,3,13,1------1---1-,0,16,14,2,109,44,1.33
332496,1,2,13,1------1---1-,0,10,12,1,58,80,0.8
332478,12,15,15,-----1-------,1,,,,,,
332170,8,7,13,-----1-------,1,,,,,,
332046,7,10,13,------1------,1,,,,,,
331993,12,7,13,------1------,1,,,,,,
331960,8,13,2,------1------,1,,,,,,
331850,3,13,8,------1------,1,,,,,,
331034,8,8,13,-----1-------,1,,,,,,
330546,7,7,13,------1------,0,,,,,,
329613,8,13,16,-----1-------,1,,,,,,
325266,8,13,4,-----1-------,1,,,,,,
325225,8,7,13,------1------,1,,,,,,
325212,12,13,10,-----1-------,1,,,,,,
325154,8,13,5,------1------,1,,,,,,
324794,10,16,13,-----1-------,1,,,,,,
324762,2,7,13,-----1-------,1,,,,,,
323820,7,13,9,------1------,1,,,,,,
323731,8,7,13,-----1-------,1,,,,,,
323286,3,16,12,------1------,1,,,,,,
323250,12,13,3,------1------,1,,,,,,
323215,8,13,5,------1------,0,,,,,,
322519,2,13,5,-----1-------,1,,,,,,
322039,12,13,16,-----1-------,1,,,,,,
321974,2,8,13,-----1-------,1,,,,,,
321042,8,5,13,-----1-------,0,,,,,,
320965,8,9,13,-----1-------,0,,,,,,
320552,1,13,5,------1------,0,,,,,,
320506,8,3,13,------1------,0,,,,,,
320476,8,3,13,------1------,0,,,,,,
319288,8,13,2,--------1----,0,,,,,,
318923,7,13,11,------1------,1,,,,,,
318149,8,8,13,-----1-------,0,,,,,,
318077,9,8,13,-----1-------,1,,,,,,
315170,8,7,13,------1------,0,,,,,,
315153,8,13,8,-----1-------,1,,,,,,
315105,8,15,15,-----1-------,1,,,,,,
315068,2,13,10,-----1-------,1,,,,,,
313867,7,9,13,-----1-------,1,,,,,,
313840,9,1,13,-----1-------,1,,,,,,
313794,2,13,11,-----1-------,1,,,,,,
310815,10,8,13,-----1-------,1,,,,,,
309308,8,13,8,------1------,1,,,,,,
309212,3,13,6,------1------,1,,,,,,
307897,12,10,13,-----1-------,1,,,,,,
306475,2,13,2,1------1-----,0,14,7,5,91,50,1.64
306468,12,13,6,-----1-------,1,,,,,,
306439,8,3,13,11-1---------,0,8,15,5,57,63,0.62
306410,10,9,13,------1------,1,,,,,,
306405,9,2,13,11-1---1-1---,0,7,14,1,71,29,0.5
304673,10,13,5,-------1-----,0,,,,,,
303912,10,13,4,-----1-------,1,,,,,,
303865,7,11,13,-----1-------,1,,,,,,
303838,8,13,4,-----1-------,1,,,,,,
303804,9,13,8,-----1-------,1,,,,,,
303772,8,13,4,-----1-------,1,,,,,,
303723,2,9,13,-----1-------,1,,,,,,
303690,8,13,8,-----1-------,1,,,,,,
303668,12,2,13,-----1-------,1,,,,,,
303376,12,13,11,-----1-------,1,,,,,,
302050,8,9,13,------1------,1,,,,,,
302007,3,13,11,------1------,1,,,,,,
300714,2,7,13,-----1-------,1,,,,,,
300679,8,5,13,-----1-------,1,,,,,,
299326,8,6,13,1--1---1--1--,0,20,14,2,109,60,1.37
299230,8,10,13,------1------,0,,,,,,
297932,8,11,13,-----1-------,1,,,,,,
297917,10,16,14,------1------,1,,,,,,
296201,12,13,6,------1------,1,,,,,,
296165,8,13,6,------1------,1,,,,,,
296039,2,13,5,1-----1---1--,0,21,7,2,108,57,1.75
295003,10,7,13,-----1-------,1,,,,,,
294961,7,13,10,------1------,0,,,,,,
294639,9,6,13,-----1-------,1,,,,,,
294590,12,9,13,-----1-------,1,,,,,,
292247,9,13,9,-----1-------,1,,,,,,
290494,7,13,10,------1------,0,,,,,,
290440,12,14,16,------1------,1,,,,,,
287747,9,16,12,-----1-------,1,,,,,,
287711,8,13,8,-----1-------,1,,,,,,
287542,2,13,3,------1------,1,,,,,,
286373,12,13,11,-----1-------,1,,,,,,
286333,12,13,8,-----1-------,1,,,,,,
286292,8,13,9,-----1-------,1,,,,,,
284884,12,12,16,-----1-------,1,,,,,,
283463,8,14,16,-----1-------,1,,,,,,
283428,9,13,5,-----1-------,1,,,,,,
283391,8,13,7,-----1-------,1,,,,,,
282144,8,13,7,-----1-------,1,,,,,,
281829,3,13,1,------1------,1,,,,,,
280511,3,9,13,-----1-------,1,,,,,,
280496,8,8,13,------1------,1,,,,,,
279197,8,13,3,-----1-------,1,,,,,,
279142,2,10,13,-----1-------,1,,,,,,
279036,10,13,10,------1------,1,,,,,,
278975,7,15,15,------1------,1,,,,,,
278929,12,13,10,------1------,1,,,,,,
278812,8,7,13,------1------,1,,,,,,
277732,1,13,7,------1------,0,,,,,,
277706,8,13,8,-----1-------,1,,,,,,
277686,8,13,11,------1------,0,,,,,,
277626,2,13,7,-----1-------,1,,,,,,
277589,9,13,4,-----1-------,1,,,,,,
277578,1,13,3,1--1-------1-,0,14,5,6,90,57,1.72
276185,10,10,13,------1------,1,,,,,,
276160,8,13,1,------1------,1,,,,,,
276159,1,3,13,1--1-------1-,0,8,14,2,46,38,0.6
276148,8,9,13,-----1-------,1,,,,,,
276124,1,13,9,1--1-------1-,0,21,12,4,100,67,1.54
275887,12,5,13,-----1-------,1,,,,,,
274702,12,13,11,------1------,1,,,,,,
274418,8,4,13,-------1-----,0,,,,,,
274377,8,13,7,-------1-----,0,,,,,,
273461,12,6,13,-----1-------,1,,,,,,
273459,7,13,10,-1-----1-----,0,,,,,,
273427,9,13,9,-----1-------,1,,,,,,
273369,8,11,13,-----1-------,1,,,,,,
272027,12,13,9,-----1-------,1,,,,,,
271985,8,10,13,-----1-------,1,,,,,,
270539,2,7,13,-----1-------,1,,,,,,
270431,7,13,10,1------1---1-,0,22,15,2,89,32,1.42
270358,2,7,13,11-1-------1-,0,24,15,4,107,50,1.66
270275,12,13,8,-----1-------,1,,,,,,
267515,8,6,13,------1------,1,,,,,,
266069,8,13,11,1--1--11---1-,0,18,15,8,91,22,1.23
265742,8,10,13,1--1--1------,0,23,17,4,96,70,1.44
264574,7,7,13,1-----1------,0,33,14,1,121,61,2.17
264444,2,3,13,-----1-------,1,,,,,,
264415,9,2,13,-----1-------,1,,,,,,
264379,8,13,6,-----1-------,1,,,,,,
263562,8,13,11,-----1-------,1,,,,,,
263422,12,10,13,-----1-------,1,,,,,,
262842,8,13,5,-----1-------,0,,,,,,
260463,8,7,13,-----1-------,1,,,,,,
260425,9,10,13,-----1-------,1,,,,,,
257316,10,13,9,------1------,1,,,,,,
257280,8,7,13,------1------,1,,,,,,
256087,8,13,4,------1------,1,,,,,,
255936,8,13,7,------1------,1,,,,,,
254296,2,7,13,-------1-----,1,,,,,,
251880,12,7,13,-----1-------,1,,,,,,
251471,7,13,9,-----1-------,1,,,,,,
251442,8,3,13,-----1-------,1,,,,,,
250395,12,8,13,-------1-----,1,,,,,,
250359,8,13,9,-------1-----,0,,,,,,
247461,3,2,13,1-----11---1-,0,9,14,2,72,67,0.72
247418,8,13,8,11-1---1-----,0,11,11,3,60,64,1
245971,8,8,13,-----1-------,1,,,,,,
243156,12,5,13,-----1-------,1,,,,,,
243121,9,6,13,-----1-------,1,,,,,,
238849,8,4,13,1--1---1---1-,1,14,17,3,87,43,1.06
238817,8,13,3,1------1---1-,0,17,8,3,85,41,1.7
238680,8,7,13,------1------,0,,,,,,
238652,12,13,5,------1------,0,,,,,,
237281,9,5,13,------1------,1,,,,,,
237253,7,2,13,------1------,1,,,,,,
236004,9,16,12,------1------,1,,,,,,
235972,9,13,11,-----1-------,1,,,,,,
235969,8,4,13,------1------,1,,,,,,
235912,7,13,10,------1------,1,,,,,,
235509,8,13,8,-----1-------,1,,,,,,
233215,10,7,13,-----1-------,1,,,,,,
233127,8,16,12,-----1-------,1,,,,,,
233077,8,5,13,-----1-------,1,,,,,,
231722,7,13,10,1-----1------,0,27,15,5,110,37,1.65
231688,9,8,13,1-----1------,1,15,15,2,67,60,1.02
231183,8,13,10,------1------,0,,,,,,
230210,12,13,11,-----1-------,1,,,,,,
225819,8,6,13,-----1-------,1,,,,,,
225781,10,7,13,-----1-------,1,,,,,,
225738,8,13,10,-----1-------,1,,,,,,
224165,12,8,13,-----1-------,1,,,,,,
224123,8,13,6,-----1-------,1,,,,,,
224081,8,13,9,-----1-------,1,,,,,,
223099,8,10,13,-------1-----,0,,,,,,
223058,8,8,13,-------1-----,0,,,,,,
223014,8,13,10,-------1-----,0,,,,,,
223004,7,9,13,------1------,1,,,,,,
222962,8,13,9,------1------,1,,,,,,
222847,8,7,13,-----1-------,1,,,,,,
222807,10,9,13,-----1-------,1,,,,,,
222773,12,6,13,-----1-------,1,,,,,,
222730,8,13,8,-----1-------,1,,,,,,
222656,10,16,13,-----1-------,1,,,,,,
221268,9,13,4,------1------,1,,,,,,
221048,7,13,2,------1------,0,,,,,,
221010,7,6,13,------1------,0,,,,,,
218702,8,13,6,-----1-------,1,,,,,,
218666,12,13,8,-----1-------,1,,,,,,
217272,10,13,11,-----1-------,1,,,,,,
217235,9,8,13,-----1-------,1,,,,,,
214368,9,13,9,-----1-------,1,,,,,,
214340,9,13,4,-----1-------,1,,,,,,
214307,12,13,4,-----1-------,1,,,,,,
214207,12,16,14,-----1-------,1,,,,,,
213022,8,6,13,1------1-----,1,11,14,4,68,64,0.99
212994,7,13,3,1------1-1---,0,14,5,4,89,79,1.65
212968,10,13,1,1------1-1---,0,15,7,3,111,53,1.79
212859,10,13,10,--------1----,0,,,,,,
212647,2,13,3,-----1-------,1,,,,,,
211551,12,13,4,-----1-------,1,,,,,,
211497,9,11,13,-----1-------,1,,,,,,
210036,10,13,6,-----1-------,1,,,,,,
209613,8,13,9,1-----1------,0,16,11,10,90,31,1.4
208600,8,10,13,-----1-------,1,,,,,,
207237,8,13,4,1-----11--1--,0,14,10,3,86,50,1.27
207181,8,15,15,1-----11--1--,1,21,18,5,72,24,1.14
207124,9,16,13,-----1-------,1,,,,,,
207070,8,13,8,-----1-------,1,,,,,,
207015,8,13,2,-----1-------,0,,,,,,
205690,8,13,6,-----1-------,1,,,,,,
204176,9,4,13,-----1-------,1,,,,,,
204130,8,13,10,-----1-------,1,,,,,,
204092,9,7,13,-----1-------,1,,,,,,
204051,9,9,13,-----1-------,1,,,,,,
202352,2,13,8,-----1-------,1,,,,,,
199883,10,16,13,-----1-------,1,,,,,,
199852,12,13,4,-----1-------,1,,,,,,
199744,7,13,10,------1------,1,,,,,,
198505,8,10,13,-----1-------,1,,,,,,
198426,8,10,13,-----1-------,1,,,,,,
198107,8,9,13,------1------,1,,,,,,
197117,9,15,15,-----1-------,1,,,,,,
197082,9,13,9,-----1-------,1,,,,,,
197046,12,13,8,-----1-------,1,,,,,,
197044,8,0,13,------1------,1,,,,,,
197013,2,13,6,------1------,1,,,,,,
194229,12,1,13,------1------,1,,,,,,
194189,9,9,13,-----1-------,1,,,,,,
194158,12,13,4,-----1-------,1,,,,,,
194054,7,14,16,------1------,1,,,,,,
193984,8,13,9,-----1-------,1,,,,,,
193932,8,8,13,-----1-------,1,,,,,,
193918,12,13,5,1------1--1--,0,19,8,2,108,47,1.84
193885,7,4,13,11-----1--1--,0,15,15,2,100,67,1.21
193806,12,1,13,-----1-------,1,,,,,,
192797,3,10,13,------1------,1,,,,,,
192538,8,16,13,-----1-------,1,,,,,,
192502,12,13,5,-----1-------,1,,,,,,
192464,8,13,11,-----1-------,1,,,,,,
192415,10,13,10,-----1-------,1,,,,,,
191782,6,13,4,1------1-----,0,10,12,5,57,10,0.88
191745,7,13,3,1------1-----,0,15,9,8,103,73,1.69
191501,8,9,13,-----1-------,1,,,,,,
191440,8,13,9,-----1-------,1,,,,,,
191400,8,5,13,-----1-------,1,,,,,,
191347,9,16,14,-----1-------,1,,,,,,
190816,10,14,16,------1------,1,,,,,,
188427,8,13,11,------1------,1,,,,,,
186918,8,13,2,1-----1------,0,12,8,3,101,67,1.41
184008,8,5,13,1------1-----,1,7,15,4,46,71,0.49
182881,8,16,13,-----1-------,1,,,,,,
182838,12,13,9,-----1-------,1,,,,,,
182803,10,7,13,-----1-------,1,,,,,,
182763,9,9,13,-----1-------,1,,,,,,
182731,9,13,8,-----1-------,1,,,,,,
177888,12,13,5,------1------,1,,,,,,
176871,9,13,8,1-----1------,1,16,15,10,97,50,1.3
176297,8,10,13,------1------,0,,,,,,
175038,8,11,13,------1------,0,,,,,,
172542,12,6,13,-----1-------,1,,,,,,
172512,9,13,6,-----1-------,1,,,,,,
169340,8,14,16,-----1-------,1,,,,,,
167671,8,9,13,------1------,0,,,,,,
166892,8,9,13,11-----1-----,0,25,16,1,103,52,1.53
166460,12,13,10,-----1-------,1,,,,,,
166422,8,13,7,-----1-------,1,,,,,,
166380,10,13,10,-----1-------,1,,,,,,
165407,8,13,8,1------1-----,0,20,10,4,91,30,1.58
165376,2,4,13,1--1---1-----,0,13,14,5,83,85,1.14
164953,8,13,9,------1------,0,,,,,,
163754,9,9,13,-----1-------,1,,,,,,
162674,8,11,13,-----1-------,1,,,,,,
162646,12,13,3,-----1-------,1,,,,,,
162604,9,13,4,-----1-------,1,,,,,,
162577,12,13,4,-----1-------,1,,,,,,
162512,8,16,14,-----1-------,1,,,,,,
162105,8,13,8,------1------,0,,,,,,
162065,8,9,13,------1------,0,,,,,,
158995,8,13,7,------1------,0,,,,,,
99107,8,13,9,1--1---1-----,0,19,13,3,82,63,1.38
98863,8,4,13,------------1,0,,,,,,
98549,8,13,3,------1------,0,,,,,,
97642,6,13,5,--------1----,0,,,,,,
